词语,计数
"
",153
条例,78
养老金,76
物业管理,64
政策,59
计划生育,52
招标,39
产假,38
基本,38
办法,30
计生,29
文件,28
小孩,28
服务,27
法规,27
查询,27
招投标,27
执行,26
情况,25
生育,24
目前,24
行政复议,24
物业,24
人口,24
管理,23
实施,23
深圳经济特区,23
要求,22
法律,22
网上,22
活动,22
发布,22
津贴,22
退休,20
投标,20
废止,20
国家,20
入户,20
委员会,19
户口,19
出台,19
通知,19
生产,19
交易中心,19
安全,19
计算,18
征求意见,17
意见,17
土地,17
罚款,17
增加,16
政府,16
行业,16
管理局,16
随迁,16
地方,15
时间,15
内容,15
二胎,15
家庭,15
以下,15
认为,14
超生,14
社会,14
失业,14
法制,14
规划,14
建设,14
业主,14
晚育,14
期间,14
积分,13
安监,13
正式,13
社保局,13
标准,13
7429.25,13
行政,13
补充,13
特区,13
备案,13
证明,13
专家,13
招标人,13
方式,13
提交,12
法院,12
执法,12
应急,12
工龄,12
提取,12
支付,12
法制办,12
之前,12
编号,12
人员,12
业主大会,12
依据,12
预案,12
修订,12
号令,12
领导,12
进入,12
评标,12
评审,12
1947.7,12
规模,12
处理,12
机构,11
符合,11
具体,11
组织,11
费用,11
实行,11
社区,10
基金,10
违法,10
子女,10
应该,10
迁入,10
养老保险,10
深圳市人民政府,10
社会保险,10
监察,10
深户,10
领取,10
工资,10
定标,10
高龄,9
选聘,9
征集,9
是不是,9
必须,9
总额,9
尽快,9
编制,9
放开,9
公开,9
主管部门,9
这种,9
交易,9
缴费,9
以上,9
取消,9
公布,9
房子,9
无法,9
应当,9
申请人,9
不是,9
程序,9
市场,9
日前,9
征收,9
市政府,9
属于,9
确定,9
享受,9
规范,9
广东省,9
决定,9
知道,9
印刷,8
龙岗,8
公告,8
养老,8
出生,8
违反,8
明确,8
高级职称,8
办公室,8
村民,8
日期,8
监督,8
处罚,8
老家,8
生活,8
个人,8
给予,8
我市,8
总局,8
解答,8
街道,8
员工,8
前期,7
发现,7
采用,7
学生,7
分红,7
社局,7
累计,7
继续,7
维护,7
予以,7
超过,7
一年,7
周岁,7
购买,7
过户,7
今年,7
信息,7
抚养费,7
保障,7
报销,7
协议,7
学位,6
居民,6
审批,6
导致,6
历年,6
指导,6
方法,6
受理,6
依然,6
到底,6
提起,6
信访件,6
完成,6
提供,6
区日,6
地址,6
年限,6
报区,6
孩子,6
二孩,6
规章,6
股份公司,6
账户,6
责任,6
计委,6
解决,6
补贴,6
行为,6
中标人,6
机关,6
第十一条,6
两个,6
理解,6
不知,6
盼复,6
生效,6
购房,6
专业,6
违法行为,6
服务中心,6
事项,6
颁布,6
月份,6
五年,6
有利于,6
有效,6
不予,5
附表,5
缴交,5
就业,5
结婚证,5
依法,5
经费,5
资格,5
约定,5
作出,5
网络,5
左右,5
希望,5
鼓励,5
不要,5
网站,5
上位法,5
网络游戏,5
发放,5
发展,5
辖区,5
号文,5
负责,5
一孩,5
停车场,5
进一步,5
一家,5
当时,5
适用,5
一栋,5
学习,5
采取,5
能否,5
附件,5
宝安,5
修正,5
日起,5
上述,5
之日起,5
收到,5
提出,5
权威,5
有没有,5
中有,5
承担,5
主体,5
所属,5
案件,5
现场,5
主要,5
律师,5
查封,5
监管,5
待遇,5
所有,5
收费,5
说明,4
负责人,4
机械制造,4
构建,4
财政部,4
条及,4
合同,4
合计,4
基层,4
在职人员,4
商贸,4
向市,4
坝光,4
证据,4
拨入,4
员工工资,4
负担,4
周期,4
评估,4
认定,4
影响,4
授权,4
适用法律,4
是非,4
麻烦,4
马上,4
文本,4
改变,4
错误,4
采集,4
制定,4
制度,4
制造,4
造成,4
办事处,4
有无,4
本次,4
劳动,4
迟迟,4
医疗保险,4
十分明确,4
收养,4
卫生,4
提高,4
轻工,4
身份,4
参保,4
拆除,4
赔偿,4
本属,4
夫妻,4
担保,4
小区,4
明年,4
户籍,4
综合,4
结束,4
派出所,4
深圳特区,4
深府,4
履行,4
工业,4
爱人,4
片面,4
得知,4
第二个,4
示范,4
市民,4
得到,4
年度,4
矛盾,4
看到,4
省市,4
疑虑,4
建议,4
建设局,4
建设工程,4
强制,4
小型,4
尊敬,4
查车,4
房东,4
标题,4
复议,4
多次,4
归入,4
如下,4
补缴,4
补助,4
投标人,4
街道办,4
获得,4
艰难,4
安全事故,4
至今,4
完善,4
联系电话,4
正在,4
母亲,4
职责,4
老百姓,4
实施细则,4
1.5,4
老婆,4
审议,4
所在地,4
对本,4
减少,4
龙岗区,4
一步,4
专项经费,4
中标,4
一定,4
一户,4
全面,4
入学,4
下来,4
下文,4
允许,4
万元,4
两点,4
不会,4
7964.25,4
做法,4
4922.55,4
一名,4
停车位,4
以后,4
1947.70,4
以明,4
候选人,4
全国,4
不得,4
停放,4
2014.06,4
提问,3
不到,3
债权人,3
第一胎,3
第一个,3
再次,3
竞争机制,3
委托,3
假期,3
秋季,3
享有,3
妈妈,3
福利,3
社规,3
确认,3
硕士生,3
第二条,3
纠纷,3
债务人,3
人才,3
投资,3
报名,3
博士生,3
报告,3
报道,3
即将,3
抽签,3
公安部门,3
拖欠,3
完毕,3
维权,3
不再,3
统一,3
原来,3
安置,3
细化,3
接收,3
纳入,3
研究,3
措施,3
发出,3
债务,3
各方,3
监护人,3
女职工,3
核算,3
中华人民共和国,3
普通,3
为主,3
暂行办法,3
困难,3
曾多次,3
民生,3
外嫁,3
最新,3
复核,3
有变,3
标的,3
相应,3
有序,3
之后,3
查看,3
查明,3
处理完毕,3
了解,3
停车,3
填写,3
权益,3
机训,3
基数,3
回老家,3
回执,3
流程,3
春节,3
合理,3
教育,3
股东,3
名下,3
夫人,3
电话,3
新建,3
新证,3
大队,3
用人单位,3
业务,3
生二胎,3
周末,3
大概,3
方面,3
交警大队,3
父亲,3
早已,3
早期,3
湖南,3
商品房,3
深圳市政府,3
深人,3
职工,3
停车费,3
还要,3
贵办,3
恳请,3
重新,3
重要,3
路口,3
意义,3
起诉,3
小学,3
资金,3
门下,3
保留,3
出国,3
一个月,3
出售,3
保安,3
调解,3
调增,3
说法,3
出具,3
关系,3
4499.55,3
邮箱,3
开展,3
送审稿,3
开车,3
5633.55,3
选择,3
违规,3
违背,3
具体办法,3
刚好,3
创新,3
分离法,3
开走,3
分局,3
侵权,3
分中心,3
遵守,3
征求,3
侄子,3
加上,3
分配,3
若干,3
被申请人,3
额是,3
年龄,3
找到,3
解释,3
难产,3
审查,3
打印,3
良性,3
准备,3
包括,3
自行,3
我要,3
一胎,3
非常,3
仍然,3
200.00,3
设施,3
信箱,3
工作人员,3
评定,3
补休,3
能力,3
服务费,2
年代,2
交完,2
广州市,2
时段,2
开标,2
期房,2
日常,2
期满,2
无需,2
平方米,2
住房补贴,2
时间段,2
显示,2
交出,2
有所,2
最近,2
低于,2
住宅,2
最低工资,2
施行,2
广东,2
并案,2
并未,2
暂行规定,2
二是,2
年前,2
建立,2
建筑物,2
有权,2
有限公司,2
朋友,2
建设者,2
农业户口,2
开具,2
住宅区,2
废除,2
投标法,2
交警部门,2
产妇,2
成功,2
产生,2
成员,2
提告,2
提及,2
我人,2
我家,2
提升,2
提前,2
我该,2
截止,2
代表,2
推进,2
推荐,2
房款,2
房管局,2
接受,2
人区,2
所谓,2
期限,2
才能,2
打款,2
批准,2
拍卖,2
抽取,2
把关,2
人生,2
成人,2
以前,2
方便,2
搬迁,2
新闻,2
异地,2
新规,2
新版,2
强制执行,2
当事人,2
新区,2
当前,2
当天,2
今天,2
整体,2
数额,2
数量,2
征询,2
教育局,2
性别,2
交通事故,2
攻读,2
恶意,2
您们好,2
改革,2
改为,2
收据,2
产后,2
支持,2
意味着,2
撤消,2
人大常委会,2
环境,2
期限内,2
草案,2
落地,2
葵涌,2
一是,2
补领,2
表示,2
见到,2
觉得,2
警察,2
警戒线,2
计算方法,2
认证,2
讨论,2
证明书,2
一位,2
诈骗,2
试行,2
该区,2
莫需,2
能管,2
财政,2
能够,2
结合,2
结算,2
给出,2
下午,2
下列,2
上班,2
上次,2
罗湖,2
罚单,2
群体,2
上交,2
考取,2
考虑,2
考试,2
联系地址,2
股权,2
三人,2
调查,2
qq,2
未婚先孕,2
邮寄,2
里面,2
银行,2
长发,2
队员,2
限制,2
除外,2
难度,2
难道,2
颁布实施,2
预售,2
2016.1,2
2014.07,2
驾驶证,2
131.15,2
龙华,2
龙华区,2
10.00,2
385.55,2
邀请书,2
com,2
通知书,2
越来越,2
身份证号,2
较大,2
F3,2
过去,2
过渡性,2
运营商,2
近期,2
还会,2
这一,2
这项,2
进度,2
724.00,2
6870.25,2
违约,2
退出,2
507.00,2
经营,2
细则,2
下面,2
法人,2
中心,2
注册,2
注明,2
消息,2
涉及,2
两项,2
深建,2
清理,2
激励,2
爬山,2
两年,2
两孩,2
两区,2
市场竞争,2
现将,2
现想,2
生日,2
为准,2
沟通,2
组成,2
每月,2
事件,2
事业单位,2
材料,2
村委,2
村里,2
条文,2
条款,2
构成,2
构筑物,2
查处,2
书面,2
查阅,2
检察院,2
正是,2
此类,2
此致敬礼,2
每人,2
生物谷,2
用地,2
申请书,2
申请表,2
离婚,2
不合理,2
稳定,2
窗口,2
竞争,2
第一款,2
第七十四条,2
第二天,2
第二胎,2
等待,2
简称,2
不准,2
类似,2
粤人,2
紧张,2
不便,2
组建,2
福田区,2
福田,2
不好,2
盖章,2
申领,2
电子邮箱,2
电脑,2
百分之,2
百姓,2
监护,2
专门,2
直接,2
社发,2
直至,2
相冲突,2
相当,2
真的,2
不满,2
研究生,2
硕士学位,2
住院,2
打开,2
制止,2
卖房,2
做出,2
对方,2
修订稿,2
层面,2
好事,2
公平,2
保释金,2
各项,2
六十日,2
取得,2
基敬,2
四周,2
基础,2
保险,2
单据,2
唯学,2
合格,2
利用网络,2
别人,2
山代,2
多久,2
媒体,2
因素,2
就要,2
哪种,2
债务纠纷,2
字样,2
对待,2
加以,2
出面,2
国有企业,2
回避,2
只能,2
回来,2
只见,2
对外,2
加强,2
国际,2
出生证明,2
办事,2
加盖,2
出生年月,2
发生,2
南山区,2
公立医院,2
前置,2
判决,2
出来,2
在内,2
到位,2
参照,2
实际,2
定额,2
公示,2
天数,2
关心,2
作废,2
半年,2
再婚,2
已于,2
原先,2
地点,2
双方,2
反映,2
大家,2
已入,2
光明,2
大厦,2
实现,2
信访,2
公民,2
农民工,2
修改,2
宝安区,2
小计,2
安居,2
审核,2
你们好,2
对此,2
受害人,2
宅基地,2
失去,2
儿童,2
封路,2
合法,2
公园,2
国内,2
城镇,2
和谐,2
公章,2
刻意,2
定比,2
合适,2
协会,2
吉光华,2
反而,2
儿子,2
受到,2
保俭,2
下发,1
上诉,1
原则上,1
原地,1
续聘,1
下级机关,1
原拟,1
经由,1
参读,1
参考,1
细看,1
终于,1
终生,1
经办,1
经历,1
经济,1
经济特区,1
经理,1
下降,1
继承,1
公安机关,1
结婚,1
下称,1
结构,1
参与,1
结论,1
绕行,1
去除,1
去年,1
原有,1
上访,1
市人,1
缴清,1
单数,1
苦苦,1
公正,1
节假日,1
万多元,1
协调,1
良好,1
船舶,1
至少,1
三个,1
单一,1
腾讯,1
腐败,1
脱钩,1
脑袋,1
单一制,1
荣誉,1
华译,1
万分之,1
七月,1
补交,1
升级,1
一致,1
衔接,1
一览表,1
行政处罚,1
行为规范,1
获罪,1
行为准则,1
万分,1
半点,1
落实,1
华建,1
营运,1
能查,1
单纯,1
缴纳,1
育有,1
博胜,1
及时,1
老人,1
公明,1
群众,1
上学,1
历史,1
罕见,1
网页,1
上报,1
压力,1
压抑,1
网摘,1
上班族,1
上级,1
老年人,1
上个月,1
博士学位,1
南下,1
肯定,1
三分之二,1
股份,1
卖方,1
三是,1
联系方式,1
三级,1
南环,1
南山,1
职员,1
耒历,1
耍弄,1
考证,1
考虑一下,1
上午,1
发改委,1
及第,1
全家,1
石岩,1
石头,1
不服,1
知晓,1
知情,1
知悉,1
真正,1
各界人士,1
真实,1
真不知道,1
看待,1
看守,1
不用,1
看中,1
合作,1
各区,1
省政府,1
不少,1
禁止,1
票决,1
可知,1
可能性,1
可行,1
不小,1
社会各界,1
不愿,1
社会公众,1
不已,1
全部,1
不想,1
全文,1
确实,1
看一,1
不由,1
可依,1
电脑主机,1
专项资金,1
留守,1
留学人员,1
畅通,1
男孩,1
后期,1
后果,1
病假,1
后续,1
后面,1
向区,1
世界,1
听取,1
申报,1
疑问,1
后原,1
省及,1
不见,1
不罚,1
相继,1
合法权益,1
合理合法,1
合理性,1
合议,1
专职,1
名称,1
监控,1
吊销,1
名义,1
名单,1
皮草,1
百忙中,1
禁止性,1
福华,1
纸质,1
不分青红皂白,1
签收,1
签合同,1
公务员,1
第十五条,1
第十二条,1
第十二届,1
发文,1
签订,1
第二款,1
公允,1
第二十四条,1
第二十八条,1
第二十五条,1
第二十三条,1
签署,1
补偿,1
第三十五条,1
反馈,1
纵观,1
双胞胎,1
双轨制,1
红头文件,1
纠正,1
繁忙,1
系统,1
简述,1
精准,1
发函,1
管辖,1
公告送达,1
管理制度,1
发改,1
不利,1
第三十一条,1
召开,1
不同,1
另一方,1
移交,1
称之为,1
称为,1
积极参与,1
积极,1
秩序,1
变相,1
科技,1
科学性,1
科学,1
秋香,1
另行,1
私利,1
程度,1
稿及,1
第七日,1
符合国家,1
发生冲突,1
发货,1
第一章,1
发达,1
发送,1
符合条件,1
章于,1
空白,1
竞标,1
竞争能力,1
全额,1
立法,1
立场,1
突然,1
千万家,1
解读,1
一种,1
适宜,1
道路,1
道理,1
遏制,1
分别,1
速度,1
分布,1
500.00,1
通报批评,1
通告,1
途径,1
逐步,1
分户,1
分置,1
适用范围,1
5471.55,1
刁难,1
遵循,1
避免,1
配置,1
内乱,1
释义,1
采购,1
采纳,1
423.00,1
醒目,1
配合,1
避免出现,1
部分,1
邮编,1
出路,1
邮政,1
出院,1
那到,1
549.00,1
送货,1
补办,1
分钟,1
违停,1
违例,1
初育,1
进展,1
进出,1
7419.25,1
判决书,1
这部,1
这类,1
这篇,1
这笔,1
830.00,1
这款,1
这条,1
这有,1
初婚,1
初三,1
6447.25,1
迫切希望,1
列为,1
退休金,1
列举,1
追补,1
追究,1
追溯到,1
600.00,1
违章,1
连续,1
违规行为,1
列入,1
列出,1
违约金,1
刚停,1
重复,1
出炉,1
重男轻女,1
鉴定,1
减化,1
减去,1
领了,1
预计,1
内心,1
几个,1
几天,1
2017.3,1
颁发,1
顺次,1
顺利,1
顺从,1
面对,1
非法,1
几年,1
准妈妈,1
风险,1
首页,1
魏F,1
农村,1
农村户口,1
齐全,1
100.00,1
黄夕华,1
农民房,1
冤枉,1
2005.5,1
冲突,1
高级,1
高科技,1
骗钱,1
验伤,1
驾驶,1
非婚生子,1
需求,1
集团,1
镇上,1
阅读,1
问下,1
门口,1
出嫁,1
长短,1
出手,1
锻炼,1
队伍,1
341.00,1
错有,1
银行贷款,1
出本,1
铁皮,1
针对,1
阐述,1
内向,1
集体户,1
随造,1
几次,1
难言,1
凭证,1
难到,1
出于,1
隐患,1
313.00,1
阻挠,1
出入口,1
出其,1
降低,1
331.00,1
339.00,1
阻止,1
这是,1
这么久,1
利弊,1
详见,1
设备,1
许可证,1
劳动局,1
讨薪,1
劳动部,1
认真学习,1
一员,1
认可,1
一周,1
包含,1
一头雾水,1
计生委,1
一字,1
计法,1
一孩随,1
劳动合同,1
设计,1
设限,1
试用期,1
详尽,1
该负,1
该是,1
该房,1
询问,1
诚意,1
试用,1
证已,1
加入,1
一再,1
加班费,1
一切顺利,1
一台,1
证时,1
计发,1
计划表,1
北站,1
要变,1
一拍,1
一揽子,1
覆盖,1
要闻,1
一方,1
要待,1
装修,1
一律,1
被迫,1
医院,1
十一,1
十分,1
一次性,1
千万,1
医疗,1
规范化,1
计划,1
解释一下,1
计分,1
区分,1
区域,1
警告,1
警卫,1
解除,1
公立,1
医保,1
由市,1
一年级,1
解散,1
解封,1
一张,1
角度,1
详细,1
详释,1
近年来,1
误认为,1
转型,1
转入,1
车辆通行,1
车辆管理,1
车牌号,1
车太多,1
车位,1
T0D956,1
路段,1
制裁,1
超龄,1
XXX,1
cn,1
起草,1
起至,1
轮值,1
轮训,1
Schedule,1
到期,1
其上,1
运营,1
过错,1
过程,1
到庭,1
941.00,1
迁来,1
轻微伤,1
迁回,1
A座,1
辱骂,1
辜负,1
关注,1
制度化,1
起来,1
赶紧,1
赡养,1
课时,1
调高,1
公证书,1
调控,1
调户,1
办到,1
调取,1
读书,1
谨请,1
请求,1
请教,1
办好,1
一份,1
说好,1
说变,1
谣言,1
谴责,1
赖着,1
前生,1
前提,1
共产党员,1
fzb,1
资产,1
gov,1
前沿阵地,1
sz,1
一二年,1
货发,1
xa50261447833,1
一个多月,1
财政部门,1
一个男孩,1
一事,1
由此,1
现代,1
用来,1
抢生,1
完结,1
拖延,1
拐卖妇女,1
拍照,1
官官相护,1
人次,1
人民政府,1
修正稿,1
抽空,1
抹黑,1
抵抗,1
人民法院,1
报请,1
报复陷害,1
修正案,1
修订案,1
人太多,1
修订版,1
按揭,1
损失,1
振华路,1
按程序,1
按理,1
按时,1
按旧,1
按原,1
招调工,1
指标,1
指引,1
挂号信,1
挂出,1
拿到,1
人大,1
实名制,1
人群,1
代理,1
今年年初,1
打架斗殴,1
仔细,1
打官司,1
客观,1
打卡,1
宣判,1
手表,1
手段,1
手机号,1
仔细阅读,1
付定金,1
付款,1
所在,1
所交,1
容忍,1
客户服务,1
打电话,1
托管,1
承办,1
抓手,1
技术秘密,1
技术人员,1
技术,1
承诺,1
信息卡,1
批转,1
扣车,1
批复,1
批发,1
保险金,1
扩大,1
从事,1
从小,1
换证,1
授予,1
人力资源,1
掌握,1
效率,1
政策法规,1
女儿,1
交通安全,1
政务,1
放行,1
放弃,1
交通管理,1
放在,1
女性,1
改革开放,1
改成,1
交通规则,1
产下,1
如多大,1
教师,1
契税,1
头条,1
做到,1
太白路,1
交费,1
文明,1
交通,1
文书,1
整整,1
失信,1
教高,1
数目,1
数字,1
敬责,1
敬请,1
敬职,1
散步,1
收回,1
收取,1
收发,1
借债,1
提倡,1
人为,1
人事部,1
描述,1
描叙,1
措辞,1
推动,1
提到,1
安居房,1
安排,1
接下,1
排序,1
排名,1
排列,1
亲生父母,1
孩的,1
产业,1
摆卖,1
如实,1
支队,1
如要,1
产品,1
妻子,1
摩托艇,1
携带,1
借钱,1
姓名,1
搞错,1
援助,1
委托收款,1
娱乐,1
学习年限,1
寄出,1
房地产,1
新安,1
应试,1
开放,1
开庭,1
履行合同,1
山接,1
优先购买,1
会同,1
会议,1
会议纪要,1
崇拜者,1
建筑,1
巡查,1
建一,1
延长,1
巡防,1
伤害,1
履职,1
依序,1
依法治国,1
引进,1
归定,1
归咎,1
休闲活动,1
强占,1
优先,1
引进人才,1
引致,1
开除,1
引导,1
引入,1
引以为傲,1
弓村,1
弄块,1
居住,1
位号,1
应由区,1
房价,1
位置,1
余下,1
平台,1
常务会议,1
帮助,1
带来,1
已交,1
布吉,1
体制,1
市场需求,1
已育,1
市场秩序,1
市场化,1
市场价,1
市场主体,1
何在,1
年会,1
年底,1
住户,1
广场,1
应对,1
应为,1
广泛,1
工业区,1
广州,1
广大,1
工作站,1
年满,1
工作部门,1
工商部门,1
工薪,1
并于,1
作用,1
工资管理,1
尽早,1
当地,1
当地政府,1
就行,1
保护,1
懒政,1
感受,1
意识,1
意见反馈,1
尊重,1
保卫工作,1
意味,1
想法,1
想以,1
惩罚性,1
惩罚,1
情形,1
以区,1
小轿车,1
成因,1
成本,1
我下,1
截然不同,1
房产,1
房主,1
代理费,1
对原,1
户型,1
令后,1
对坝光,1
我于,1
或入,1
我见,1
我求,1
以下几点,1
我局,1
我国,1
少交,1
恐怕,1
恐吓,1
份份,1
仲裁,1
仲裁委,1
促进,1
征稿,1
任务,1
就算,1
往返,1
很大,1
休假,1
形象,1
形成,1
形式,1
录用,1
休闲,1
很多,1
以此为由,1
少儿,1
怀上,1
总数,1
以外,1
性质,1
少地,1
急需,1
怀孕,1
忽悠,1
得不到,1
以往,1
必要,1
心痛,1
尚未,1
以本,1
得交法,1
新发,1
天讯,1
用工,1
每年,1
没经,1
没什么,1
固定,1
沉迷于,1
汪雪林,1
江苏,1
求偿,1
水平,1
民警,1
民意,1
民地,1
民众,1
比较关心,1
比较,1
比例,1
没能,1
困惑,1
团聚,1
回邮,1
流动人口,1
个人信用,1
个人资料,1
中介,1
注册号,1
法顾,1
因在,1
法定期限,1
法条作,1
法律责任,1
法律法规,1
法律效力,1
因由,1
法庭,1
国务院,1
元月,1
地区,1
为名,1
根据上述,1
土生土长,1
核对,1
核实,1
样本,1
举措,1
义务,1
在此期间,1
在线,1
查询电话,1
之忍,1
查核,1
在职员工,1
查无,1
查找,1
根本,1
主张,1
案列,1
此后,1
段时间,1
残废,1
此项,1
国家教育委员会,1
国家机关,1
此新规,1
为此,1
案子,1
正常,1
为难,1
欠款,1
概念,1
楼盘,1
案情,1
回国,1
流程图,1
测评,1
海上,1
现有,1
和谐社会,1
两人,1
现售,1
现到,1
市人大,1
咨询服务,1
独户,1
犯罪,1
特种,1
特点,1
特殊,1
特此通知,1
特想,1
哪一条,1
现行,1
现要,1
现请,1
业务主管,1
听说,1
用作,1
告诉,1
业内,1
入口,1
先例,1
生存,1
理据,1
生子,1
东村,1
充分认识,1
理论,1
两万,1
理由,1
特别,1
物价局,1
两句,1
两胎,1
清单,1
深龙府,1
两条,1
喜欢,1
两次,1
噩梦般,1
四口,1
清缴,1
深化,1
深价,1
四年,1
回个,1
消防通道,1
回去,1
兄弟姐妹,1
渠道,1
物业公司,1
点好,1
两名,1
哪些项目,1
父母,1
售前,1
唯一,1
烦请,1
点多,1
游戏,1
灵活,1
满足,1
满意,1
滞纳金,1
滞后,1
唯有,1
地价,1
某地,1
新房,1
时侯,1
交付使用,1
是因为,1
是从,1
交代,1
多渠道,1
多种,1
明文禁止,1
交办,1
时限,1
时间表,1
多谢,1
多长,1
时过,1
时点,1
够用,1
停下,1
晚上,1
多方,1
曾经,1
复查,1
最终,1
停业,1
最小,1
最后,1
外地,1
外省,1
普莱达,1
更有甚者,1
更换,1
更加,1
多万,1
多个,1
景园,1
时才,1
大众,1
偿债,1
大厅,1
无果,1
无家可归,1
大学毕业,1
大而空,1
方案,1
交谈,1
方向,1
大肆宣扬,1
新闻网,1
大量,1
天来,1
天津市,1
新法,1
新旧,1
新政,1
无比,1
大失所望,1
无疑,1
日才,1
早就,1
早上,1
旧法,1
交房,1
交易平台,1
日晚,1
日向,1
大多数,1
日去,1
交涉,1
日内,1
日以,1
日为,1
无非,1
亚军,1
月工资,1
月底,1
有人,1
权利,1
城镇职工,1
机率,1
争议,1
事业,1
机动车,1
城黄阁,1
本车,1
本身,1
基于,1
本村,1
本本,1
本市,1
事实上,1
未见,1
权力,1
争取,1
权威机构,1
买卖合同,1
书面形式,1
极大,1
松宝,1
杳无音信,1
来自,1
地方性,1
买房,1
权衡,1
束缚,1
坂田,1
健康,1
城市规划,1
村内,1
城建局,1
未能,1
未满,1
未来,1
有待,1
停产,1
有时候,1
备注,1
二路,1
有所准备,1
复印件,1
复婚,1
有法不依,1
有失公允,1
复杂,1
互联网,1
有偿,1
有余,1
有何,1
二十五日,1
有用吗,1
健华,1
塘朗,1
未婚,1
未交,1
事故,1
期盼,1
堵塞,1
期望,1
期休,1
有钱人,1
塘朗山,1
服务质量,1
事由,1
二个,1
处室,1
停工,1
交了,1
