7195,统计从业资格继续教育,深圳市统计局,2016.10.19,2016.10.24,"2015年11月发证，一直没年审会失效吗？深圳市统计从业资格证继续教育可以在网上操作吗？
		","你好，深圳市统计从业资格证继续教育工作由深圳市统计信息培训中心负责，详情请咨询培训中心，电话：83974769。
		
		"
7269,2016年的统计年鉴何时发布？,深圳市统计局,2016.10.14,2016.10.18,"2016年的统计年鉴何时发布？
		","你好，预计到明年4月份发布2016年深圳统计年鉴。
		
		"
7567,统计内容更新,深圳市统计局,2016.10.05,2016.10.08,"统计快报的内容为何更新到6月份就不更新了？
		","你好，统计快报是每月更新，请留意我局网站统计快报栏目，网址为：http://www.sztj.gov.cn/xxgk/tjsj/tjkb/。
		
		"
7999,金融机构本外币存、贷款余额数据的准确性,深圳市统计局,2016.09.20,2016.09.21,"在深圳市统计指标―2015年10月中显示，金融机构本外币存上年同月为49233.58，贷款余额上年同月为27553.97，但在深圳市统计指标（一）――2014年10月中显示，金融机构本外币存上年同月为31859.15，贷款余额上年同月为22210.74，数据明显相差甚远，2015年11月，12月存在同样的问题，请说明一下，谢谢
		","你好，该数据人民银行因口径调整，2015年对2014年的同期数进行了调整。调整是由人民银行进行的。
		
		"
8046,	?关于深圳市2015年深圳市平均工资数据的说明,深圳市统计局,2016.09.19,2016.09.20,"请贵局在此直接回复不要给链接：2015年深圳市在岗职工平均工资数据，以及同比增长率数据，谢谢！
		","你好，该数据已在我局门户网站公开，http://www.sztj.gov.cn/xxgk/qt/tzgg/201606/t20160606_3683015.htm，可供查阅。
		
		"
8064,2015年统计年鉴什么时候公开？,深圳市统计局,2016.09.19,2016.09.20,"我看前几年的统计年鉴都是次年3，4月份就公开了，为什么2015年的到现在还不能在你们网站上找到？
		","你好，2015年统计年鉴已在我局公布。网址为：http://www.sztj.gov.cn/xxgk/tjsj/tjnj/。
		
		"
8151,关于深圳市2015年深圳市平均工资数据的说明,深圳市统计局,2016.09.14,2016.09.18,"请贵局在此回复：2015年深圳市在岗职工平均工资数据，以及同比增长率数据，谢谢！
		","你好，2015年深圳市在岗职工平均工资数据已在我局网站公布，网址为：http://www.sztj.gov.cn/xxgk/qt/tzgg/201606/t20160606_3683015.htm。
		
		"
8877,2015年度深圳月平均工资,深圳市统计局,2016.08.18,2016.08.19,"请问2015年度深圳月平均工资是多少？
		","你好，2015年度深圳市在岗职工工资情况已在我局网站公布，网址为：http://www.sztj.gov.cn/xxgk/tjsj/tjgb/201606/t20160603_3680654.htm。
		
		"
9015,全社会固定资产投资和民间固定资产投资,深圳市统计局,2016.08.11,2016.08.12,"您好啊，我想要查找按行业划分的全社会固定资产投资和民间固定资产投资的统计数据，因为主要是要查找信息传输、软件和信息技术服务业的数据，但是不知道在哪儿能找到
		","你好，我局网站统计年鉴有详细数据。
		
		"
9609,初级统计资格证发放,深圳市统计局,2016.07.15,2016.07.18,"2015年初级统计资格证发放时间是什么时候？具体领取方式是什么？
		","你好，2015年初级统计资格证已经在今年4月份发放到各个报名点，如未领取，请联系当初报名点。
		
		"
15584,2015广东统计从业资格成绩查询,深圳市统计局,2015.11.21,2015.11.23,"你好，请问2015广东统计从业资格成绩查询，什么时候能在官网上查到？广东考区的都可以在官网查到？
		","您好，统计从业认定考试深圳地区由深圳市统计信息培训中心负责，详情请咨询培训中心，咨询电话：83974769。我局无提供成绩查询的相关业务。
"
17949,2015深圳统计从业资格考试,深圳市统计局,2015.08.22,2015.08.24,"2015深圳的统计从业资格怎么报名，报名时间过了么？提供报名网址或者现场报名的地点，谢谢! 另外，我不是深圳这边的户口，可以在这里考么？
		","您好，2015年全市统计从业资格工作承办机构：深圳市统计信息培训中心，联系电话：83974769，地址：福田区振华路21号航天立业华庭大厦5楼503室。
		
		"
19327,统计从业证书考试,深圳市统计局,2015.06.28,2015.06.29,"请问，业余大专毕业人员：广州大学 国际经济与贸易专业 能申请到单科免考 吗？
		","您好，专科只有会计与统计核算以及统计实务可以申请单科免考，除此两个专科的专业，其他的专科的专业均不可以。
"
19511,统计从业考试,深圳市统计局,2015.06.18,2015.06.19,"统计从业证书考试 请问：业余大专毕业人员可以参加统计从业证书考试吗？
		","您好，统计从业考试不设任何门槛，甚至在校的学生只要年满18岁都可以报考。只有需要单科免考的学员才需要提供相关的学历或学位证明。
		
		"
19725,2014年统计职称证书何时发放？？？？？,深圳市统计局,2015.06.10,2015.06.12,"已经是2015年6月了，2014年统计职称证书何时才能发放？？？？？？？ 
		","经询问，属于统计从业资格证的问题。统计从业资格证已由深圳市统计信息培训中心负责。
		
		"
19810,深圳市先进制造业的统计口径,深圳市统计局,2015.06.09,2015.06.10,"因研究需要，需要了解深圳市先进制造业的统计口径，先进制造业都包含了哪些具体的行业。请告知，非常感谢！
		","您好，包括大类行业33-40里面的重工业，再加4342、4343、311、312、314、315、291、07、25、26这些行业。
"
20004,2014年深圳市各级各类学校在校学生数,深圳市统计局,2015.06.01,2015.06.01,"2014年深圳市各级各类学校在校学生数
		","您好，小学在校人数：793178；普通初中在校人数：263893；普通高中在校人数：114797。
"
20033,第三次经济普查,深圳市统计局,2015.05.28,2015.05.29,"请问一下，第三次经济普查数据公报（第二号和第三号）发布在深圳特区报哪一刊呢？
		","您好，深圳市第三次全国经济普查主要数据已经分三期发布。其中，一号公报全文登载在4月11日在深圳特区报A4版，二号公报和三号公报全文登载在4月23日在深圳特区报A6、A7版。
		
		"
20077,2015年统计师考试细节咨询,深圳市统计局,2015.05.26,2015.05.27,"统计师报名时间和报名方式？如网上报名，请告诉链接，如现声报名，请告知地址或具体联系电话咨询。谢谢。
		","您好，有关2015年统计师考试的相关通知已经在我局网站公布了。你可以登录www.sztj.gov.cn通知公告查询详细信息。
		
		"
20416,关于审核企业已完成的投资额信息,深圳市统计局,2015.05.07,2015.05.07,"请问我要如何申请审核企业已完成的投资额信息，来办理企业小汽车指标申请？
		","您好，有关审核企业已完成的投资额信息的请联系83465187。会有工作人员告诉您详细的流程。
		
		"
20530,关于高级调查分析师报名问题,深圳市统计局,2015.05.02,2015.05.04,"请问高级调查分析师在哪里报名？咨询电话多少？谢谢
		","您好，有关调查分析师的相关信息，请咨询深圳统计信息培训中心，咨询电话：83974290。
		
		"
20938,请问今年停产的企业是否需要提交工业增加值审计报告,深圳市统计局,2015.04.08,2015.04.09,"该企业在碳交易管控单位名单中，但本年停产，但还有部分销售，请问这种情况下是否需要提交工业增加值审计报告
		","您好，这种情况是需要提交的。
		
		"
20952,2014年考试通过尚未取得的统计从业资格证在2015年是否需要年审？,深圳市统计局,2015.04.07,2015.04.08,"2014年考试通过尚未取得的统计从业资格证在2015年是否需要年审？
		","您好，统计从业资格证每两年参加一次继续教育即可。
		
		"
20978,2014年深圳市户籍与非户籍人口各是多少，谢谢！,深圳市统计局,2015.04.03,2015.04.07,"2014年深圳市常住人口中户籍与非户籍人口各是多少，谢谢！
		","您好，2014年深圳市常住人口非户籍人口为745.68万人，户籍人口为332.21万人。 
		
		"
20985,2014年深圳市幼儿园基本情况,深圳市统计局,2015.04.03,2015.04.07,"幼儿园数、在校学生数、招生数、毕业生数、教职工数、专任教师数
		","您好，2014年我市幼儿园数：1402所，在校学生数：399014人，招生数：174195人，毕业数：131220人，教职工数：57021人，专任教师：28782人。
		
		"
21023,2014年常住人口数,深圳市统计局,2015.03.31,2015.04.02,"请问深圳市2014年常住人口是多少，谢谢！
		","您好，2014年深圳常住人口数为1077.89万人。
		
		"
21188,统计专业技术资格证书法发放,深圳市统计局,2015.03.23,2015.03.23,"2014年统计专业技术资格考试成绩去年12月已出来，请问证书何时、如何下发？
		","您好，统计职称证书预计4,5月份发放，具体领取方式届时会有短信通知您。
		
		"
21238,统计从业资格认定,深圳市统计局,2015.03.18,2015.03.19,"您好，我想咨询下已具备教育部门认可的会计专业专科，是否可免于参加统计基础知识与统计实务科目的考试？如免考，该怎么办理或领取统计从业资格证？
		","您好，按照文件规定，本科以上的特定专业才可以。专科只有两个专业，一个是会计与统计核算（这是一个专业），还有一个是统计实务 。除了这两个专业的专科文凭可以免考外，其他的专科专业都不行。如果您还有其他疑问，您可以登录深圳统计信息培训中心网站http://www.sztjpx.com/html/。
"
21255,统计报表上报,深圳市统计局,2015.03.17,2015.03.18,"您好，我在上报本期财务状况报表时出现强制性错误（原因：上年同期数据有误），现在我修改不了，也不能上传，请问我现在该怎么做？
		","您好，请与直管街道办统计机构联系，让街道办开锁，之后填写核实性说明。
		
		"
21431,数据咨询,深圳市统计局,2015.03.04,2015.03.05,"您好，我想了解下2003、2004、2013年深圳信息传输、计算机服务和软件业的增加值分别是多少；以及2003年深圳通信设备、计算机及其他电子设备制造业的增加值。本人只做学术研究之用，差一些数据，盼答复！非常感谢。
		","您好，2003、2004年信息传输、计算机服务和软件业增加值分别1424934万元，1725308万元。我局未有2003年通信设备、计算机及其他电子设备制造业增加值和2013年信息传输、计算机服务和软件业增加值这两个数据。
		
		"
21926,2013年考过一门，2015年可否只考一门？,深圳市统计局,2015.01.22,2015.01.23,"你好，我要咨询。2013年考统计时只通过了一门科目，然后今年2015年可否只报考另一门没通过的科目？
		","您好，经向深圳统计信息培训中心咨询，您可以在2015报单科补考。
"
22484,  深圳2014年1-10月全社会用电量,深圳市统计局,2014.12.11,2014.12.12,"请问深圳2014年1-10月全社会用电量是多少？我想了解一下
		","你好，深圳市2014年1月至10月全社会用电量总计6576897.43万千瓦时。
		
		"
22550,统计证年审,深圳市统计局,2014.12.11,2014.12.11,"统计证年审要提供什么资料,还有是在那个地方年审,我的证书属地是深圳市福田区
		","你好，如果是统计登记证，则无需年审，统计登记证已经取消，全市企业都无需办理。如果是统计从业资格证年审，请咨询深圳统计信息培训中心，电话：0755--8397 4769。
		
		"
22616,深圳市互联网行业的平均工资,深圳市统计局,2014.12.05,2014.12.08,"您好，由于行业分析需要，麻烦您分别提供下2011年、2012年和2013年的深圳市互联网行业的平均工资，以及全国的互联网行业的平均工资。比较急。 谢谢！
		","您好，我局没有关于互联网行业这个分类统计，有互联网和相关服务的平均工资统计，该项数据在统计年鉴上可以查看。
		
		"
22955,资本存量咨询,深圳市统计局,2014.11.18,2014.11.20,"请问深圳历年资本存量是多少，如何科学测算，是否有某一年（例如2008年经济普查）的资本存量数据，谢谢！
		","您好，资本存量您可以查看统计年鉴的2-11 支出法本市生产总值表。
		
		"
23020,深圳人均居住面积,深圳市统计局,2014.11.14,2014.11.17,"你好！《深圳市国民经济和社会发展统计公报》之前会公布每年深圳人均居住面积，但2008年之后便不再公布，请问去哪里找“深圳人均居住面积”的数据？ 
		","您好，人均居住面积已改为人均现住房总建筑面积，该项数据可在深圳市统计年鉴19-7中可以查看。
		
		"
23047,第六次人口普查结果--- 人口年龄构成数据,深圳市统计局,2014.11.12,2014.11.13,"第六次人口普查结果--- 人口年龄构成数据
		","您好，深圳市2010年第六次全国人口普查主要数据公报已于我局网站公布，网址为http://www.sz.gov.cn/tjj/tjj/xxgk/tjsj/pcgb/201105/t20110512_2061597.htm
"
23069,2013年港澳台商投资额,深圳市统计局,2014.11.07,2014.11.10,"请问多少，有急用，请尽快回复，谢谢。
		","您好，2013年深圳市的港澳台商投资额是154.43亿元
		
		"
23089,2014年统计从业资格考试成绩查询时间,深圳市统计局,2014.11.03,2014.11.07,"2014年统计从业资格考试查询时间
		","您好，统计从业资格认定考试成绩已经可以查询，登录网站http://61.144.227.212/was5/web/tjj2012_cjcx_search.jsp输入考生姓名和身份证号即可，如果查询不到您的成绩，请拨打电话83974769询问。
		
		"
23097,深圳2014年统计信息咨询,深圳市统计局,2014.11.04,2014.11.07,"你好，我想问下什么时候发布，我想知道生产总值，第三产业增加值、社零销售总额、固定资产投资和房地产开发投资及他们的增长率，期待解答，谢谢！
		","你好，深圳前三季度经济运行情况已经发布，详情请登录http://www.sztj.gov.cn/xxgk/tjsj/tjfx/查看。
		
		"
23136,深圳人口出生率,深圳市统计局,2014.11.03,2014.11.04,"深圳人口出生率的统计口径是常住人口还是户籍人口？谢谢
		","您好，深圳人口出生率统计口径为常住人口。
		
		"
23194,企业研发费用的统计范围,深圳市统计局,2014.10.28,2014.10.29,"1、企业研发费用包括哪些？ 2、模具（油压机用的钢模）制作费用算研发费用吗？
		","您好，
1、企业内部用于科技活动的经费支出：指在报告期企业内部用于全部科技活动的直接支出，以及用于科技活动的管理费、服务费以及外协加工费等支出。不包括生产性活动支出、归还贷款支出以及与外单位合作或委托外单位进行科技活动而转拨给对方的经费支出，也不包括来自政府部门的科技活动资金和当年形成用于科技活动的固定资产，以及购买专利等无形资产支出。对于在财务上单独核算研究开发费或技术开发费的企业，该指标直接抄取相应会计科目当年实际发生额，包括人员人工费、直接投入（包括原材料费等)、折旧费用与长期费用摊销、无形资产摊销、其他费用（含设计费、装备调试费等）等。未对研究开发费或技术开发费进行单独核算的企业，该指标应分项目归集整理，即按项目分列人员劳务费、原材料费、其他费用等支出项，再加上未列入项目经费的相关人员工资、管理和服务费用等支出取得。企业内部用于科技活动的经费支出中人员人工费（包括各种补贴）：指企业在报告期支付给科技活动人员的工资薪金，包括基本工资、奖金、津贴、补贴、各种保险、年终加薪、加班工资以及与科技活动人员任职或者受雇有关的其他支出。企业内部用于科技活动的经费支出中原材料费：指企业在报告期为实施科技项目而购买的原材料等相关支出。如：水和燃料（包括煤气和电）使用费等，实际消耗的原材料、辅助材料、备用配件、外购半成品，用于中间试验和产品试制达不到固定资产标准的模具、样品、样机及一般测试手段购置费、试制产品的检验费等。企业内部用于科技活动的经费支出中折旧费用与长期费用摊销：指企业在报告期为实施科技活动而购置的仪器和设备以及在用建筑物的折旧费用，包括研发设施改建、改装、装修和修理过程中发生的长期待摊费用。企业内部用于科技活动的经费支出中无形资产摊销：?指企业在报告期因科技活动需要购入的专有技术（包括专利、非专利发明、许可证、专有技术、设计和计算方法等）所发生的费用摊销。企业内部用于科技活动经费支出中的其他费用：?指企业在报告期为科技活动所发生的除人员人工费、原材料费、折旧费用与长期费用摊销、无形资产摊销等费用之外的其他费用，包括用于科技活动的设计费、装备调试费、办公费、通讯费、专利申请维护费、高新科技研发保险费等。
2、用于科研活动而产生的模具费是研发经费，仅仅是为了生产而产生的模具费不是研发经费。
"
23224,深圳第六次人口普查详细数据,深圳市统计局,2014.10.26,2014.10.27,"请问深圳第六次人口普查的所有详细数据是否有光盘版在售，或者从哪里可以查到？
		","您好，深圳市2010年第六次全国人口普查主要数据公报已于我局网站公布，网址为http://www.sz.gov.cn/tjj/tjj/xxgk/tjsj/pcgb/201105/t20110512_2061597.htm，有关书籍您可以咨询深圳市统计信息培训中心http://www.sztjpx.com/html/。
		
		"
23235,咨询统计师资格证书是否需要转出他市？,深圳市统计局,2014.10.26,2014.10.27,"1.统计师职称是在深圳市考取，现因工作调动到广州，职称是否需要办理调动？如需办理，是怎样的流程？ 2.有统计从业资格证书且取得统计师职称2年多，是否需要参加统计继续教育？谢谢！
		","您好，1、统计师资格证书全国有效，无需调动。2、如果是本人在做统计相关工作，统计证还是要年审的，因为网上直报系统还不能很好地兼容职称的证书编号，如果用职称的编号填报报表，可能无法进行网上直报。
"
23302,现代服务业统计口径,深圳市统计局,2014.10.20,2014.10.21,"现代服务业作为深圳产业转型升级的重要方向之一，全市相当重视，请问贵局现代服务业是怎么统计出来的？都有哪里口径？是统计年鉴里“第三产业”下属的一部分行业加总出来的吗？盼回复，谢谢！
		","您好，1、现代服务业统计数据的来源主要来自于企业填报国家一套表系统获得，服务业专业主要负责财务状况表，该表分为年报表和季报表，企业数据主要是从该表中获得。2、现代服务业主要是针对规上服务业而言，需要达到一定标准才能够进库填表数据，规上服务业的标准为该企业年营业收入达到1000万以上或者从业人数达到50人以上，达到标准的企业每年年底经过审核通过批准入库。3、对于此问题可以参见2011年国民经济行业分类注释，属于规上服务业的包括九大门类：交通运输、仓储和邮政业，信息、软件和信息技术服务，教育，科学研究和技术服务业，水利、环境和公共设施管理，卫生和社会工作，租赁和商务服务业，居民服务、修理和其他服务业，文化、体育和娱乐业；另外还加上两个小类物业和房地产中介服务业。
"
23308,2013年第二产业全员劳动生产率,深圳市统计局,2014.10.20,2014.10.20,"受政府委托需要填写此项数据，请给予提供，非常感谢！
		","您好，2013年深圳市第二产业全员劳动生存率为15.54万元/人,此为快报数据。
		
		"
23377,统计从业资格证继续教育,深圳市统计局,2014.10.14,2014.10.14,"我刚才在深圳会计考试培训中心的网站看到，继续教育的报名截止时间是10月24日。这是真的吗？
		","你好，2014年统计从业继续教育报名截止时间为2014年10月24日。由于该项业务不属于我局业务范围，详情你可以登录http://www.sztjpx.com/html/news.asp?cid=1&id=142?查看具体信息。
		
		"
23420,2013年数据,深圳市统计局,2014.10.10,2014.10.10,"2013年统计年鉴中的数据是2012年的，请问2013年全年数据什么时候能查询到？
		","你好，2014统计年鉴正在制作中，如果你要查询2013年的数据，请拔打数据查询电话83567189。
		
		"
23421,2014年统计师考试准考证什么时候可以领取,深圳市统计局,2014.10.10,2014.10.10,"您好，请问2014年统计师考试准考证什么时候可以领取？在报名地点领取么？
		","你好，2014年统计师准考证在所在报名区的统计局领。
		
		"
23444,统计从业资格证,深圳市统计局,2014.10.08,2014.10.09,"我的统计从业资格证是2012年在广州考的，过后一直没年审。请问现在还有效吗，如果有效，需要办理什么手续才能恢复效力？
		","您好，您只需要2015年补参加继续教育即可。
		
		"
23476,深圳市“水处理及行业供应”工资标准,深圳市统计局,2014.09.23,2014.09.30,"请问：深圳市2010-2013年的“水处理及行业供应”平均工资标准。若无该科目，请提供“水的生产及供应”平均工资标准。谢谢。
		","您好，我局统计数据反应的只是工资水平而不是工资标准，工资标准的制定不属我局职责范围。如您所需在岗职工平均工资，则我市2010-2013年“水的生产及供应”在岗职工年平均工资分别是：85117元、88062元、95099元、94172元，希望能帮到您。另外，以上数据在我局官方网站和统计年鉴上均有发布。
		
		"
23489,深圳各区的职工平均工资、平均工资增长率是多少？,深圳市统计局,2014.09.12,2014.09.30,"您好，请问市统计局是否有统计深圳市各区历年的职工的平均工资以及平均工资增长率，有统计的话，在哪里发布？谢谢！
		","你好，各区职工平均工资水平是由各区统计局自行发布的，如有需求请向区统计局进行咨询。
		
		"
23490,咨询2013年深圳市居民服务业和其他服务业职工平均工资,深圳市统计局,2014.09.18,2014.09.30,"请告知2013年深圳市居民服务业和其他服务业职工平均工资，谢谢！
		","您好，根据国家制度，“居民服务业和其他服务业”该项指标名称自2011年起已变更为“居民服务、修理和其他服务业”，我市2013年该行业在岗职工年平均工资为48537元。
"
23492,建筑装修项目经理的平均工资,深圳市统计局,2014.09.17,2014.09.30,"请问最新深圳建筑装修项目经理的平均工资或者建筑业平均工资！
		","你好，国家现行工资统计调查是以整个行业进行划分和数据发布的，目前并未细化到具体岗位。2013年我市建筑业在岗职工年平均工资为45419元。
		
		"
23572,关于统计证年检,深圳市统计局,2014.09.18,2014.09.19,"您好，我是2010年1月取得统计证的，2011年7月参加了继续教育，然后到现在一直没有参加继续教育了，请问我的统计从业证是不是就作废了？可以补参加继续教育么？
		","您好，您只需要2015年补参加继续教育即可。
		
		"
23602,统计师,深圳市统计局,2014.09.16,2014.09.17,"咨询： 统计中级职称需要考计算机4个模块？英语需要理工类B类还是综合类B类？谢谢
		","您好，统计中级职称只需要参加全国统计中级专业技术资格考试即可获得 。
		
		"
23653,请问自考会计本科能免考统计从业资格考试吗？,深圳市统计局,2014.09.09,2014.09.10,"请问自考会计本科能免考统计从业资格考试吗？
		","您好，如想申请单科免考的考生请参照《高等学校本科专业目录（统计用）（2007版）》，专科只有两个科目符合，本科（统计学类、经济学类、和工商管理类），相关专业必须完全一致才可以申请，具体免考科目参照《高等学校本科专业目录（统计用）（2007版）》 
		
		"
23668,统计专业技术资格证的作用是什么，在工作中哪里会必须用到？,深圳市统计局,2014.09.05,2014.09.09,"统计专业技术资格证的作用是什么，在工作中哪里会必须用到？是不是深圳所有企业必须要派一个员工考试呢？
		","
您好，统计专业技术资格考试是职称考试，没有硬性规定从业人员必须持有；统计从业资格考试是从事统计工作的资格考试，按照相关法律法规，所有需要填报统计表报的行政单位和企事业单位以及其他类型单位中从事统计专职（兼职）工作的人员需要持有统计从业资格证书（与会计从业资格证类似）。 
"
23827,历年深圳洪灾经济数据,深圳市统计局,2014.08.18,2014.08.19,"您好，我是一名学生，正在做一个关于深圳洪灾的建模。希望您能够为我提供近20左右深圳洪灾导致的经济损失这项数据，谢谢。
		","你好，我局没有该方面的数据，建议你咨询地质局。
"
23932,企业统计人员是否需要考试、培训,深圳市统计局,2014.07.31,2014.08.07,"您好，我们公司前几天接到一个电话，说是要我们参加统计方面的培训，请问是否有这事，如果要，请问去哪些机构培训，谢谢！
		","你好，1、企事业单位统计工作人员须持证上岗，即须考取统计从业资格证，报名参加统计从业资格证考试无需缴纳任何报名考试费用，该费用由深圳市统计局承担。2、报名参加统计从业资格考试的考生可以根据需要自主选择是否参加考试培训并自行与有关培训单位联系，深圳市统计局不作规定。3、已经持有统计从业资格证的统计员，每两年需参加统计从业人员继续教育培训，可自行在国家统计局和广东省统计局认定的符合相关培训资质的单位参加培训。深圳市统计局不指定任何培训单位。
		
		"
23945,2014年上半年深圳工业增加值、投资数据咨询,深圳市统计局,2014.07.25,2014.08.05,"你好，请问2014年上半年深圳工业增加值及其同比增长率、工业九大产业投资数据，谢谢。
		","你好，2014年6月累计工业增加值2656.14亿元，同比增长7.4%；
2014年上半年深圳工业九大产业投资完成124.26亿元，同比增长8.4%。
"
23946,咨询2013年和2014年一季度和上半年深圳市客运量数据和增幅,深圳市统计局,2014.07.29,2014.08.05,"我想咨询一下2013年和2014年一季度和上半年深圳市客运量数据和增幅情况
		","您好，根据统计月报显示：按国家制度口径2014年1-3月全市累计完成公路旅客运输量为：49182万人次，比上年同期增长5.26%。2014年1-6月累计完成公路旅客运输量为：3143万人次，比上年同期增长6.40%。
另：1、根据广东省交通运输厅新方案要求，自2014年4月起，公路旅客运输量已按2013年全国交通运输业经济统计专项调查口径填报，上年同期数亦可比口径作相应调整；
2、自2011年1月起，原“公共大巴”、“公共中小巴”客流量合并为“公共汽车”客流量进行统计。
"
23996,关于深圳市2001年统计年鉴,深圳市统计局,2014.07.24,2014.07.28,"您好，我想请问一下，深圳市2001年的统计年鉴为什么网站上没有，我要去哪里找呢？
		","您好，2001年深圳统计年鉴没有电子版，如果您需要查看，请到我局综合处查询，地址为：深圳市福田区上步中路1001科技大厦1315室查询。
		
		"
24054,深圳市信息传输、计算机服务和软件业工资,深圳市统计局,2014.07.21,2014.07.22,"你好 ，我想咨询一下深圳市2011年、2012年、2013年和2014年半年信息传输、计算机服务和软件业的平均工资。
		","您好，此行业在岗职工年平均工资：2011年82771元，2012年92134,2013年121080，暂时还未有2014年的相关数据。
		
		"
24080,深圳2014年上年度平均工资,深圳市统计局,2014.07.17,2014.07.18,"因公司协议离职，咨询下深圳2014年上年度平均工资
		","您好，根据人力资源和社会保障局那边提供的消息，您的离职赔偿计算，应该是指劳动者在劳动合同解除或者终止前十二个月的平均工资。 而2013年度我市平均工资您可以参考我局门户网站上公布的信息，网址为http://www.sztj.gov.cn/xxgk/qt/tzgg/201406/t20140619_2484641.htm。
		
		"
24205,咨询2013年深圳在岗职工平均工资及增长指数,深圳市统计局,2014.06.20,2014.06.23,"您好！请问2013年深圳市在岗职工的平均工资是多少？另请问，同比2012年度平均工资的涨幅是多少！谢谢！
		","您好，我局拟近期发布2013年数据，届时请关注我局官方网站。
"
24267,深圳市职工平均工资,深圳市统计局,2014.06.10,2014.06.12,"请问2013年深圳市在职职工平均工资是多少？为什么至今还不公布？
		","您好，我局拟近期发布2013年数据，届时请关注我局官方网站。
"
24383,统计师资格证报名地点,深圳市统计局,2014.05.22,2014.05.23,"您好，想问下2014年初中级统计师资格证的报名深圳市报名截止时间和广东省一样是5月31日么？是否有延长至6月？另外，报名地点是每个区的统计局都可以还是只有市统计局可以？（比如，人在南山上班，可以在南山区统计局报名否）以上，烦请回复，谢谢~
		","您好，有关中级统计职称考试的通知已经在我局网站上发布，建议您打开http://www.sztj.gov.cn/xxgk/qt/tzgg/201405/t20140523_2449771.htm查看详细内容。如您有其他疑问，可以拨打咨询电话：83557350。
"
24387,深圳市家庭总户数,深圳市统计局,2014.05.22,2014.05.23,"想了解下深圳的家庭总户数有多少，谢谢。
		","您好，建议您打开我局网站统计年鉴2013http://www.sztj.gov.cn/nj2013/indexce.htm第三部分人口和劳动力查找您需要的数据。
"
24414,深圳市四大支柱产业,深圳市统计局,2014.05.19,2014.05.19,"可否提供深圳四大支柱产业(金融业\高新技术产业\物流业\文化产业)2000-2014间的产业增加值及增幅？
		","您好，该部分数据请参考我局网站上的2013年统计年鉴http://www.sztj.gov.cn/xxgk/tjsj/tjnj/201404/t20140421_2341137.htm。
"
24448,你好，请问市统计局有关于深圳支柱产业、战略性新兴产业和未来产业的产值和增幅的相关数据吗,深圳市统计局,2014.05.13,2014.05.13,"你好，我想咨询一下，请问市统计局有统计深圳市支柱产业（高新技术产业、现代物流业、金融服务业、文化产业），战略性新兴产业（生物、互联网、新能源、新材料、信息技术和文化创意），以及未来产业（生命健康、海洋产业和航空航天产业）的相关产值、利润和增幅的统计数据吗？有的话麻烦发我邮箱一下，谢谢！
		","您好，由于有些数据不能对外提供，只能提供部分数据，2013年全年战略性新兴产业增加值达5002.50亿元，增长20.5%，比我市经济平均增速高10.0个百分点；占全市GDP比重达34.5%，比上年提高4.6个百分点。六大战略性新兴产业中，生物产业增加值228.28亿元，互联网产业增加值590.59亿元，新能源产业增加值335.97亿元，新材料产业增加值310.36亿元，新一代信息技术产业增加值2180.30亿元，文化创意产业增加值1357.00亿元。 另，部分数据您可以参考http://www.sztj.gov.cn/xxgk/tjsj/tjkb/统计快报，或者http://www.sztj.gov.cn/xxgk/tjsj/tjfx/统计分析。
"
24474,2014年度统计专业技术等级资格考试咨询,深圳市统计局,2014.05.07,2014.05.08,"您好！我是2014年应届毕业生，7月份才能拿到统计学专业的本科毕业证和学位证，有些关于统计专业等级资格考试的问题想咨询一下。 1. 我要7月份才能拿毕业证和学位证，请问能够报名今年的考试吗？需要提供什么证明才能参加考试呢？ 2. 我在国家统计局网站上的公告得知，该考试报名已经开始，并看到了各地省、市报名办公室的联系电话，没有深圳市统计局的，请问如果我想在深圳考试，是在贵局报名吗？怎么报，去哪里报名？需要提供什么材料呢？ 3. 考此证书是否需要先考统计从业资格证呢？
		","您好，关于统计从业资格认定或者统计师等级考试的相关信息，请登陆网站http://www.sztj.gov.cn/zxbs/tjcyrd/ks/，该页面有详细的说明。如果您还有其他疑问，可以咨询83557350。
"
24592,关于深圳2013年在岗职工的平均工资,深圳市统计局,2014.04.10,2014.04.11,"我要在2013年4月退休，按照深圳社会保险条例，计算退休金时要用到深圳2013年在岗职工平均工资，可至今深圳2013年在岗职工的平均工资还未公布，那如何计算我的退休金呢？如用深圳2012年在岗职工的平均工资计算我的退休金，我不亏了吗！
		","您好，2013年在岗职工年平均工资要到今年6月中下旬才有相关数据。
"
24597,2013年统计专业技术资格考试的证书什么时候发放？,深圳市统计局,2014.04.10,2014.04.10,"2013年统计专业技术资格考试的证书什么时候发放？
		","您好，统计从业资格证由深圳市统计信息培训中心颁发，建议您咨询培训中心，联系电话：83974769。
"
24654,您好！2013年深圳在岗职工平均工资是多少？,深圳市统计局,2014.03.27,2014.03.28,"您好，由于申请相关补贴，需了解 2013年深圳在岗职工月平均工资的数据，谢谢！
		","您好，2013年的在岗职工平均工资的相关数据正在处理中。深圳市2012年在岗职工年平均工资为59010元。
"
24674,2013年统计从业资格证证书,深圳市统计局,2014.03.23,2014.03.25,"2013年参加的考试，查询成绩已经通过，为什么还没有收到通知领取证书的短信？请问什么时候能拿到证书？谢谢。
		","您好，证书是由省局统一办理，届时发放时会有短信通知您领取的。
"
24702,2013年深圳市社会经济状况,深圳市统计局,2014.03.14,2014.03.19,"本市2013年GDP 亿元，人均可支配收入 元，金融机构存款 亿元，城镇常住人口 万人；支柱产业为 ，上市公司有 家。
		","您好，2013年深圳市GDP14500.23 亿元，人均可支配收入 44653元，国内金融机构人民币存款余额29830.99亿元，城镇常住人口 1062.89万人；支柱产业暂无数据，上市公司不属于我局业务范围。
"
24735,初级统计师考试,深圳市统计局,2014.03.11,2014.03.11,"您好 我想咨询一下 未取得统计从业资格证书能否参加统计专业技术初级的考试 期待您的答复~ 谢谢
		","您好，凡初中毕业工作满十年；高中毕业以上学历的在岗统计工作人员均可报考初级。
"
24736,2008-2012年深圳各区对文化、体育和娱乐业固定资产投资数额,深圳市统计局,2014.03.09,2014.03.11,"我是深圳职业技术学院的一位体育教师，因正在对“深圳基本公共体育服务均等化现状”进行研究，现需要深圳市各区从2008年到2012年对文化、体育和娱乐业固定资产投资数额的数据，望能给予提供，不胜感激，谢谢！
		","您好，2008和2009年两个年度没有分各区统计，只有全市的统计，其中2008年为88256万元，2009年为216342万元。2010年至2012年的数据可以在统计年鉴上的固定资产投资查看。
"
25034,历年各区城中村、保障性住房的统计数据,深圳市统计局,2013.12.15,2013.12.19,"如题，请问哪里可以查询到深圳历年（1979-2011）各区城中村住房和保障性住房的统计数据（例如：占地面积，总建筑面积等）？
		","你好，我局对住宅施工建筑面积（含非房地产开发项目和房地产开发项目）和住宅竣工建筑面积（含非房地产开发项目和房地产开发项目）有统计数据并在每年的统计年鉴上公布，你可以在我局官方网站统计年鉴栏目查询获取。城中村住房和保障性住房不在我局的统计指标范畴内，建议向深圳市住建局等相关单位申请获得。
"
25107,深圳2011及2010年度职工年平均工资,深圳市统计局,2013.12.02,2013.12.02,"您好，烦请告知深圳2011及2010年度职工年均工资。感谢！
		","您好，2010年在岗职工年平均工资为50456元，2011年在岗职工年平均工资为55143元。每年我局都会对此类数据进行公布，您也可以利用我局网站搜索功能查找。感谢您的关注。
"
25157,统计方法咨询,深圳市统计局,2013.11.12,2013.11.18,"请问各区相对指标、平均指标数据如何得到全市数据，例如知道各区“市民接受过志愿服务的比例”指标数据，如何得到全市市民接受过志愿服务的比例。
		","您好： ??? 没有统一的计算方法来计算这些数据，各个专业要根据国家报表制度及专业方法计算。
"
25164,统计从业资格考试过了怎么办理证件？,深圳市统计局,2013.11.15,2013.11.15,"你好，我是2013年参加的统计从业资格考试，工商管理专业，属于免考一科考生，我另外一科统计法基础知识成绩合格，我在沙井上班，请问我需要准备哪些资料去哪里办理？谢谢
		","您好： ??? 因为所有考生在报考时已经填写了申请表，所以届时会由我局统一交到省统计局办理证件。预计明年1月份会有短信通知您，我局门户网站也会有相应的通知发布，请您留意关注。
"
25328,统计条目咨询,深圳市统计局,2013.10.15,2013.10.16,"您好，我想请问一下“市场主体基本信息”中的“市场主体”是指什么，和法人单位有什么区别，为什么二者的统计结果相差很大？麻烦您通过邮箱回复，谢谢！
		","? 经电话联系，咨询人电话已停机，已邮件回复咨询人。 回复内容如下： 市场主体不是我局的概念，建议您向市市场监督管理局咨询。
"
25348,关于深圳市职业教育投资相关数据的求助,深圳市统计局,2013.09.25,2013.10.09,"尊敬的深圳市统计局工作人员： 我是深圳女孩唐诗蕊，现为北京科技大学文法学院教育经济管理专业二年级硕士研究生。在选择研究课题时，结合自己的学习专业、导师的建议以及我对家乡的热爱之情，我选择了《深圳市职业教育投资水平状况研究》作为我的研究课题。职业教育在教育层次构成以及国民经济发展中的地位越来越重要，北京、上海等城市已经有学者对该领域进行了研究，并提出了一些发展意见。而深圳是我国经济特区，其职业教育发展在全国也具有典范作用，但目前尚未有该领域的相关研究，所以我觉得选择这个课题很有意义。在课题开展中，需要用到深圳职业教育的一些统计数据。通过网上查阅深圳统计年鉴，已经获取了大多数研究所需数据，但还有一些数据无法从统计年鉴中获得，如2001-2011年间：各级各类职业教育（如初等、中等和高等职业教育）经费总投入、各级各类职业教育生均教育经费、各级各类职业教育预算内生均教育经费（政府财政支出部分）。不知以上数据在贵局是否有其他资料可以借阅，或通过其他途径可以获得。所有数据将仅限于学术研究范围，所得研究成果可回发至贵局作为反馈。 真切希望得到贵局的帮助，期待贵局的回音。谢谢！ 祝身体健康，工作愉快！ 北京科技大学文法学院 唐诗蕊 2013-9-25 PS：本人目前在国外交流学习，国内手机无法接听，如贵局有这方面的数据，麻烦与我邮件联系。不胜感激！
		","您好： ??? 我局没有这部分相关数据，建议您咨询教育局相关部门查询这方面数据。 ??? 感谢您对我们工作的关注。
"
25828,深圳市2012年各类型新能源汽车的保有量,深圳市统计局,2013.05.16,2013.05.17,"尊敬的领导,由于课题研究需要 需要有关深圳市2012年度各类型（公交车、出租车等）新能源汽车的保有量 由于事情比较急，希望能尽快得到回复 万分感谢！
","你好，我局没有对新能源汽车做分类统计，所以没有这方面的统计数据。谢谢！ ? ????????????????????????????????????????????????深圳市统计局
"
25831,四大支柱产业数据,深圳市统计局,2013.05.09,2013.05.15,"咨询:深圳四大支柱产业(现代金融业\现代物流业\高新技术产业\文化产业)2005年到2012年的产业增加值和增幅数据
","已与本人电话沟通并提供了2010年和2011年的数据。
"
25846,统计证,深圳市统计局,2013.05.06,2013.05.06,"我统计证是东莞的，请问在深圳能继续教育不？能正常使用吧？
","您好！  ??? 统计从业资格证广东省内是通用的，您可以选择在东莞或深圳年审。如果长期在深圳工作可以申请转移到深圳来，该项转移不收取费用。 ?????????????????????????????????????????????????? 深圳市统计局
"
25884,2012年度深圳市私营企业行业分布,深圳市统计局,2013.03.19,2013.03.26,"尊敬的领导,由于课题研究需要, 我需要有关深圳市2012年度所有私营企业的数目、私营企业在各行业的数目（即其行业的分布结构）,谢谢!
		"," 2012年基本单位年报正在开展，目前尚不能统全该年度所有私营企业。经电话向李先生解释说明后，对方提出可改为提供2011年度的同类情况。目前已将相关数据发送邮件给咨询人。 ??????????????????????????????????????????????????? 深圳市统计局
"
33676,外来工的具体数据,深圳市统计局,2007.01.10,2007.01.11,"我想知道深圳各镇的来自茂名地区的外来工的具体数据。最好是能知道是来自茂名那个县市的。
		","您好，首先非常感谢您对我市统计工作的关注和支持，对于您提出的问题，我局建议您向劳动人事部门咨询，我局无此类数据，十分抱歉。今后欢迎您继续关注和支持我市统计工作，有任何咨询投诉事项欢迎拨打我局热线电话：82107872，谢谢!
		
		"
33812,关于统计员上岗证,深圳市统计局,2006.11.24,2006.12.08,"<P>你好，我是深圳的一家企业的员工，今天接到一个说是统计局的人的电话（电话号码是：82104094，李小姐，地址同心路1号A座6楼），说：所有企业都要求有个兼职的统计员，要到他们那里培养，领上岗证。如果有本科学历，则不用培训，直接领证。交费250元。请问是否有此政策。是否所有企业一定要有统计员？如有本科学历，则不用培训，直接领证，那还要收250元，是否合理？烦回复。谢谢。&nbsp; 周光强&nbsp;&nbsp; 0755-82811550&nbsp;&nbsp; <A href=""mailto:82811550@163.com"">82811550@163.com</A></P>
		","您好，在收到您的咨询问题后，我局领导高度重视，责成办公室进行调查了解，并就“统计从业资格认定”有关问题召开了专题会议进行研究，提出了整改意见，并加以周密完善。现将有关情况回复如下： 　　1、关于“统计从业资格认定”政策及收费问题： 　　根据国家统计局第8号令《统计从业资格认定办法》第九条“已具备教育行政部门认可的统计类专业大专、其他专业本科以上学历的人员，可免于参加统计从业资格考试”，第二十二条“对取得统计从业资格人员，实行继续教育” 和国家统计局《关于统计从业资格认定工作有关问题的通知》（国统字[2006]78号）文件中规定：“具备非统计类专业本科以上学历、从事统计工作的人员，可持所在单位出具的有效证明，按《办法》规定的程序，向承办机关申请办理统计从业资格。对符合受理条件的，承办机关应予受理。经认定获得统计从业资格的人员，须根据《办法》第二十二条的有关规定，自取得《统计从业资格证书》之日起一年内，参加由统计从业资格认定工作的承办机关或实施机关举办的统计继续教育”的规定，符合第九条规定的人员，可不用参加培训，直接提交相关材料申请统计从业资格认定。但是，在取得《统计从业资格证书》之日起一年内要参加继续教育。对于不符合第九条规定而需参加统计从业资格考试，以获取“统计从业资格证书”的人员，考前培训也是自愿性的，考生可自愿参加培训及选择培训机构进行培训，也可以不参加培训，通过自学参加统计从业资格考试合格后，申请统计从业资格认定。另外，对于符合第九条规定的人员申请统计从业资格认定，不需要缴交费用。 　　2、关于企业配备统计员的问题： 　　根据《中华人民共和国统计法》第十九条“企业事业组织根据统计任务的需要设立统计机构，或者在有关机构中设置统计人员，并指定统计负责人”规定，企业要根据统计任务的需要，相应配备专职或兼职统计人员。 　　3、有关“深圳市统计信息培训中心”情况说明： 　　经我局核实，给企业打电话的李小姐（电话：82104094）是深圳市统计信息培训中心的员工。根据深圳市《关于印发〈深圳市党政机关事业单位所属企业、转企事业单位划转工作实施方案〉的通知》，深圳统计局原下属事业单位“深圳市统计信息培训中心”已于2006年8月31日转为企业并从我局划转到国资委管理。我局已要求深圳市统计信息培训中心今后不得以深圳市统计局的名义给企业打电话。 　　专此回复，谢谢网询。 　　 　　 　　　　　　　　　　　　　　　　　　　　　　　　　深圳市统计局 　　　　　　　　　　　　　　　　　　　　　　　　二六年十二月五日
		
		"
