1355,咨询,深圳市交通运输委员会,2017.03.23,2017.04.07,"我在限牌后买的二手小车现想卖掉后换另一辆二手车，车是否能上到深圳车牌
		","市民您好，您反映的问题已转道交中心小汽车调控组进行处理，现答复如下：按照《深圳市小汽车增量调控管理实施细则
》第三十条规定? 单位或个人需要更新小汽车的，应当自完成转移登记、注销登记或者迁出本市之日起6个月内提出更新指标申请。逾期未提出的，视为放弃更新指标申请资格。更新指标可以直接取得。申请更新指标的个人，应当符合本实施细则第十三条第一款第（一）项规定的居住地在本市的条件。个人名下有2辆以上小汽车的，只有1辆可以取得更新指标。建议如果您是粤B的车，先到车管部门了解一下你的车辆信息状态，符合条件是可以产生更新指标。感谢您对交通事业的关心与支持！
"
1603,龙华交通局,深圳市交通运输委员会,2017.03.21,2017.03.31,"究竟龙华交通局为何在去年10月10日将简上村公交总站及民治民塘路总站始发线路搬迁到龙华和平工业园始发，请告知一下准确答案。
		","市民您好，您反映的问题已转到龙华交通运输局进行处理，现答复如下：因简上村公交场站场地有限，停车位少，部分车辆停放在场站路边，存在较大安全隐患。后期线路运营企业巴士集团于龙华和平工业园租赁13000O土地作为车辆停放使用，故2016年10月10日将M222线由简上村场站迁移至龙华和平工业园总站始发。感谢信访人对龙华区建设提出宝贵意见。感谢您对交通事业的关心与支持！
"
1650,"有关网约车变更登记为“预约出租客运”后,是否可再变更为",深圳市交通运输委员会,2017.03.28,2017.03.31,"请问私家车在申请变更登记为预约出租客运申请到《网络预约出租汽车运输证》后,在中途不想再从事网络车服务,车辆的性质可以从“预约出租客运”再变更为""非营运""吗?意思是可以再变回私家车吗?车辆年限和公里数有没有限制?
		","市民您好，您反映的问题已转到市公共交通管理局进行处理，现答复如下：营运车不可转为非营运车。感谢您对行业的监督与支持。
"
1661,B744调整吗？,深圳市交通运输委员会,2017.03.29,2017.03.31,"B744/B743/979线，上述三条线路近期有调整计划吗？
		","市民您好，您反映的问题已转深圳市东部公共交通有限公司进行处理，现答复如下：市民通过政府在线网络咨询B744线中小巴、B743线中小巴及979线中小巴近期是否计划调整线路的问题。车队目前未接到以上线路调整的计划等。感谢您对交通事业的关心与支持！
"
1670,西部公汽,深圳市交通运输委员会,2017.03.13,2017.03.30,"究竟西部公汽何时计划在下石家车队及凯旋车队还有宝民车队线路二端场建设充电桩并且落地使用比亚迪纯电动大巴，请告知一下准确答案。
		","市民您好，您反映的问题已转深圳市西部公共汽车有限公司进行处理，现答复如下：我公司于2016年底完成了3755台纯电动车辆的采购招标程序，车辆陆续投放中，计划2017年底完成公交纯电动化。感谢您对交通事业的关心与支持。
"
1726,公交处,深圳市交通运输委员会,2017.03.19,2017.03.30,"究竟市交委今后新开线路在试运营阶段能否让每位市民免费乘坐公交车，请告知一下准确答案。
		","市民您好，您反映的问题已转到市公共交通管理局进行处理，现答复如下：你好，感谢你为我市公交行业工作提出真挚的建议。按《深圳市人民政府关于优惠乘坐市内公交车和轨道交通的通告》，新开线路试营运期间车辆不在免费乘车的范围内。感谢市民对我市公交事业的理解和支持。
"
1855,龙华交通局,深圳市交通运输委员会,2017.03.11,2017.03.27,"究竟龙华交通局及西部公汽近期是否有计划开通龙悦居公交总站始发线路，请告知一下准确答案。
		","市民您好，您反映的问题已转到龙华交通运输局进行处理，现答复如下：目前龙悦居公交场站始发线路有60、75、M504、高快巴士16号等4条线路，以上4条线路总运力达65台；途径并停靠龙悦居的线路有81、316、M365、M385、M459、K384、E3、E11、E11区间线、B653、B877、高峰专线38号等12条线路，以上12条线路总运力达250台。目前我局暂无开通由龙悦居公交总站始发线路的计划。感谢您对公交事业的监督与支持！
"
1861,外省道路运输从业资格证在深圳能否使用,深圳市交通运输委员会,2017.03.23,2017.03.27,"拿外省道路运输从业资格证在深圳从事货运工作，证能否使用和有效？
		","市民您好，您反映的问题已转市港航和货运交通管理局进行处理，并与您进行了沟通和解释。感谢您对交通事业的关心与支持。
"
1867,关于新办小型货车道路运输证,深圳市交通运输委员会,2017.03.21,2017.03.27,"请问现在新办小型货车普通货运运输证要先过汽车综合检测线吗？之前我们办理小型货车都是没有过线的，请问这是从什么时候开始的？
		","市民您好，您反映的问题已转市港航和货运交通管理局进行处理，现答复如下：根据交通部实施的《道路运输车辆技术管理规定》，普通货运车辆自首次经国家机动车辆注册登记主管部门登记注册的，每12个月进行1次检测和评定。感谢您对交通事业的关心与支持。
"
1868,坂田吉华路修路咨询,深圳市交通运输委员会,2017.03.08,2017.03.27,"吉华路是连接布吉、坂田、民治和龙华等片区的重要交通干道。据了解有关部门从2007年开始对吉华路进行升级改造,2011年施工队正式进驻吉华路施工。几年过去了好不容易刚铺好路面,前几个月开始又封路修地铁.奈何至今修了6年多路段还是如此糟糕?请问计划还要修多久能完成,还坂田人民一片安宁,还我们纳税人一份安心?
		","市民您好，您反映的问题已转深圳市地铁集团有限公司进行处理，现答复如下：地铁路线的规划是市轨道办联合市规土委等政府部门经过大量调研后确定的。您的建议我们将上报给相关政府部门。感谢您对交通事业的关心与支持。
"
1870,关于《网络预约出租汽车运输证》到期后是否可以延续期限的咨询,深圳市交通运输委员会,2017.03.13,2017.03.27,"若市民于2017年3月购入混合动力车辆，并根据《网络预约出租汽车经营服务管理暂行办法》第15条之规定取得届满期至2020年12月31日的《网络预约出租汽车运输证》（个人），请问该车辆的《网络预约出租汽车运输证》是否可以在2020年12月31日后获得延续期限？具体管理办法如何？谢谢。

（该问题反映了广大想要进入网约车行业依法取得证照合法开展经营的广大从业人员的重大疑问，请相关部门予以权威回复。谢谢）
		","市民您好，您反映的问题已转到市公共交通管理局进行处理，现答复如下：办法中所提到的2020年12月31日的截止日期是指在此日期之前，满足15条规定的车辆可以申请《网络预约出租汽车运输证》，不涉及车辆证件延续问题。此日期之后，第15条规定则需另做解释。感谢市民对我市交通事业的关注和支持。
"
1876,增加E7在宏扬学校停靠,深圳市交通运输委员会,2017.03.15,2017.03.27,"我21点20分在宏扬学校等M447，两部M447都客满，二部E7都坐不满，直到22点12分才坐到M447，上班高峰更难坐到，我建议增加E7在宏扬学校停靠，本来上班就辛苦，还要回家等车这么久。希望政府帮忙。
		","市民您好，您反映的问题已转到龙岗交通运输局进行处理，现答复如下：快线车辆要保证线路快捷，所以停靠站台数量有限制，请需要的市民通过换乘到该线路的停靠乘坐，同时我局也会收集市民建议，我局会要求东部公交进行统一对客流很突出的站点进行勘察。保证市民便利出行。感谢您对公交事业的监督与支持！
"
1893,龙华交通局,深圳市交通运输委员会,2017.03.14,2017.03.27,"究竟龙观快速沿线站点何时启用，请告知一下准确答案。
		","市民您好，您反映的问题已转到龙华交通运输局进行处理，现答复如下：目前龙观快速还未全线通车，处于封闭状态，沿线还未设立公交候车亭，具体启用时间需根据龙观快速施工进展情况来确定，下一步我局将积极跟进此项工作，及时设立公交候车亭。感谢您对公交事业的监督与支持！
"
1954,龙岗交通局,深圳市交通运输委员会,2017.03.12,2017.03.23,"究竟龙岗交通局前期计划恢复原线路停靠金荣达工业园为何到到现在龙岗交通局还]按原计划实施，请告知一下准确答案。
		","市民您好，您反映的问题已转到龙岗交通运输局进行处理，现答复如下：经核实，目前该路段还未完全修复完毕，人行道好未修建好，但我局已收悉该情况，并要求途经所上述站点的企业尽快建立恢复停靠方案，并尽快落实调整，因涉及线路高达数十条线路，需要一定的时间，等待批文下达后将尽快实施，请市民耐心等候，感谢你对公交事业的监督与支持！
"
1970,西部公汽,深圳市交通运输委员会,2017.03.09,2017.03.23,"究竞西部公司你们公司买一批比亚迪纯电动大巴有无落地使用给民主车队及田园车队还有锦程车队线路上，另你们公司究竞有哪些线路在二月份有换成比亚迪纯电动大巴，请告知一下准确答案。
		","市民您好，您反映的问题已转深圳市西部公共汽车有限公司进行处理，现答复如下：经调查核实：我公司于2016年底完成了3755台纯电动车辆的采购招标程序，车辆陆续投放中，计划2017年底完成公交纯电动化。我公司3月份向M473、M378等线路已投放12台比亚迪纯电动车辆。感谢您对交通事业的关心与支持。
"
2028,深圳东部过境高速公路连接线配套工程布心路段改造何时开工,深圳市交通运输委员会,2017.03.20,2017.03.23,"尊敬的运输委好：请问深圳东部过境高速公路连接线配套工程布心路段，也就是
西起布心路洪湖立交，东向长1.077km段工程何时开工呢？谢谢。
		","市民您好，您反映的问题已转市交通公用设施建设中心进行处理，现答复如下：该信访人所反应的问题，原计划为2016年底动工建设布心路段拓宽改造工程，因罗湖局正在开展布心路下沉方案课题研究工作，故现在暂停布心路扩宽改造实施。待下沉方案课题完成后，才能确定是否实施。感谢您对交通事业的监督与支持！
"
2033,在龙瑞佳园天桥底下增加站台,深圳市交通运输委员会,2017.03.16,2017.03.23,"1、在龙瑞佳园天桥底下增加站台，增加停靠车次：113,k113, J1,22,m409,m430,m488,m371；
2、蛇口西站（既山海居，天桥公交站）路过公交：122，22，233，B819，M409，M430，M687。122，233等一个小时一趟，晚上67点就没车了。蛇口交警大队：要求113，K113，J1等停靠。要求增加山海居始发公交，以及高峰专线，E巴士和H巴士
		","市民您好，您反映的问题已转到南山交通运输局进行处理，现答复如下：站台已经建好，相关线路正在调整中。感谢你对公交事业的监督与支持！
"
2049,龙岗区吉华街道三联路未及时恢复隔离栏，造成安全隐患，已造成伤亡交通事故。,深圳市交通运输委员会,2017.03.14,2017.03.23,"该情况本人已经连续投诉两次，问题没有得到解决，对处理结果不满意。我第二次投诉没过两天，2月28日在三联路上发生了交通事故，救护车是跟着我的车后到现场的，后来听小区微信群里说撞死了人。现在路边停了车，有些是大卡车，这些车辆一是阻挡了驾驶员的视线，二是把部分行人和自行车逼到了机动车道上了，不仅易造成交通拥堵，而且存在严重的安全隐患。最近一次的贵局回复的是“路段为区建筑工务局进行污水管网改造时拆除，我局已再次通知其按要求恢复”，我想问一下，贵局作为交通主管部门，应该拥有足够的行政资源，有能力处理好这种小事吧。否则，路怎么修，设施如何维护？
		","市民您好，该问题为辖区工务局拆除未按原状恢复，建议向辖区工务局反映处理。感谢您对交通事业的关心与支持!
"
2119,宝安交通局,深圳市交通运输委员会,2017.03.11,2017.03.21,"请问荣超滨海大厦能开一些新线路，必须用电话回复。
		","市民您好，您反映的问题已转到市公共交通管理局进行处理，现答复如下：你好，感谢你为我市公交行业工作提出真挚的建议。随着深圳建成区的不断扩大，深圳已基本形成了“轨道交通为骨架、常规公交为网络、出租汽车为补充、慢行交通为延伸”的一体化公共交通体系，市民可以选择合适的公交出行方式满足出行需求。同时，受道路行驶条件和公交场站配置的影响，常规公交不可能完全满足城市任意两点间直达公交出行需求，除了直达公交外，市民的出行需求可通过合理换乘解决。
市民反映的有必要增加“荣超滨海大厦”附近的公交线路等建议，我委高度重视，已将市民提出的意见收集并反馈至专业机构，并将结合年度公交线网优化工作，综合考虑全市二线关口交通改善工程、道路行驶条件、公交场站配置、客流情况、市场需求等因素，充分研究解决反映的出行难问题。感谢市民对我市公交事业的理解和支持。
"
2147,公交处,深圳市交通运输委员会,2017.02.15,2017.03.21,"究竞市交委在2016年下半年公交线网规划方案实施前二天天只是在公交车厢张贴温馨提示为何]在市交委网站公交出行功能及易行网进行公布，请告知一下准确答案。
		","市民您好，您反映的问题已转到市公共交通管理局进行处理，现答复如下：你好，感谢你为我市交通行业工作提出真挚的建议。市民反映的2016年下半年公交线网规划具体实施方案公布相关事宜，我委并无在市交委官网和易行网公示的计划。感谢市民对我市交通事业的关注和支持。
"
2159,宝安交通局,深圳市交通运输委员会,2017.03.12,2017.03.21,"航城大道到固戌地铁站线路太少，建议开行微巴线路方便市民出行。
		","市民您好，您反映的问题已转深圳市西部公共汽车有限公司进行处理，现答复如下：乘客建议我公司会纳入年度线网优化方案中统筹考虑。感谢您对交通事业的关心与支持。
"
2169,更新小汽车指标,深圳市交通运输委员会,2017.03.17,2017.03.21,"本人名下有辆1995年8月的粤B牌照小轿车，在湖南长沙市亲戚使用，自2016年8月起己无法行驶，所以从2016年8月到现在没有年审，请问：我在湖南长沙市办理车辆报废手续后是否可以申请更新指标，期待回复，多谢！
		","市民您好，您反映的问题已转道交中心小汽车调控组进行处理，现答复如下：关于车辆报废能否产生更新指标问题不是我单位的职责范围，请咨询相关业务部门。根据《深圳市小汽车增量调控管理暂行规定》第四条? 我单位小汽车增量调控中心管理部门市小汽车指标调控管理机构具体负责受理指标申请、归集资格审核结果、组织指标配置、出具指标证明文件等工作。以上问题不在我单位负责范围之内。感谢您对交通事业的关心与支持。
"
2171,公交车在公交站台黄色停车区间内时，什么情况下起步算是拒载？,深圳市交通运输委员会,2017.03.13,2017.03.21,"我遇到了一个我认为是被“拒载”的情况：
某线路的公交车原来是停在另一辆公交车的后面，当前面的公交车开走后，该线路的公交车也准备起步或已经起步（因为只看见车头有往左偏），不过仍在公交站台的黄色停车区间内。我在该线路公交车的正前方，司机看见我在挥手示意要乘车，他不但没停反而加速开走了。

请问：
这算不算拒载呢？什么情况下算拒载呢？

这里，有一个算是规划的问题。就是虽然公交站台划有黄色停车区间，但当有多个黄色停车区间时，并没有规定停车区间属于那些线路的停车位。所以，一般的时候，当公交车停在最后停车位时，往往都会继续往前开到前面的停车位（只要有乘客准备乘车）。我以为，如果有确定的线路停车位，而公交车也停在了属于自己的停车位上，一旦已经起步，即便这时有人想乘车，司机是可以不顾的。但像现在这样划分的公共停车位，乘客无法知道应该在哪里等车，所以，只要还在黄色区间内，无论是否起步，都应该等乘客乘车，否则应视为“拒载”。

不知我这样的想法是否正确。请赐教。谢谢！
		","市民您好，您反映的问题已转到市公共交通管理局进行处理，现答复如下：你好，感谢你为我市公交行业工作提出真挚的建议。当公交停靠站台配备有多个泊车位时，公交车进站台停靠时，一般都是相继停靠在最前面的空位，并非停靠在固定泊车位。市民关于规定公交车辆停靠固定泊车位的建议，经研究，不考虑采纳，理由如下：当规定公交车辆停靠泊车位时，如果公交车进站台顺序同所规定的停车泊位不同，将造成后面的公交车停靠时间过长，另外如果每个站点都延误一段时间，总体上将影响整体公交车辆的调度。感谢市民对我市公交事业的理解和支持。
"
2172,西部公汽,深圳市交通运输委员会,2017.03.05,2017.03.21,"请问西部公汽你们公司制作2017年上半年公交线网规划方案究竞有无计划制作将横岗大康及沙湾汽车站二处场站始发线路重复度过高站点进行优化及究竞有无计划制作将下石家车队管理线路换成比亚迪纯电动大巴运营二种方案，另你们公司究竟有无计划新增干线巴士进横岗大康及沙湾汽车站二处场站始发，请告知一下准确答案。
		","市民您好，您反映的问题已转深圳市西部公共汽车有限公司进行处理，现答复如下：我公司的2017年上半年线网优化方案还在制定中，暂无法准确答复。公司暂无计划新增干线巴士进横岗大康及沙湾汽车站二处场站始发。感谢您对交通事业的关心与支持。
"
2194,公交处,深圳市交通运输委员会,2017.03.08,2017.03.20,"究竞市交委计划在蛇口太子湾片区新建十三条道路究竞是哪十三条道路，请告知一下准确答案。
		","? ? 市民您好，该问题不属我委管辖范围，建议向工务局反映处理。感谢您对交通事业的关心与支持！
		
		"
2269,建议开通坪山区至车公庙的常规公交,深圳市交通运输委员会,2017.03.05,2017.03.17,"目前，坪山开往福田的常规公交只有一e20，其它公交全部绕行龙东，龙中，这是龙岗行政坪山的产物，坪山明显被龙岗压制。如今，坪山已经独立为行政区，居然没有常规公交直达福田车公庙 ，南山科技园等上班族集聚处。平时只能靠ebus，如果办个事错过了，就的做地铁转公交，用时至少一个半小时。只能让人觉着坪山偏僻。如今东进大告天下，却无实际行动，这是违背东进战略思想的。希望政府领导增加坪山至车公庙与科技园的公交配套，增强坪山人民的兴奋感。
		","市民您好，您反映的问题已转到市公共交通管理局进行处理，现答复如下：你好，感谢你为我市公交行业工作提出真挚的建议。随着深圳建成区的不断扩大，深圳已基本形成了“轨道交通为骨架、常规公交为网络、出租汽车为补充、慢行交通为延伸”的一体化公共交通体系，市民可以选择合适的公交出行方式满足出行需求。同时，受道路行驶条件和公交场站配置的影响，常规公交不可能完全满足城市任意两点间直达公交出行需求，除了直达公交外，市民的出行需求可通过合理换乘解决。
市民反映的有必要增加从坪山前往车公庙、南山科技园方向的公交线路等建议，我委高度重视，已将市民提出的意见收集并反馈至专业机构，并将结合年度公交线网优化工作，综合考虑全市二线关口交通改善工程、道路行驶条件、公交场站配置、客流情况、市场需求等因素，充分研究解决反映的出行难问题。感谢市民对我市公交事业的理解和支持。
感谢您对交通事业的关心与支持。
"
2273,乘车优惠,深圳市交通运输委员会,2017.03.17,2017.03.17,"老人七十一岁、女儿十岁五年级去哪里办免费乘车证及学生卡，谢谢。都已经来深近四年时间。
		","市民您好，根据关于贯彻执行《深圳市人民政府关于优惠乘坐市内公共汽车和轨道交通的通告》的通知中深圳市敬老优待证的办理须知：?一、办证对象
凡具有深圳市户籍，女年满60周岁以上的老年人，可按规定办理蓝色《深圳市敬老优待证》；男女年满65周岁以上的老年人，可按规定办理黄色《深圳市敬老优待证》。凡居住在深圳，男女年满65周岁以上的老年人，可按规定办理黄色《深圳市暂住老年人免费乘车证》。
二、办证时间
从2008年9月1日起，每个月均进行办理，一个月办理一次。每月1至5日向社区工作站（居委会）申请办理，每月30日以后申请者可到社区工作（居委会）领证。逾期未办的可推移至下月办理时间办理。
三、办证程序
（一）老年人深圳办理《深圳市敬老优待证》，应到户口所在地的社区工作站（居委会）提出申请，并提交以下资料：
1、居民身份证（原件及复印件）；
2、一寸彩色证件相片两张（红底）。
（二）老年人申请办理《深圳市暂作老年人免费乘车证》，应到常住地的社区工作站（居委会）提出申请，并提交以下资料：
1、居民身份证（原件及复印件）；
2、有效居住证（原件及复印件）；
3、一寸彩色证件相片两张（红底）。
（三）申请人需按照新的申请表格要求填写资料、张贴照片、粘贴复印件，字迹工整，如实填写。
四、换领敬老优待证
女年满65周岁以上的深圳市户籍老年人可申请换领黄色《深圳市敬老优待证》，换领时，应交回原领取的蓝色《深圳市敬老优待证》
五、制作和发放
敬老优待证免费办理。优待证在哪里申办就到哪里领取。根据深圳市物价局文件深价管字〔2005〕6号文件规定，深圳通学生卡限深圳市学龄前儿童及全日制中小学校、中专学校、技工学校、职业学校的学生使用。申办条件如下：?深圳市教育局注册、政府统一管理的全日制中小学校（含普通和职业高中）、中专学校、技工学校、职业学校18周岁以下在校学生，如不在深圳就读的则不予申办《深圳通学生卡》。?????????????????????????????????????
1、6-14周岁（不含14周岁）的中小学生由监护人（父母）代为办理，需携带监护人本人和小孩的身份证（或儿童证、户口簿、护照等其他有效证件）及学生证或在校证明（内容包括学生姓名、性别、学校名称、就读年级等）的原件和复印件。
2、14-18周岁（不含18周岁）的中学生可携带已注册的学生证或就读学校开具的在校证明，以及身份证或其他有效证件原件和复印件，如监护人代办还需提供监护人的身份证件原件及复印件。
3、家长代办深圳通学生卡除需提供申办学生的有效学生证明和身份证明外，还需提供家长的身份证或户口本等有效身份证件用以证明与申办学生的亲属关系。
4、学生卡办理需在深圳通系统内输入学生的身份证号码。
5、可到深圳通自营客服网点或其他指定网点（详细查阅深圳通网站www.shenzhentong.com）办理。
"
2297,龙岗交通局,深圳市交通运输委员会,2017.03.07,2017.03.17,"究竟龙华交通局从去年11月份到现在计划搬迁一些线路进驻锦绣观园公交总站始发为何实施之后过几天又迁出原来场站始发，请告知一下准确答案
		","市民您好，您反映的问题已转到龙华交通运输局进行处理，现答复如下：为解决招商锦绣观园业主出行，我局于11月11日调整352线进入锦绣观园试运行，经过1个月试运行，352线客流较少,现根据实际客流情况暂不调整352线进入锦绣观园公交总站。目前锦绣观园居民可至锦绣观园公交总站乘坐高峰专线80号出行，或者步行约500米至“新村后门”公交站乘坐352、627、M288、B652等线路出行。为进一步加强招商锦绣观园保障房与地铁四号线之间的衔接，我局于2016年12月16日延长高峰专线80号服务时间，往清湖地铁站方向服务时间由07:00- 20:00调整为06:20- 21:00，往锦绣观园方向服务时间由07:00- 20:00调整为07:10- 22:00。同时，为解决小区小孩上学问题，我局调整B861线在锦绣观园总站始发，该线途径观澜二小，能有效缓解小孩上学问题。感谢您对交通事业的关心与支持。
?
"
2306,公交处,深圳市交通运输委员会,2017.03.02,2017.03.17,"请问市交委究竟深圳能否在2017年9月底实现全国第一个公交纯电动化的城市，请告知一下准确答案。
		","市民您好，您反映的问题已转到市公共交通管理局进行处理，现答复如下：你好，感谢你为我市公交行业工作提出真挚的建议。按照市政府工作部署，确保2017年底实现我市公交车辆100%纯电动化。感谢市民对我市公交事业的关注和支持。
"
2324,无法上传照片,深圳市交通运输委员会,2017.03.06,2017.03.17,"在网络预约出租车平台无法上传身份证正反面及手持证件照片，每张照片大小都没有超1M，尝试多次网页一直提示“照片上传中，请稍候”。请问是什么原因？网页是否正常？谢谢！
		","市民您好，您反映的问题已转到市公共交通管理局进行处理，现答复如下：您好，此问题已转交技术支持部门处理。感谢您对交通事业的关心与支持。
"
2329,空运过来的宠物带笼子的公交也不允许带？,深圳市交通运输委员会,2017.03.04,2017.03.17,"很多异地邮寄宠物选择空运，带笼子的，地铁不让带，公交也不允许，出行非常不变，离得远的打车又贵的死。带笼子又不会影响到别的乘客为什么不让带？！！！公交站不就是为了市民方便么，这样不明确的规定却让不得已的宠主非常不便。法律还存人情，规定也是人定的，为什么一个大城市连对小动物都包容不下，建议可以安排有可以带笼子宠物的公交，带宠物标识，这样比较敏感介意的人就会避免，喜爱宠物的或者不介意宠物的人自愿搭乘！还有的导盲犬也是！让生活更简单不好么？本来就不易了，我相信这样的想法不仅仅我一个人有，我也相信一个更具包容性的城市更让人心暖。
		","市民您好，您反映的问题已转到市公共交通管理局进行处理，现答复如下：你好，感谢你为我市公交行业工作提出真挚的建议。《深圳市养犬管理条例》第二十七条“禁止携带犬只进入下列场所，但盲人携带和肢体重残人携带扶的除外：（一）除出租小汽车以外的其他公共交通工具；”，即禁止携带导盲犬、助犬除外的犬只乘坐公交车。市民关于安排允许携带“带笼子宠物”公交车的建议与该项规定冲突，经权宜暂不纳入。感谢市民对我市公交事业的理解和支持。
"
2369,公交处,深圳市交通运输委员会,2017.02.20,2017.03.16,"究竞市交委计划在年内建11个综合公交场站是哪11个综合公交场站，请告知一下准确答案。
		","市民您好，您反映的问题已转市交通公用设施建设中心进行处理，并与您进行了沟通和解释。感谢您对交通事业的关心与支持。
"
2378,摇号,深圳市交通运输委员会,2017.03.15,2017.03.16,"我叫程冱, 身份证及驾驶证号为362222197310245113,驾驶证档案编号原为440301723396,(深圳市驾驶证) 在2016年底我的驾驶证丢失, 并进行了补办,补办的驾驶证档案编号为440304639976, 自从深圳开始实行小汽车摇号以来, 我已经连续参加了十多期摇号, 2006年12期突然接到信息说我摇号资格审核不通过,我想是因为补换驾驶证的原因, 就把原来的申请取消了, 然后重新申请摇号,可是不管我用新的驾驶证档案号还是旧的驾驶证档案号申请,均显示""您的申请条件不符合, 烦请回复应怎样办理这件事,谢谢!
		","市民您好，根据实施细则第十六条? 市公安部门负责审核申请人的本市户籍信息、居住证信息，审核港澳台地区居民、华侨和外国人的身份信息及在深居住情况；市公安交警部门负责审核申请人的驾驶证信息以及名下的车辆信息；市国税、地税部门负责审核纳税信息；市人力资源社会保障部门负责审核医疗保险信息；市市场质量监管部门负责审核企业注册登记信息、组织机构代码证信息；市发展改革部门负责审核企业新开工项目投资额信息；市统计部门负责审核企业已完成的投资额信息。我委不参与审核环节，建议您用手机号码+设置的密码通过网址（xqctk.sztb.gov.cn）登录系统进行查询审核不通过的具体原因，并咨询相应的审核部门，如还有疑问，建议您拨打深圳市12328交通运输服务监督热线进行咨询。
"
2383,深圳网约车营运性质咨询,深圳市交通运输委员会,2017.03.06,2017.03.16,"问题1:目前滴滴司机网约车营运证)变更营运性质后,若是日后退出滴滴平台还能否把车辆信息转为非营运性质?
问题2:滴滴司机若是用出租汽车驾驶员从业资格证更换网约车证的情况下,是否该出租车从业资格证会被注销?
		","市民您好，您反映的问题已转到市公共交通管理局进行处理，现答复如下：营运性质车辆应不能转成非营运性质。驾驶员有网约车资格证的话，不用同时拥有出租车从业资格证。感谢您对交通事业的关心与支持。
"
2384,光明交通局,深圳市交通运输委员会,2017.02.22,2017.03.16,"究竞光明交通局准备上报2017年上半年公交停靠站更名方案给市交委审批有无包括东长路口及甲子塘路口，请告知一下准确答案。
		","市民您好，您反映的问题已转到光明交通运输局进行处理，现答复如下：经调查，我局暂时没收到东长路口及甲子塘路口站台更名批文等相关文件。停靠站更名需要进行站名规化等步骤，无法立即答复或实施。感谢您对交通事业的关心与支持。
"
2387,南山区科苑路北延段何时能开通？,深圳市交通运输委员会,2017.03.03,2017.03.16,"只有1公里多的科苑路北延段对于南山有着重要意义――缓解沙河西路交通压力，连接科技园和留仙洞两大重要产业基地。新近，南山区委书记姜建军、代区长王强在调研留仙洞战略新兴产业总部基地时，相关单位给出一个时间表：科苑路北延段2016年竣工。
　　 南山，南北狭长。沙河西路曾经是南部进入北部西丽片区的唯一大动脉。作为缓解沙河西路交通压力的重要支线路，科苑路北延段从2007年便由政府立项并开展环评工作。
　　 昨天在现场，科苑路从科技园南区一路北行，穿过科技园北区，至宝深路便“断头”。要去西丽片区，必须东行宝深路，再转道沙河西路。
　　 建设科苑路北延段始于市规划和国土资源委员会官网挂于2007年3月16日发布的一纸公告。公告介绍，科苑路北延段工程设计范围为：南起科苑路－宝深路交叉口，北至茶光路－石鼓路交叉口，道路全长约1.13公里。工程内容主要是：新建道路下穿宝深路、广深高速、平南铁路及仓储区，其中隧道长900米。该项目主要承担广深高速以北留仙洞、西丽片区与南山中部高新技术园区之间的交通出行，建成后可缓解沙河西路在这一地区的交通压力。
　　 根据汇报材料，科苑路北延段连接石鼓路与科苑路，下穿广深高速。2014年开工，预计2016年竣工。（2015年09月02日04:04 深圳商报）
     科苑路北延段从2007年便由政府立项并开展环评工作，至今已有10年了仍未开通，区政府领导也给出过开通时间，但至今仍未落实，政府的公信力何在？到底何时能开通？

		","市民您好，您反映的问题已转到南山交通运输局进行处理，现答复如下：科苑路北延目前正在进行方案论证，项目进展缓慢的原因在于周边不可控因素太大，采用上跨形式则会对周边小区造成极大影响，成本也极高，采用下穿形式则因为地下高压燃气、电缆等管线密集，实施难度大，加上正在规划的西丽枢纽站也对北延计划产生了新的影响。感谢您对交通事业的关心与支持。
"
2393,货车二级维护还要不要强制维护,深圳市交通运输委员会,2017.03.16,2017.03.16,"深圳各物流公司货车有部分要做二级维护的，也有不要做的是什么原因呢？有公告或规定吗？
		","市民您好，维修业务已下派至各辖区监管，建议向所属辖区交通运输局行政服务窗口咨询。感谢您对交通事业的关心与支持！
"
2399,西部公汽,深圳市交通运输委员会,2017.02.28,2017.03.15,"究竟西部公汽有哪些线路换成比亚迪纯电动大巴，请告知一下准确答案。
		","市民您好，您反映的问题已转深圳市西部公共汽车有限公司进行处理，现答复如下：我公司于2016年底完成了3755台纯电动车辆的采购招标程序，车辆陆续投放中，计划2017年底完成公交纯电动化。感谢您对交通事业的关心与支持。
"
2408,公交处,深圳市交通运输委员会,2017.02.23,2017.03.15,"究竟深圳所有公交站点何时能覆盖电子站牌，请告知一下准确答案。
		","市民您好，您反映的问题已转到市公共交通管理局进行处理，现答复如下：你好，感谢你为我市公交行业工作提出真挚的建议。目前，我委已经在深南大道沿线部分公交站台试点建设了20个实体电子站牌。同时正在收集试点电子站牌的使用意见，后续将按照市民的反馈意见进行修改，并根据市民的反馈情况决定下一步的推广计划。2013年初，我委推出了“交通在手”手机APP，提供了实时公交信息查询。目前“交通在手”已经可以查询深圳市800余条公交线路的实时实公交信息。在实体电子站牌建设推广完成之前，市民可通过“交通在手”APP查询时公交信息。感谢市民对我市公交事业的关注和支持。
"
2409,异地牌顺风车的合法性,深圳市交通运输委员会,2017.02.24,2017.03.15,"目前网约顺风车已经确定为合乘车的一种，确定为非营运车辆，并且在关于规范私家小客车合乘车若干规定)中提到了拼车和顺风车的合法性。我的私家车在滴滴平台注册为顺风车，在上下班期间偶尔会有乘客通过滴滴同路。我户口是深圳本地的，有工作，但车子是外地的，不符合合乘车中规定的使用深圳市注册车辆的要求，被运管扣押，并以非深圳注册车辆为由认为车辆是营运目的，应获得营运牌照，并使用 “深圳经济特区出租小汽车管理条例”为依据。依据合适嘛？仅因是异地车牌，就直接定为营运目的嘛？ 我认为性质不能判断错误，各方面都符合规定，仅因是外地牌就认定是营运车辆，有失公平。首先是合乘车，然后才是对不符合合乘车规定的行为进行依法处理。
		","市民您好，您反映的问题已转市交通运输行政执法支队进行处理，现答复如下：《深圳市网络预约出租汽车经营服务管理暂行办法》规定：
一、第十三条
从事网约车经营服务的车辆，应当取得《网络预约出租汽车运输证》。
二、第十九条
从事网约车经营服务的驾驶员，应当取得《网络预约出租汽车驾驶员证》。
三、第三十四条
网约车应当在许可的经营区域内从事经营活动，超出许可经营区域的，起讫点一端应当在许可的经营区域内。
四、第四十七条
网约车经营者违反本办法规定，有下列行为之一的，由市交通运输主管部门责令改正，予以警告，并处10000元以上30000元以下罚款；构成犯罪的，依法追究刑事责任：
　　（一）未取得《网络预约出租汽车经营许可证》，擅自从事或者变相从事网约车经营活动的；
　　（二）伪造、变造或者使用伪造、变造、失效的《网络预约出租汽车经营许可证》从事网约车经营活动的。
五、第四十八条
网约车经营者违反本办法规定，有下列行为之一的，由市交通运输主管部门责令改正，对每次违法行为处5000元以上10000元以下罚款；情节严重的，处10000元以上30000元以下罚款：
　　（一）提供服务的车辆未取得本市核发的《网络预约出租汽车运输证》,或者线上提供服务车辆与线下实际提供服务车辆不一致的；
　　（二）提供服务的驾驶员未取得本市合法有效从业资格的，或者线上提供服务驾驶员与线下实际提供服务驾驶员不一致的；
　　（十）网约车经营活动起讫点均不在许可的经营区域内的。
感谢您对交通事业的关心与支持。
"
2415,网约车,深圳市交通运输委员会,2017.02.24,2017.03.15,"网约车车辆是否有报废年限。网约车车辆是否可以主动提前退出网约车经营。退出经营后其车辆使用性质如何定义。
		","市民您好，您反映的问题已转到市公共交通管理局进行处理，现答复如下：网约车报废年限为8年，目前尚未规定是否可以主动退出营运。感谢您对交通事业的关心与支持。
"
2417,东部公交,深圳市交通运输委员会,2017.03.05,2017.03.15,"请问东部公交你们公司制定2017年上半年公交线网规划方案究竟有无计划制作将途经环宇酒店终点站福田枢纽搬迁到福田高铁站及究竟有无计划将途经景芬路口终点站甘坑总站搬迁到福田口岸始发二种方案，请告知一下准确答案。
		","市民您好，您反映的问题已转深圳市东部公共交通有限公司进行处理，现答复如下：非常感谢对东部公交的关注，东部公交目前暂无上述方案计划。感谢您对交通事业的关心与支持。
"
2420,宝安交通局,深圳市交通运输委员会,2017.03.08,2017.03.15,"究竞宝安交通局有无计划上报给市交委审批将途经翻身实验西校区西终点站福永塘尾总站搬迁至宝安桃源居始发，请告知一下准确答案。
		","市民您好，您反映的问题已转深圳市西部公共汽车有限公司进行处理，现答复如下：我公司的2017年上半年线网优化方案还在制定中，暂无法准确答复。感谢您对交通事业的关心与支持。
"
2422,公交处,深圳市交通运输委员会,2017.03.05,2017.03.15,"究竟盐田交通局制定2017年上半年公交线网规划方案有无包括线路合并及中巴换大巴二种方案，请告知一下准确答案
		","市民您好，您反映的问题已转盐田交通运输局进行处理，现答复如下：根据市交委的统一安排，2017年公交线网优化将科学运用公交出行大数据，突出精细化、标准化、科学化的原则，现正处于通过现场调查、走访收集片区出行大数据阶段。感谢您对交通事业的关心与支持。
"
2440,深圳小车教练员办理咨询,深圳市交通运输委员会,2017.03.06,2017.03.15,"请问一下， 深圳小车教练员，是否要考取资格证或者从业证？    个人不通过培训机构可否报考？步骤是怎样的？费用大概多少？
    谢谢!
		","市民您好，您反映的问题已转市港航和货运交通管理局进行处理，并与您进行了沟通和解释。感谢您对交通事业的关心与支持。
"
2444,深圳驾培取消长训,深圳市交通运输委员会,2017.03.05,2017.03.15,"请问:深圳驾培C1什么时候取消长训?
		","市民您好，您反映的问题已转市港航和货运交通管理局进行处理，现答复如下：目前我国驾培行业实行“训考分离”的管理体制，交通运输部门负责“训”，公安交警部门负责“考”。信访人咨询的长训为现在的长考，关于考试疑问建议信访人咨询公安交警局。感谢您对交通事业的关心与支持。
"
2458,公交处,深圳市交通运输委员会,2017.03.05,2017.03.15,"究竟盐田片区除了大梅沙海滨总站以外还有哪些租的公交场站在6月份之前到期导致被迫搬迁，请告知一下准确答案
		","市民您好，您反映的问题已转盐田交通运输局进行处理，现答复如下：因地块综合开发，大梅沙海滨公交总站将于6月底搬迁，盐田区其它租赁场站合同暂未到期。感谢您对交通事业的关心与支持。
"
2460,公交处,深圳市交通运输委员会,2017.03.04,2017.03.15,"究竟大梅沙海滨总站于6月底进行搬迁因此究竟大梅沙海滨总站始发线路计划搬迁到哪个场站进行始发，请告知一下准确答案。
		","市民您好，您反映的问题已转盐田交通运输局进行处理，现答复如下：大梅沙海滨总站6月底将搬迁至大梅沙闻檀道临时场站，现该地块已由区工务局在进行土地平整和硬化。感谢您对交通事业的关心与支持。
"
2482,N8路公交线从未看到正常开行,深圳市交通运输委员会,2017.03.06,2017.03.15,"N8路公交车作为19路的夜班，服务时间为21：45至23：00.然而在此期间，开来的车仍然是19路公交车，造成很多人不知道N8作为19的夜班，可以在这么晚等公交车，造成很大不便。建议：要么严格遵守时间，N8运营时间内，19路车调整电牌显示N8且在车头放置头牌，清楚地提示乘客现在是N8路运营；要么取消N8线（因为N8停靠站点和19完全一致），直接写19线运营末班车为23：00，减少乘客对线路认知上的障碍。
		","市民您好，您反映的问题已转深圳巴士集团股份有限公司进行处理，并与您进行了沟通和解释。感谢您对交通事业的关心与支持。
"
2490,公交处,深圳市交通运输委员会,2017.03.05,2017.03.15,"究竟罗湖交通局制定2017年上半年公交线网规划方案有无包括线路合并及中巴换大巴二种方案，请告知一下准确答案
		","市民您好，您反映的问题已转罗湖交通运输局进行处理，现答复如下：2017线网调整工作尚在征集讯息阶段，暂无具体调整方案。感谢您对交通事业的关心与支持。
"
2491,增加M413路线车辆,深圳市交通运输委员会,2017.03.04,2017.03.15,"为什么M413的路线车辆这么少？每天下班6点左右，在上川路口等车要20--30分钟？下班时间段高峰为什么不能发车次数增加。而且每次车子都特别多人，都上不了。沿路都会上许多人，应该多增加车辆。有几次都因为人数太多关不了门差点出事了。
为了大家的生命安全，希望在上下班高峰多增加点车辆。早上等车也是，其他车辆都来了3-4辆了，M413才来一辆！不知道上班时间很急吗，每次都挤不上去。
希望能重视这个问题。谢谢！
		","市民您好，您反映的问题已转深圳市东部公共交通有限公司进行处理，现答复如下：经查该线路高峰期8分钟一班车，平峰期10-15分钟，有时线路上塞车会导致乘客的候车时间加大。感谢您对交通事业的关心与支持。
"
2492,网约车,深圳市交通运输委员会,2017.02.28,2017.03.15,"你好
因东莞网约政策未落地，所以办不了网约车相关证件，目前只是滴滴平台注册车辆。
以上这种情况，东莞通过滴滴平台接单，送乘客到深圳，在深圳运政部门是否会抓？

		","市民您好，您反映的问题已转市交通运输行政执法支队进行处理，现答复如下：《深圳市网络预约出租汽车经营服务管理暂行办法》规定：一、第十三条
从事网约车经营服务的车辆，应当取得《网络预约出租汽车运输证》。二、第十九条
从事网约车经营服务的驾驶员，应当取得《网络预约出租汽车驾驶员证》。三、第三十四条
网约车应当在许可的经营区域内从事经营活动，超出许可经营区域的，起讫点一端应当在许可的经营区域内。四、第四十七条
网约车经营者违反本办法规定，有下列行为之一的，由市交通运输主管部门责令改正，予以警告，并处10000元以上30000元以下罚款；构成犯罪的，依法追究刑事责任：　　（一）未取得《网络预约出租汽车经营许可证》，擅自从事或者变相从事网约车经营活动的；　　（二）伪造、变造或者使用伪造、变造、失效的《网络预约出租汽车经营许可证》从事网约车经营活动的。五、第四十八条
网约车经营者违反本办法规定，有下列行为之一的，由市交通运输主管部门责令改正，对每次违法行为处5000元以上10000元以下罚款；情节严重的，处10000元以上30000元以下罚款：　　（一）提供服务的车辆未取得本市核发的《网络预约出租汽车运输证》,或者线上提供服务车辆与线下实际提供服务车辆不一致的；　　（二）提供服务的驾驶员未取得本市合法有效从业资格的，或者线上提供服务驾驶员与线下实际提供服务驾驶员不一致的；　　（十）网约车经营活动起讫点均不在许可的经营区域内的。
感谢您对交通事业的关心与支持。
"
2502,强烈建议E28延长公明，周家大道何时通公交？,深圳市交通运输委员会,2017.03.08,2017.03.15,"E28客流稀少，浪费严重，历史已经无数次证明，光靠光明街道一点点客流根本无法维持任何一条快线公交，交委为何总是喜欢单独给光明街道单独增加公交？强烈建议E28延长到公明汽车站

另外周家大道东段已经通车，这条路是光明新区两明间最便捷的通道，也有规划两对公交站，请问何时能通公交？
		","市民您好，您反映的问题已转光明交通运输局进行处理，现答复如下：经调查，根据信访人建议，光明新区目前总共有6条快线，其中有4条经过公明街道，且目前规划新增1条高峰专线（公明马山头―福田高铁站）线路。另外，周家大道已计划调整（新增）线路，但是由于系统还未更新，所以延误。感谢您对交通事业的关心与支持。
"
2604,龙岗交通局,深圳市交通运输委员会,2017.03.01,2017.03.13,"究竟龙岗交通局手里目前有无暂缓开通新线路及调整线路文件，告知一下准确答案。
		","市民您好，您反映的问题已转龙岗交通运输局进行处理，现答复如下：经核实，目前有这些线路进行调整M466、B856、979、B743、B744、398、M501、B903、M394、B671。感谢您对交通事业的关心与支持。
"
2630,东部公交,深圳市交通运输委员会,2017.02.28,2017.03.13,"究竟东部公交制定2017年上半年公交线网规划方案究竟目前制作哪些方案，请告知一下准确答案。
		","市民您好，您反映的问题已转深圳市东部公共交通有限公司进行处理，现答复如下：关于东部公交制定2017年上半年公交线网规划方案的问题，我司将以市交委统一工作部署为准，并根据部署统一将方案上报交委，具体公交线网规划内容请以交委公示为准，谢谢！感谢您对交通事业的关心与支持。
"
2631,东部公交,深圳市交通运输委员会,2017.02.28,2017.03.13,"究竟东部公交近期有无置购比亚迪纯电动大巴，请告知一下准确答案。
		","市民您好，您反映的问题已转深圳市东部公共交通有限公司进行处理，现答复如下：非常感谢市民的关注，近期无购置。感谢您对交通事业的关心与支持。
"
2652,公交处,深圳市交通运输委员会,2017.03.01,2017.03.13,"究竟福田交通局准备上报2017年上半年公交停靠点更名方案有无包括皇岗口岸及皇岗村二处站点，请告知一下准确答案。
		","市民您好，您反映的问题已转福田交通运输局进行处理，现答复如下：问题已收悉，已纳入下一批停靠站更名方案中。感谢您对交通事业的关心与支持。
"
2698,关于建筑业企业资质 公路交通工程专业承包（公路安全设施分项）二级申请资料如何递交,深圳市交通运输委员会,2017.03.03,2017.03.10,"我司申请建筑业企业资质 公路交通工程专业承包（公路安全设施分项）二级，由深圳市住房和建设局开出会审申请函后，1、我司该把资料递交到贵委员会的哪个部门审查；2、该由哪个行政窗口或科室收取资料；3、审查时限为多长？
		","? ? 市民您好，建议您补充具体区域，以便我委相关部门回复。感谢您对交通事业的关心与支持！
		
		"
2723,在建房屋工程增开大门出入口,深圳市交通运输委员会,2017.03.09,2017.03.10,"是否在我们这里备案？如果是，需要提交什么资料？
		","市民您好，由于您反映的问题不够清晰，建议您进一步补充说明具体区域，或直接拨打深圳市12328交通运输服务监督热线进行反映。感谢您对交通事业的关心与支持!
"
2794,公交处,深圳市交通运输委员会,2017.02.24,2017.03.08,"究竟市交委在2016年下半年公交线网规划方案将深圳湾口岸始发二条中巴车改成大巴车而且市交委己下批文给公交企业执行为何公交企业在线路二端服务时间一台车都没发，请告知一下准确答案？
		","市民您好，您反映的问题已转到市公共交通管理局进行处理，现答复如下：你好，感谢你为我市公交行业工作提出真挚的建议。原B813已调整为M506（深圳湾口岸公交总站-中山园场站），原B688已调整为M507（深圳湾口岸公交总站-西乡大铲湾码头），调整后的两条线路目前均配备大巴运营。感谢市民对我市公交事业的关注和支持。
"
2801,关于公交398和M220停靠岸上林居的咨询和建议,深圳市交通运输委员会,2017.03.03,2017.03.08,"请问公交398和M220要调整线路是否属实？是否调整后不再停靠龙岗岸上林居站台？如若属实，这对周边居民出行造成很大的不便。M220可以去到爱联地铁口，398可以快捷经过许多M501和B723不到的站点，并且M501和B723发车班次很少并且很绕路，每次都要等半个小时才有一班车，还都是小车，上下班高峰是对在龙岗上班的居民时间的浪费。请保留M220和398继续停靠龙岗岸上林居站。
		","市民您好，您反映的问题已转深圳市东部公共交通有限公司进行处理，现答复如下：398线、M220线并没有取消停靠“岸上林居”站台，请乘客放心乘坐。感谢您对交通事业的关心与支持。
"
2809,光前村那边 开往南山科技园的车太少,深圳市交通运输委员会,2017.03.03,2017.03.08,"从桃园光前村那边 开往南山科技园的车太少，只有一路49，并且这个车发车间隔时间太长了，每次上班都挤不上去，建议在上下班高峰时间缩短发车时间，最好多增加几条线路从光前村开往科技园这边的
		","市民您好，您反映的问题已转南山交通运输局进行处理，现答复如下：市民您好，该问题已收悉，现场调研后，再作相应的调整。感谢您对交通事业的关心与支持。
"
2818,公交处,深圳市交通运输委员会,2017.02.18,2017.03.08,"究竟罗湖交通局准备上报2017年上半年公交站点更名方案有无包括国贸站点及罗湖人才市场站点还有罗湖小学站点。请告知一下准确答案。
		","市民您好，您反映的问题已转罗湖交通运输局进行处理，现答复如下：市民您好，我局关于2017年上半年公交站点更名方案不包括“国贸”站、“罗湖人才市场”站及“罗湖小学”站。感谢您对交通事业的关心与支持。
"
2820,公交处,深圳市交通运输委员会,2017.03.05,2017.03.08,"究竟南山交通局制定2017年上半年公交线网规划方案有无包括线路合并及中巴换成大巴车还有新增直达线路三种方案，请告知一下准确答案。
		","市民您好，您反映的问题已转南山交通运输局进行处理，现答复如下：市民您好，该问题已收悉，公交线网规划方案的线路还在计划中。感谢您对交通事业的关心与支持。
"
2824,强烈反对14号线龙岗加站,深圳市交通运输委员会,2017.03.03,2017.03.08,"坚决支持上报的14站方案，快线只能在离市区远的尾部加密站点，中间站点应尽量疏远，如同14号线碧海到机场7 .5公里远，南约到沙湖才5公里，中间不宜加站 ，应该让坪山到达市区控制在半小时内，龙岗离市区近接驳一下就好了，况且龙岗已经有3号线了，未来还有16号线，请不要把快线折腾成慢线，望领导坚持14站方案。
		","市民您好，您反映的问题已转深圳市地铁集团有限公司进行处理，现答复如下：地铁路线的规划是市轨道办联合市规土委等政府部门经过大量调研后确定的。您的建议我们将上报给相关政府部门。感谢您对交通事业的关心与支持。
"
2826,公交处,深圳市交通运输委员会,2017.02.23,2017.03.08,"究竟深圳市交委何时能每年开展三批次公交线网规划方案，请告知一下准确答案。
		","市民您好，您反映的问题已转到市公共交通管理局进行处理，现答复如下：你好，感谢你为我市公交行业工作提出真挚的建议。我委每年只开展两批次公交线网规划优化调整工作。感谢市民对我市公交事业的关注和支持。
"
2834,西部公汽,深圳市交通运输委员会,2017.03.01,2017.03.08,"究竟塘家总站何时启用及塘家总站启用之后将调整哪些线路进驻塘家总站始发，告知一下准确答案。
		","市民您好，您反映的问题已转深圳市西部公共汽车有限公司进行处理，现答复如下：市民反映的“塘家总站”位于光桥路和塘家村的交汇处，是我司新开辟的一块新公交场地，该场地充电装置、办公场所等还在施工当中，预计5月份将完工，现只有B927、B949两条微巴线路在此总站运营，暂时无法规划其他线路进入该总站，待该总站配套设施全面完工后，我司将会根据乘客的需求制定方案，优化调整线路进入该总站。感谢您对交通事业的关心与支持。
"
2836,科苑北公交站太拥堵,深圳市交通运输委员会,2017.03.03,2017.03.08,"上下班时期科苑北道路两边公交站都在过拥挤，特别是下班时期向西开公交站等车的人都站到马路上了，建议在附近多增加几个公交站台 
		","市民您好，您反映的问题已转南山交通运输局进行处理，现答复如下：市民您好，该问题已收悉，此建议已纳入2017年公交课题改造中。感谢您对交通事业的关心与支持。
"
2860,西部公汽,深圳市交通运输委员会,2017.02.19,2017.03.07,"请问西部公汽你们公司制作2017年上半年公交线网规划方案究竟无包括线路合并方案，另你们公司究竞有无计划新增微巴线路及干线巴士还有高峰专线另外还有快线途经荣超海滨大厦及金龙华广场二处道路上，不能告知准确答案就不要受理此单。
		","市民您好，您反映的问题已转到深圳市西部公共汽车有限公司进行处理，现答复如下：我公司2017年上半年公交线网规划方案正在制定当中，尚未完成及提交交委审核。我公司暂无计划新增微巴线路及干线巴士还有高峰专线另外还有快线途经荣超海滨大厦及金龙华广场二处道路上。因该信访人采用网上咨询方式，可采用网上查询处理结果，因此未电话回复。感谢您对交通事业的关心与支持。
"
2877,西部公汽,深圳市交通运输委员会,2017.02.26,2017.03.07,"请问西部公汽你们公司究竟是否在2017年一整年在宝安片区计划更换1800台新能源比亚迪纯电动大巴，另你们公司究竟在2017年一整年计划新增12条高峰专线有无途经西乡盐田大门及西乡步行街还有新安市场三处道路上，不能告知准确答案就不要受理此单。
		","市民您好，您反映的问题已转深圳市西部公共汽车有限公司进行处理，现答复如下：我公司于2016年底完成了3755台纯电动车辆的采购招标程序，车辆陆续投放中，计划2017年底完成公交纯电动化。我公司计划于今年完成我公司2017年上半年公交线网规划方案正在制定当中，尚未完成及提交交委审核，其中线路的新增以及调整暂无法明确答复。感谢您对交通事业的关心与支持。
"
2893,公交处,深圳市交通运输委员会,2017.02.28,2017.03.07,"究竟市交委暂缓开通盐田食街片区到沙头角公交线路途经站点规划下来没有及买到新车辆没有还有寻找到合适场站没有，请告知一下准确答案。
		","市民您好，您反映的问题已转盐田交通运输局进行处理，现答复如下：地块开发，大梅沙海滨总站将于6月份搬迁，在盐田区政府的大力支持下，确定闻檀道西北侧地块作为临时过渡场站，可以解决一部分场站搬迁导致的公交车泊位缺口问题。拟于4月底开通1条连接大梅沙片区、盐田食街与海山片区的微巴线路，现正在制定线路方案。感谢您对交通事业的关心与支持。
"
2901,西部公汽,深圳市交通运输委员会,2017.02.28,2017.03.07,"请问西部公汽你们公司制作2017年上半年公交线网规划方案究竟目前做哪些方案，另你们公司究竟有无接到市交委关于新安市场站点更名方案，请告知一下准确答案。
		","市民您好，您反映的问题已转深圳市西部公共汽车有限公司进行处理，现答复如下：我公司2017年上半年公交线网规划方案正在制定当中，尚未完成及提交交委审核。我公司暂无接到新安市场更名方案。感谢您对交通事业的关心与支持。
"
2905,宝安交通局,深圳市交通运输委员会,2017.02.23,2017.03.07,"究竟宝安交通局及西部公汽制作及上报给市交委审批的2017年上半年公交线网规划方案有无包括将大宝北路公交总站始发中巴车改成大巴车方案，请告知一下准确答案。
		","市民您好，您反映的问题已转到深圳市西部公共汽车有限公司进行处理，现答复如下：我公司2017年上半年公交线网规划方案正在制定当中，尚未完成及提交交委审核。感谢您对交通事业的关心与支持。
"
2907,西部公汽,深圳市交通运输委员会,2017.02.16,2017.03.07,"请问西部公汽你们公司制作2017年上半年公交线网规划方案究竟目前有无计划制作及上报将途经田厦村高峰专线改成常规线路给市交委审批，另你们公司究竟目前有无计划新增微巴线路及干线巴士还有高峰专线途经龙华天虹商场及观澜天虹商场二处道路上，不能告知一下准确答案就不要受理此单。
		","市民您好，您反映的问题已转深圳市西部公共汽车有限公司进行处理，现答复如下：我公司2017年上半年公交线网规划方案正在制定当中，尚未完成及提交交委审核。我公司暂无计划新增微巴线路及干线巴士还有高峰专线途经龙华天虹商场及观澜天虹商场二处。感谢您对交通事业的关心与支持。
"
2911,建议开通梅景站经北环大道，到南山科技园的公交快捷线,深圳市交通运输委员会,2017.02.18,2017.03.07,"南山科技园中北区目前没有地铁，上下班高峰经北环大道上下班的人很多，
9号线正在绿化恢复，建议在梅景D\A2出口，在北环大道两侧各建一个地铁接驳站；
开通一条到南山科技园的公交快捷线，终点可以设在华瀚科技总站，
并将福田中医院公交站的部分快线移到梅景地铁接驳站！
		","市民您好，您反映的问题已转到市公共交通管理局进行处理，现答复如下：你好，感谢你为我市公交行业工作提出真挚的建议。随着深圳建成区的不断扩大，深圳已基本形成了“轨道交通为骨架、常规公交为网络、出租汽车为补充、慢行交通为延伸”的一体化公共交通体系，市民可以选择合适的公交出行方式满足出行需求。同时，受道路行驶条件和公交场站配置的影响，常规公交不可能完全满足城市任意两点间直达公交出行需求，除了直达公交外，市民的出行需求可通过合理换乘解决。市民反映的有必要增加“梅景地铁站”的接驳公交停靠站和开设前往华瀚科技总站方向的新线路等建议，我委高度重视，已将市民提出的意见收集并反馈至专业机构，并将结合年度公交线网优化工作，综合考虑全市二线关口交通改善工程、道路行驶条件、公交场站配置、客流情况、市场需求等因素，充分研究解决反映的出行难问题。感谢市民对我市公交事业的理解和支持。
"
2913,西部公交,深圳市交通运输委员会,2017.02.16,2017.03.07,"究竟西部公汽及龙华交通局何时计划调整线路行驶龙观快速并且该方案何时上报给市交委审批，请告知一下准确答案。
		","市民您好，您反映的问题已转深圳市西部公共汽车有限公司进行处理，现答复如下：我公司2017年上半年公交线网规划方案正在制定当中，尚未完成及提交交委审核。感谢您对交通事业的关心与支持。
"
2916,新开线路,深圳市交通运输委员会,2017.02.17,2017.03.07,"请问京南路总站能开一些新线路吗？不用电话回复
		","市民您好，您反映的问题已转龙岗交通运输局进行处理，现答复如下：经核实，目前京南路总站有很多条线路，如323、822,821B线等，目前已经有三条线路途经此处，公交车是方便广大人民群众出行的，对于有需求的市民会进行客流量调研，若客流量达到一定的需求度，会尽力去开通新线路以满足广大人民群众的需求，在未开通新线路之前，还是建议市民转乘公交出行。感谢您对交通事业的关心与支持。
"
2918,公交处,深圳市交通运输委员会,2017.03.04,2017.03.07,"究竟市交委计划在4月底计划开通连接大梅沙片区、盐田食街与海山片区微巴线路究竟途经哪几个站点及线路二端场站站名，请告知一下准确答案。
		","市民您好，您反映的问题已转盐田交通运输局进行处理，现答复如下：初拟大梅沙环梅路至盐田精茂城，在路边各施划2-3个泊位作为临时运调泊位，途经约15个停靠站。服务时间：07:00-20:00，线路可在海景二路与B902微巴、在深盐路与B924微巴进行接驳。感谢您对交通事业的关心与支持。
"
2924,道路运输经营许可证续期,深圳市交通运输委员会,2017.03.07,2017.03.07,"机动车修理厂道路运输经营许可证到期需要续期的，怎么办理，是按照道路运输经营许可证件换发处理还是按照内资经营者从事一类机动车维修经营处理，网上申报注册显示营业执照号码已使用，要怎么处理。
		","市民您好，维修业务已提交到所在辖区办理，建议您进一步补充说明企业所在辖区，或直接拨打深圳市12328交通运输服务监督热线进行反映。感谢您对交通事业的关心与支持!
"
2938,公交处,深圳市交通运输委员会,2017.02.15,2017.03.07,"究竟龙观快速何时能完工使用，请告知一下准确答案。
		","市民您好，您反映的问题已转市交通公用设施建设中心进行处理，现答复如下：龙观快速路北段工程主线工程于去年春节前已完成建设任务，并试通车，由于交警部门认为立即开放交通存在诸多安全隐患，要求我们暂时封闭交通，待相关安全设施进一步完善后再行开放。目前我们正在完善设施，预计3月底重新开放交通。感谢您对交通事业的关心与支持。
"
2957,公交处,深圳市交通运输委员会,2017.02.08,2017.03.07,"究竟市民在市交委网站留言板块留言是公开类型信访件为何市交委网站咨询反馈查询功能从2017年2月6日到2017年2月8日都没显示公开类型处理完毕信访件，请告知一下准确答案。
		","市民您好，您反映的问题已转到信息中心处理岗进行处理，现答复如下：市民您好，您可通过具体投诉咨询回执编号或预留手机号码查询处理结果。感谢您对交通事业的关心与支持。
"
2967,西部公汽,深圳市交通运输委员会,2017.02.24,2017.03.07,"请问西部公汽你们公司制作2016年下半年公交线网规划方案三条龙华片区中巴车换大巴车其中一条龙华片区中巴车原计划调整到锦锈观园公交总站始发究竟为何实施之后在茜坑新村始发？另你们公司究竞有无计划新增干线巴士及微巴线路还有高峰专线另外还有快线巴士途经联升购物广场及联升百货二处道路上，不能告知一下准确答案。
		","市民您好，您反映的问题已转深圳市西部公共汽车有限公司进行处理，现答复如下：因锦绣观园业主反映存在安全隐患及噪音扰民，根据龙华交通局最新文件要求，我公司
从12月10日起，将352线从锦绣观园公交总站迁回茜坑新村总站发班。由于该市民未说明线路编号，我公司目前从茜坑新村新村始发线路有B652/352、M288和627线。我公司暂无无计划新增干线巴士及微巴线路还有高峰专线另外还有快线巴士途经联升购物广场及联升百货二处道路上。感谢您对交通事业的关心与支持。
"
2968,公交处,深圳市交通运输委员会,2017.02.20,2017.03.07,"究竟市交委网站咨询反馈查询功能仅限公开类型信访件能否每个礼拜周一到周五每天都公布处理结果，请告知一下准确答案。
		","市民您好，您反映的问题已转信息中心处理岗进行处理，现答复如下：市民您好，您可通过具体投诉咨询回执编号查询处理结果。感谢您对交通事业的关心与支持。
"
2972,获得小汽车增量指标后变更深圳户籍,深圳市交通运输委员会,2017.03.07,2017.03.07,"我在17年2月以深圳户口的身份获得深圳市中小客车增量指标（深圳车牌），但在正式购车前，我需要将户口迁移到广州，请问此情况是否影响车牌的后续办理手续，如影响我应该怎么做？
		","? ? 市民您好，车辆上牌业务不属我委管辖范围，建议您向车管所反映处理。感谢您对交通事业的关心与支持！
		
		"
2982,M407是否已经申请2元一票制,深圳市交通运输委员会,2017.02.23,2017.03.07,"M407线是否早在几个月前已经申请调整为2元一票制？为何一直没有批复执行？
		","市民您好，您反映的问题已转到深圳巴士集团股份有限公司进行处理，现答复如下：车队预计M407线在2017年4月1日日正式实施无人售票（一票制）。感谢您对交通事业的关心与支持。
"
2992,公交处,深圳市交通运输委员会,2017.02.18,2017.03.07,"请问西部公汽你们公司制作2017年上半年公交线网规划方案究竟有无包括中巴换大巴方案，另你们公司大巴车客流量不大为何还是用大巴车运营，不能告知准确答案就不要受理此单。
		","市民您好，您反映的问题已转到深圳市西部公共汽车有限公司进行处理，现答复如下：我公司2017年上半年公交线网规划方案正在制定当中，尚未完成及提交交委审核。根据市交委快干支线路划分，行驶主干道的干线需使用大巴车型。感谢您对交通事业的关心与支持。
"
2994,老年人乘车优惠,深圳市交通运输委员会,2017.02.28,2017.03.07,"在东部公交车上看见贴纸印有说明，65岁以上老年人持有全国范围内的老年优待证可以免费乘坐东部公交公司的车，依据是深圳市人民政府文件。请问是哪个文件？西部公交有无此政策？
		","市民您好，您反映的问题已转深圳市东部公共交通有限公司进行处理，现答复如下：市民您好，东部公交关于老人免费乘车的问题，是根据《关于优惠乘坐公交车（地铁）的通告》（深府〔2007〕92号）和深圳市人民政府办公厅《关于降低男性老年人免费乘坐公交车（地铁）年龄的通知》，针对符合规定的老人给予免费乘车的优惠，年满65周岁的老年人（不限户籍）持深圳市老龄工作委员会颁发的《深圳市暂住老年人免费乘车证》（黄色）或《深圳市敬老优待证》（黄色）等证件免费乘车。非深圳户籍年满65周岁的老人可前往常住地的社区工作站（居委会）办理《深圳市暂住老年人免费乘车证》（黄色）。感谢您对交通事业的关心与支持。
"
2999,宝安交通局,深圳市交通运输委员会,2017.03.05,2017.03.07,"究竟宝安交通局有无计划上报给市交委审批将途经西乡盐田大门站点终点站西乡大铲湾码头恢复行驶走宝安大道并且终点站恢复到西乡三围码头场站始发此方案。请告知一下准确答案。
		","市民您好，您反映的问题已转宝安交通运输局进行处理，现答复如下：西乡三围码头场站因为深中通道建设已拆除，故目前没有计划上报给市交委审批将途经西乡盐田大门站点终点站西乡大铲湾码头恢复行驶走宝安大道并且终点站恢复到西乡三围码头场站始发。感谢您对交通事业的关心与支持。
"
3002,公交处,深圳市交通运输委员会,2017.02.18,2017.03.07,"究竞市交委何时公示2017年上半年公交线网规划方案，请告知一下准确答案。
		","市民您好，您反映的问题已转到市公共交通管理局进行处理，现答复如下：你好，感谢你为我市公交行业工作提出真挚的建议。2017年度第一批次公交线路优化调整工作预计于今年7月底开展实施。感谢市民对我市公交事业的关注和支持。
"
3004,2017年滴滴顺风车合法吗？,深圳市交通运输委员会,2017.02.22,2017.03.07,"2017年滴滴顺风车合法吗？对车主有什么要求？如何才能正规上路不被查？
		","市民您好，您反映的问题已转到市公共交通管理局进行处理，现答复如下：你好，具体详情请看网约车管理细则。感谢您对交通事业的关心与支持。
"
3032,西部公汽,深圳市交通运输委员会,2017.02.20,2017.03.06,"究竞西部公汽买一批比亚迪纯电动大巴何时落地使用给宝城车队及下石家车队线路车辆上。请告知一下准确答案。
		","市民您好，您反映的问题已转到深圳市西部公共汽车有限公司进行处理，现答复如下：纯电动车辆的投放必须依托于充电桩的建设，宝城车队线路涉及的充电桩预计在4-5月可完成部分建设，可在5-6月份投放约40台运力，实际投放时间根据充电桩建设时间做相应调整。下石家车队目前仍无在建充电桩，公司将根据实际情况加大力度推进公交纯电动化。因该信访人采用网上咨询方式，可采用网上查询处理结果，因此未电话回复。感谢您对交通事业的关心与支持。
"
3044,关于非深户更新指标涉及社保的问题,深圳市交通运输委员会,2017.02.24,2017.03.06,"你好！我是一名在深工作10年以上的企业管理者，2017年1月想把旧车换掉，后来一查由于办理社保人员的疏忽把我2017年1月的社保给漏缴了！我最后到贵委竹子林中心咨询，一位负责的科长告知我，贵委已向市政府提交一份关于非深户更新指标社保取消的报告，请问现在有结果吗？什么时间有结果？谢谢！
		","市民您好，您反映的问题已转到道交中心小汽车调控组进行处理，现答复如下：按目前的政策您是不符合条件，建议你暂时不要更换车辆，关于此类问题已成文上报，相信不久就会有一个合理的答复，以方便市民解决此类问题。感谢您对交通事业的关心与支持。
"
3052,关于物流丢货,深圳市交通运输委员会,2017.03.06,2017.03.06,"我发10件货给物流公司，价值3.3万，物流公司丢没保价如何解决求助望尽快回电话
		","市民您好，由于您反映的问题不够详细，建议您进一步补充说明，或直接拨打深圳市12328交通运输服务监督热线进行反映。感谢您对交通事业的关心与支持!
"
3077,高峰专线105,深圳市交通运输委员会,2017.02.18,2017.03.06,"究竟高峰专线105为何不在2017年上半年公交线网规划方案制作及上报将高峰专线105改成常规线路给市交委审批，请告知一下准确答案。
		","市民您好，您反映的问题已转到深圳市西部公共汽车有限公司进行处理，现答复如下：我公司2017年上半年公交线网规划方案正在制定当中，尚未完成及提交交委审核。因该信访人采用网上咨询方式，可采用网上查询处理结果，因此未电话回复。感谢您对交通事业的关心与支持。
"
3240,新增摇号申请显示“该证件类型证件号码已经被注册”，忘记密码方式找回显示“账号不存在”怎么回事？,深圳市交通运输委员会,2017.02.22,2017.03.01,"您好，我新注册小汽车摇号系统显示“该证件类型证件号码已经被注册”（证件类型：身份证，证件号码：450203197909201011），但没有印象是否注册过；所以选择忘记密码，一步步填写信息（证件号码：450203197909201011，手机号：18998906568），点击“获取验证码”后又显示“账号不存在”是怎么回事？因小汽车增量管理系统上没有联系咨询电话及方式，所以到这里来咨询，谢谢。
		","市民您好，您反映的问题已转到道交中心小汽车调控组进行处理，现答复如下：您好！经系统查询您提供的身份证号码已提交申请，预约的电话号码不是你提供的，建议携带个人相关身份证件到福田区竹子林福安大厦西北座三楼行政服务窗口办理手机号码及密码更改。
"
3253,公交处,深圳市交通运输委员会,2017.02.26,2017.02.28,"究竟盐田食街到沙头角公交线路暂缓何时市交委才会下批文给公交企业执行，请告知一下准确答案。
		","市民您好，您反映的问题已转到盐田交通运输局进行处理，现答复如下：关于盐田食街到沙头角公交线路何时执行的问题；现阶段正在购买车辆，并且正在寻找合适停放公交车辆的公交场站。感谢您对交通事业的关心与支持。
"
3260,光明交通局,深圳市交通运输委员会,2017.02.22,2017.02.28,"究竟光明交通局准备上报2017年上半年公交停靠点更名方案有无包括田寮及田寮路口二处站点，请告知一下准确答案。
		","市民您好，您反映的问题已转到光明交通运输局进行处理，现答复如下：经调查，目前在收集17年度上半年公交停靠点更名的相关信息，实施前交委将在网上进行公示征求意见，市民可在网上提出的建议及意见。
"
3409,东部公交,深圳市交通运输委员会,2017.02.17,2017.02.24,"究竞东部公交何时上报2017年上半年公交线网规划方案，请告知一下准确答案。
		","市民您好，您反映的问题已转到深圳市东部公共交通有限公司进行处理，现答复如下：关于东部公交何时上报2017年上半年公交线网规划方案的问题，我司将以市交委统一工作部署为准，感谢您对交通事业的关心与支持！
"
3410,深圳3线及深惠1线等是否同享深圳通刷卡折扣？,深圳市交通运输委员会,2017.02.17,2017.02.24,"以前乘坐深惠3线刷深圳通可以享受折扣，但是去年10月左右开始到2月17日，深惠3线刷卡是全额扣款，不能享受折扣。深惠1线目前是不支持刷深圳通。还有就是即便是有老人卡，深圳老人乘坐该车需支付半票。已经拨打投诉电话咨询，不能解决。请问是否合法？类似深惠1线和深惠3线这种夸城公交是否属于公交？是否理应享受深圳通折扣？
		","市民您好，您反映的深惠3线问题已转到深圳市华程交通有限公司进行处理，现答复如下：因我司公交线路深惠3线属于跨市班车，一直未能申请到深圳通的任何补贴政策，后因改自动投币车，分段收费，深圳通系统升级，在技术上不能刷卡折扣，还望乘客能够谅解。您反映的深惠1线问题已转到深圳市安道运输集团有限公司进行处理，现答复如下：深惠1线属于跨线公交，政府没有补贴刷卡补贴，因此不能刷深圳通，对于持有有效证件的特殊乘客，我司车辆是免费的，但深惠1线是我司和惠阳志通公司合作运营，了解到志通公司是要收取费用。感谢您对交通事业的关心与支持。
"
3422,高峰15路车太少，而且师傅开车技术差太远,深圳市交通运输委员会,2017.02.15,2017.02.24,"①每天等高峰15，如果刚过去一趟，就要等15分钟左右，这是高峰车吗？发车间隔这么久？
②是高峰时段的车，也就是大家上班都很着急，但是师傅技术差太远了，昨天比今天晚上车10分钟，没迟到，今天提前10分钟反而迟到10分钟，这是什么意思，你们师傅不熟悉路段就开车？开车跟前面的车是要保持车距，但是车距太宽，一直被插入车辆是怎么回事？我现在实习期，上班迟到是要影响转正的好吗？因为这不是第一次碰到这样的情况了，已经好几次碰到这样的情况了，就不能重视一下高峰时期的乘客吗？
		","市民您好，您反映的问题已转到深圳巴士集团股份有限公司进行处理，现答复如下车队在高峰期的发车间隔在10分钟以内，感谢您对公交事业的监督与支持！
"
3424,公交处,深圳市交通运输委员会,2017.02.17,2017.02.24,"究竞东部公交及福田交通局还有龙岗交通局有无计划在2017年上半年公交线网规划方案制作及上报将途经衫坑工业区线路一端总站福田交通枢纽调整为福田高铁站此方案给市交委审批，请告知一下准确答案。
		","市民您好，您反映的问题已转到深圳市东部公共交通有限公司进行处理，现答复如下：非常感谢对东部公交的关注，东部公交目前暂无将途经衫坑工业区线路一端总站福田交通枢纽调整为福田高铁站的计划，谢谢！
"
3426,宝安交通局,深圳市交通运输委员会,2017.02.15,2017.02.24,"由于目前联升购物广场站点及联升百货站点重复度高因此究竟宝安交通局是不是有计划将二个站点更改其中一个站名在2017年上半年公交停靠点更名方案上报给市交委审批还是二个站点设置成分流停靠，请告知一下准确答案。
		","市民您好，您反映的问题已转到宝安交通运输局进行处理，现答复如下：经调查，“联升购物广场”和“联升百货”分别在不同的道路，不建议更改。
"
3445,公交处,深圳市交通运输委员会,2017.02.17,2017.02.24,"究竟福田交通局有无计划在2017年上半年公交线网规划方案制作及上报将福田保税区四号门到西乡客运站新线路此方案给市交委审批，请告知一下准确答案。
		","市民您好，您反映的问题已转深圳巴士集团股份有限公司进行处理，并与您进行了沟通和解释。感谢您对交通事业的关心与支持。
"
3456,西部公汽,深圳市交通运输委员会,2017.02.09,2017.02.24,"请问西部公汽你们公司1月份究竞有哪些线路进行调整，另你们公司究竟有哪些线路换成比亚迪纯电动大巴，请告知一下准确答案。
		","市民您好，您反映的问题已转到深圳市西部公共汽车有限公司进行处理，现答复如下：西部公汽1月份调整了M259、E19等线路，并有383、376、M373等线路已换成纯电动车辆。感谢您对交通事业的关心与支持。
"
3460,龙岗交通局,深圳市交通运输委员会,2017.02.17,2017.02.24,"究竟龙岗交通局准备上报2017年上半年公交停靠点更名方案有无包括象角塘西站点更名成坂田汽车站，请告知一下准确答案。
		","市民您好，您反映的问题已转到龙岗交通运输局进行处理，现答复如下：您好，您所反映的问题我局已受理，目前正在调研统计中，待市交委统一安排后，我局将尽快上报，感谢您对公交事业的监督与支持！
"
3461,公交处,深圳市交通运输委员会,2017.02.17,2017.02.24,"究竟东部公交及福田交通局还有龙岗交通局有无计划上报将途经环宇酒店站点线路一端总站福田交通枢纽调整到福田高铁站此方案给市交委审批，请告知一下准确答案。
		","市民您好，您反映的问题已转到深圳市东部公共交通有限公司进行处理，现答复如下：非常感谢对东部公交的关注，东部公交目前暂无将途经环宇酒店站点线路一端总站福田交通枢纽调整到福田高铁站的计划，谢谢！
"
3464,宝安交通局,深圳市交通运输委员会,2017.02.15,2017.02.24,"究竟宝安交通局准备在2017年上半年公交停靠点更名方案有无包括流塘旧村站点更名宝立方博览中心站点，请告知一下准确答案。
		","市民您好，您反映的问题已转到宝安交通运输局进行处理，现答复如下：经调查，公交站台的命名原则是先公益，后企业，“流塘旧村”地名指向明确，“宝立方博览中心”是企业，不建议更名。感谢市民对交通事业的理解和支持。
"
3472,西部公汽,深圳市交通运输委员会,2017.02.12,2017.02.24,"请问西部公汽你们公司目前正在制作2017年上半年公交线网规划方案究竟有无计划制作西乡客运站到碧头工业区文化广场新线路及究竟有无计划制作将途经宝安中学东中巴车换成大巴车两种方案。另你们公司究竟有无计划新增微巴线路途经宝安海雅百货，不能告知一下准确答案就不要受理此单。
		","市民您好，您反映的问题已转到深圳市西部公共汽车有限公司进行处理，现答复如下：我公司2017年上半年公交线网规划方案无开通西乡客运站到碧头工业区文化广场线路的计划；今年有计划将途径宝安中学东的M259线换乘大巴车辆，暂无计划新增途经宝安海雅百货微巴线路。
"
3618,咨询中海锦城公交总站问题,深圳市交通运输委员会,2017.02.05,2017.02.21,"你好，最近我看到612路的头牌已经改到了“中海锦城总站”。由于实时公交APP“酷米客公交” 未更新线路资料，所以我想问一下位于龙胜地铁站D出口旁的“中海锦城公交总站”已经开始投入使用没有？如已投入使用，是不是只有之前的“上塘地铁接驳站”的612路、B690路、B830路、B831路、M223路等线路才去哪个总站？望回复，谢谢。
		","市民您好，您反映的问题已转到龙华交通运输局进行处理，现答复如下：目前中海锦城花园公交总站还未投入使用，届时将有43、302区间、612、M223、B690、B830、B831等7条公交线路进入该公交场站。感谢信访人对龙华区建设提出宝贵意见。
"
3619,宝安交通局,深圳市交通运输委员会,2017.02.13,2017.02.21,"究竟能否在金港华庭站点及华盛辉大厦站点由单人休息坐凳改放双人休息坐凳，请告知一下准确答案。
		","市民您好，您反映的问题已转到宝安交通运输局进行处理，现答复如下：经调查，将对公交候车亭的便民凳统一升级，目前正在进行设计招标阶段。感谢市民对交通事业的理解和支持。
"
3620,e12及m437还有239,深圳市交通运输委员会,2017.02.03,2017.02.21,"究竟e12及m437还有239是不是同一个分公司及同一个车队管理。请告知一下准确答案。
		","市民您好，您反映的问题已转到深圳巴士集团股份有限公司进行处理，现答复如下：E12线、M437线、239线是同一个集团二分公司一个车队的车。
"
3638,申请恢复金荣达公交站点,深圳市交通运输委员会,2017.02.09,2017.02.21,"本人住在龙岗坂田岗头市场金荣达工业园附近，去年由于修路，公交车全部改道，现在路已经修好，但是公交车仍然没有恢复金荣达公交站点，给我们住在附近的居民出行造成很大不便，希望有关部门领导恢复金荣达公交站点让公交车来往此站点，还我们附近居民公交便利。
		","市民您好，您反映的问题已转到龙岗交通运输局进行处理，现答复如下：经核实，目前该路段还未完全修复完毕，人行道好未修建好，但我局已收悉该情况，并要求途经所上述站点的企业尽快建立恢复停靠方案，并尽快落实调整，因涉及线路高达数十条线路，需要一定的时间，等待批文下达后将尽快实施，请市民耐心等候，感谢你对公交事业的监督与支持！
"
3641,建议开通龙岗区宝龙街道办悦龙华府小区公交线,深圳市交通运输委员会,2017.02.12,2017.02.21,"尊敬的交委领导，您好！我是入住龙岗区宝龙街道办悦龙华府公租房小区的住户，现在随着入住的人越来越多，一二期上千套房源即将饱和，而小区公交出行困难的局面一直得不到改观，贵委能否开通一条小区公交线，方便住户出行，建议站点如下：一、起点宝龙街道办：新设街道办，上下班人数众多，起点在此，客源不愁；二、悦龙华府：公租房小区，人数众多，公交出行意愿十分强烈；三、宝坪路宝龙比亚迪：上下班那叫壮观，黑压压的一片；四、荷谷美苑：公租房小区，附近小区众多，客源旺盛，且附近未来有14号线宝龙站，可做地铁接驳线；五、大运地铁站：往市区上下班人群比较近的地铁站，连接3号线沿线；六、龙翔大道建新社区，往返市区公交线路E字头必停站，方便接驳快线公交；七、世贸百货：龙岗中心城核心商业区，方便购物，带动消费；八、龙城建设路交通运输局：方便公务员来往宝龙片区；九、宝能沃尔玛：另一个购物中心；十、龙平西路、碧新路：方便沿途市民来往龙城广场片区；十一：南联地铁站：3号线另一个大站；十二：终点站龙岗街道办：宝龙作为从龙岗街道分出去的街道，势必跟原来的街道办联系众多，此条线路一头一尾串起一老一新两个街道办，寓意联系左右、开辟未来，望领导考虑采纳!
		","市民您好，您反映的问题已转到龙岗交通运输局进行处理，现答复如下：您所反映的问题我局已受理，我局计划于3月份对M220进行调整，调整后，该线路途经宝龙街道办（悦龙华府）、宝龙比亚迪、龙岗街道办、南联地铁站、世贸百货等地。正在建立方案，等待批文下达后方可实行，请市民耐心等待，感谢您对公交事业的监督与支持！
"
3655,办理客货运从业资格证,深圳市交通运输委员会,2017.02.16,2017.02.21,"办理客货运从业资格证都需要什么^件及材料？请解答。谢谢!
		","市民您好，您反映的问题已转市港航和货运交通管理局进行处理，并与您进行了沟通和解释。感谢您对交通事业的关心与支持。
"
3656,m259,深圳市交通运输委员会,2017.02.14,2017.02.21,"究竟m259何时终点站为同乐检查站调整为大宝北路公交总站，请告知一下准确答案。
		","市民您好，您反映的问题已转到深圳市西部公共汽车有限公司进行处理，现答复如下：经调查核实，经市交委及交通局等政府部门结合近期公交停靠站建设及道路通行条件变化等情况研究决定，M259线公交在京港澳高速公路旁上下客存在严重的安全隐患，根据深交业【2017】9号文件，自2017年1月25日起，M259线一端总站由同乐检查站调整为大宝路北站公交总站，取消行驶京港澳高速。往固戍地铁公交接驳站方向取消停靠“宝安中学东”1个公交停靠站，双方向增加停靠“新安职业所、安置小区、东方明工业城”3对公交停靠站。
"
3662,龙华交通局,深圳市交通运输委员会,2017.02.02,2017.02.21,"建仪龙华新区办事大厅更名成国鸿购物广场，以便以实际相符。
		","市民您好，您反映的问题已转到龙岗交通运输局进行处理，现答复如下：经调查，“龙华区行政办事大厅”站位于梅龙路龙华区行政服务大厅附近，将该公交停靠站命名为“龙华区行政办事大厅”，可以为市民提供精确、清晰的公交出行指引，因“国鸿购物广场”为商业性质用名，不符合《深圳市公共汽车停靠站命名管理工作办法》中的相关规定，所以建议保留原站名。感谢信访人对龙华区建设提出宝贵意见。
"
3663,宝安交通局,深圳市交通运输委员会,2017.02.13,2017.02.21,"究竟宝安交通局及西部公汽能否在2017年上半年公交线网规划方案统一上报此方案给市交委审批及制作此方案将途经宝安中学东中巴车改成大巴车，请告知一下准确答案。
		","市民您好，您反映的问题已转到深圳市西部公共汽车有限公司进行处理，现答复如下：我公司将在2月底前启动2017年上半年线网规划工作，乘客建议我公司已记录，在线网优化方案中统筹考虑。因该信访人采用网上咨询方式，可采用网上查询处理结果，因此未电话回复。
"
3726,关于网约顺风车事项,深圳市交通运输委员会,2017.02.06,2017.02.17,"您好，我想咨询下深圳市关于网约车中对于顺风车的具体要求，对车型和驾驶员有哪些要求。谢谢
		","市民您好，您反映的问题已转到市公共交通管理局进行处理，现答复如下：详情请关注政府的网约车办法。或者请关注交委公众号。
"
3745,83路金洲花园总站是否4月份搬离？,深圳市交通运输委员会,2017.02.15,2017.02.17,"83路金洲花园总站是否4月份搬离？
		","市民您好，您反映的问题已转到深圳巴士集团股份有限公司进行处理，现答复如下：车队未收到83路撤离金洲花园总站通知。
"
3747,网约车如何登记注册,深圳市交通运输委员会,2017.02.03,2017.02.17,"您好！关注交委公众号之后，如何注册登记网约车？
		","市民您好，您反映的问题已转到市公共交通管理局进行处理，现答复如下：市民您好，请登录公众号或者交委网站首页，会有步骤明细登出。
"
3783,公交处,深圳市交通运输委员会,2017.02.10,2017.02.17,"究竟市交委何时计划将去年2月2日临时搬迁到西乡大铲湾码头场站始发线路迁回原来西乡三围码头场站始发并且恢复原线路行驶走宝安大道，请告知一下准确答案。
		","市民您好，您反映的问题已转到深圳市西部公共汽车有限公司进行处理，现答复如下：我司在西乡大铲湾码头场站始发的线路是B630线，根据深交［2013］58号文的批复，自2014年6月1日起，B630线由福中福总站调整到西乡大产湾码头发车，B630途经的道路【金港湾大道、新安六路、新安五路、新安四路、新安三路、新安二路、新安一路、新湖路、裕安一路、创业一路】不行驶宝安大道，线路暂无调整计划。因该信访人采用网上咨询方式，可采用网上查询处理结果，因此未电话回复。
"
3809,宝安交通局,深圳市交通运输委员会,2017.02.09,2017.02.17,"究竟宝安交通局准备上报给市交委审批的2017年上半年公交停靠点更名方案有包括新安市场及银田工业区二处站点更名，请告知一下准确答案。
		","市民您好，您反映的问题已转到宝安交通运输局进行处理，现答复如下：经调查，我局工作人员将对符合站台更名的“新安市场”纳入2017年更名计划，因银田工业区还是存在的，本着尊重历史的原则，不建议”银田工业区""站台更名。感谢市民对交通事业的理解和支持。
"
3881,公交处,深圳市交通运输委员会,2017.02.12,2017.02.15,"究竟罗湖交通局能不能帮忙上报给市交委审批的2017年上半年第一批公交停靠点更名方案将笋岗站点更名成佳满福，请告知一下准确答案。
		","市民您好，您反映的问题已转到罗湖交通运输局进行处理，现答复如下：公交站点的更名首先应参照周边市政设施，在有市政设施的情况下不使用企业或商业建筑名称。感谢市民建议。
"
3889,西部公汽,深圳市交通运输委员会,2017.02.03,2017.02.15,"请问西部公汽你们公司究竟2017年上半年会不会置购中巴车及大巴车来解决运力紧张的线路上。另你们公司究竟有无计划新增干线巴士及快线巴士行驶龙观快速，请告知一下准确答案。
		","市民您好，您反映的问题已转到深圳市西部公共汽车有限公司进行处理，现答复如下：2016年我公司已完成3765台新能源车辆的采购工作，现根据充电桩的建设情况已陆续投放，计划2017年9月底前完成投放，今年上半年暂无购车计划；暂无计划新增干线巴士及快线巴士行驶龙观快速。因该信访人采用网上咨询方式，可采用网上查询处理结果，因此未电话回复。
"
3895,龙岗交通局,深圳市交通运输委员会,2017.02.05,2017.02.15,"究竟龙岗交通局准备上报给市交委审批的2017年上半年公交停靠点更名方案有无包括信义假日名城及深圳东站站点更名，请告知一下准确答案。
		","市民您好，您反映的问题已转到龙岗交通运输局进行处理，现答复如下：市民您好，您所反映的问题我局已受理，目前正在调研统计中，待市交委统一安排后，我局将尽快上报，感谢您对公交事业的监督与支持！
"
3899,m361在官井头村委为何不停,深圳市交通运输委员会,2017.02.09,2017.02.15,"官井头村委有公交车站，并且站台上有M361的公交车车次信息，但是M361并不停靠，有很多在深上班的人在凤岗置业安家，建议增加停靠。
		","市民您好，您反映的问题已转到深圳市东部公共交通有限公司进行处理，现答复如下：经查，M361线停靠东莞路段5个站点，分别为宏盈工业区、凤岗汽车站、南岸村、嘉辉天桥、大运城邦，官井头站为东莞路段站点，经深圳公交相关部门与东莞交通相关部门协商，规定东莞路段只停靠5个站点，官井头不在停靠范围内。鉴于乘客所建议增加停靠东莞路段官井头站，我司会把相关建议上报至上级相关部门进行审核，从各个因素综合考虑是否增加停靠该站点，且相关部门也要与东莞相关运输部门进行协商相关事宜。
"
3904,西部公汽,深圳市交通运输委员会,2017.01.27,2017.02.15,"请问西部公汽你们公司计划于2016年年内新增30条高峰专线究竟何时开行完毕？另你们公司究竞有无计划新增微巴线路进光明光晟厂及观澜长途客运站二处场站始发，不能告知准确答案就不要受理此单。
		","市民您好，您反映的问题已转到深圳市西部公共汽车有限公司进行处理，现答复如下：原计划的30条高峰线目前无具体完成时间表，公司无计划新增微巴线路进光明光晟厂及观澜长途客运站二处场站始发。因该信访人采用网上咨询方式，可采用网上查询处理结果，因此未电话回复。
"
3913,西部公汽,深圳市交通运输委员会,2017.02.02,2017.02.15,"请问西部公汽你们公司如果租的场站到期之后租方者强迫你们公司般迁场站但是你们公司提前找到新场站使用究竟你们公司要不要上报给市交委审批，另你们公司制作2017年上半年公交线网规划方案究竞是春节假期结束后哪一天开始起草制作？不能告知准确答案就不要受理此单。
		","市民您好，您反映的问题已转到深圳市西部公共汽车有限公司进行处理，现答复如下：调整总站要上报市交通运输委或辖区交通运输局申请线路调整审批。我公司将在2月底前启动2017年上半年线网规划工作。因该信访人采用网上咨询方式，可采用网上查询处理结果，因此未电话回复。
?
"
3925,M361不停靠官井头村委公交站台,深圳市交通运输委员会,2017.02.09,2017.02.15,"官井头村委有公交车站，并且站台上有凤岗设置的站牌上有M361的公交车车次信息，但是M361并不停靠，有很多在深上班的人在凤岗置业安家，建议增加停靠。

		","市民您好，您反映的问题已转到深圳市东部公共交通有限公司进行处理，现答复如下：经查，M361线停靠东莞路段5个站点，分别为宏盈工业区、凤岗汽车站、南岸村、嘉辉天桥、大运城邦，官井头站为东莞路段站点，经深圳公交相关部门与东莞交通相关部门协商，规定东莞路段只停靠5个站点，官井头不在停靠范围内。鉴于乘客所建议增加停靠东莞路段官井头站，我司会把相关建议上报至上级相关部门进行审核，从各个因素综合考虑是否增加停靠该站点，且相关部门也要与东莞相关运输部门进行协商相关事宜。
"
3935,公交处,深圳市交通运输委员会,2017.02.14,2017.02.15,"究竟笋岗艺展中心站点为何没设正式站台方便市民出行，请告知一下准确答案。
		","市民您好，您反映的问题已转到罗湖交通运输局进行处理，现答复如下：该站点为正规新一代候车亭，感谢市民建议。
"
3940,E7增加宏杨学校站停靠,深圳市交通运输委员会,2017.02.11,2017.02.15,"大家好，我住在建新社区，上班在宏扬学校，我每天坐公交上班，我希望E7公交车增加在宏扬学校站停靠，因为我现在坐M447路，有时上班高峰坐不到，而E7经常坐不满，但我要转车到坂田地铁坐E7，宏扬学校周围社区有6万人口，希望E7增加宏扬学校停靠，方便我们出行。O∩_∩)O谢谢
		","市民您好，您反映的问题已转到龙岗交通运输局进行处理，现答复如下：您好，快线车辆要保证线路快捷，所以停靠站台数量有限制，请需要的市民通过换乘到该线路的停靠乘坐，同时我局也会收集市民建议，我局会要求东部公交进行统一对客流很突出的站点进行勘察。保证市民便利出行。
"
3946,西部公汽,深圳市交通运输委员会,2017.01.30,2017.02.15,"请问西部公汽你们公司制作2017年上半年公交线网规划方案何时统一上报?另你们公司计划调整总站除了涉及到场站租凭到期之外究竞还涉及哪些条件，不能告知准确答案就不要受理此单。
		","市民您好，您反映的问题已转到深圳市西部公共汽车有限公司进行处理，现答复如下：2017年上半年线网规划将在4月底前统一上报；调整总站除场站租赁到期外，如有政府提供场站启用、我司有新租赁场站或各街道、社区提供场站等情况，在满足线路安全行驶，不对原线路出行造成大的影响等条件下，可考虑对相关线路总站进行调整；因该信访人采用网上咨询方式，可采用网上查询处理结果，因此未电话回复。
"
3948,宝安交通局,深圳市交通运输委员会,2017.02.05,2017.02.15,"究竟宝安交通局准备上报2017年上半年公交站点更名方案有无包括新安市场及西乡盐田大门站点更名，请告知一下准确答案。
		","市民您好，您反映的问题已转到宝安交通运输局进行处理，现答复如下：经调查，各辖区局每年4月、11月两次收集整理站台更名方案，再上报市交委审核，经过公示后再实施。感谢市民对交通事业的理解和支持。
"
3955,公交处,深圳市交通运输委员会,2017.02.14,2017.02.15,"究竟笋岗街道办站点为何不设正式站台，请告知一下准确答案。
		","市民您好，您反映的问题已转到罗湖交通运输局进行处理，现答复如下：该站点为正规新一代候车亭，感谢市民建议。
"
3957,龙岗交通局,深圳市交通运输委员会,2017.02.05,2017.02.15,"究竟龙岗交通局何时上报恢复金色半山的站点给市交委审批，请告知一下准确答案。
		","市民您好，您反映的问题已转到龙岗交通运输局进行处理，现答复如下：白冰您好，您所反映的问题我局已受理，目前正在会同东部公交制定公交线路调整方案，并纳入2017年上半年公交线网优化调整中统筹处理，预计于5月底前可将调整方案征求市民意见，于6月底前实施调整。请市民耐心等候，感谢您对公交事业的监督与支持！
"
3959,M361增停官井头村委站申请,深圳市交通运输委员会,2017.02.09,2017.02.15,"官井头村委有公交车站，并且站台上有凤岗设置的站牌上有M361的公交车车次信息，但是M361并不停靠，有很多在深上班的人在凤岗置业安家，建议增加停靠。

		","市民您好，您反映的问题已转到深圳市东部公共交通有限公司进行处理，现答复如下：经查，M361线停靠东莞路段5个站点，分别为宏盈工业区、凤岗汽车站、南岸村、嘉辉天桥、大运城邦，官井头站为东莞路段站点，经深圳公交相关部门与东莞交通相关部门协商，规定东莞路段只停靠5个站点，官井头不在停靠范围内。鉴于乘客所建议增加停靠东莞路段官井头站，我司会把相关建议上报至上级相关部门进行审核，从各个因素综合考虑是否增加停靠该站点，且相关部门也要与东莞相关运输部门进行协商相关事宜。
"
4009,龙岗交通局,深圳市交通运输委员会,2017.01.28,2017.02.13,"究竟龙岗交通局何时上报2017年上半年公交线网规划方案及2017年下半年公交线网规划方案，请告知一下准确答案。
		","市民您好，您反映的问题已转到龙岗交通运输局进行处理，现答复如下：您好，您所反映的问题我局已受理，目前正在调研统计中，待市交委统一安排后，我局将尽快上报，感谢您对公交事业的监督与支持！
"
4010,公交处,深圳市交通运输委员会,2017.02.08,2017.02.13,"究竟罗湖交通局何时上报恢复原线路行驶洪湖路给市交委审批，请告知一下准确答案。
		","市民您好，您反映的问题已转到罗湖交通运输局进行处理，现答复如下：方案已在走流程，近期将恢复1路车的停靠，若有不便之处望市民理解。
"
4012,613及631,深圳市交通运输委员会,2017.01.30,2017.02.13,"究竟613及631何时投放比亚迪纯电动大巴，请告知一下准确答案。
		","市民您好，您反映的问题已转到深圳市西部公共汽车有限公司进行处理，现答复如下：613线和631线现在营运车辆为常规车，因还没到报废期限，因此目前暂无更新车辆计划。此事于2月6日15：47分、7日16：59分、8日10：32分致电乘客，电话每次通后对方就立即挂断。
"
4015,m260及m261,深圳市交通运输委员会,2017.02.05,2017.02.13,"究竟m260及m261从开线至今调整过几次总站，请告知一下准确答案。
		","市民您好，您反映的问题已转到深圳市西部公共汽车有限公司进行处理，现答复如下：根据《线路调整途经道路及部分停靠站点的通知》（深交业【2016】36号）文件要求， 2016年4月20日M260线（潭头西公交总站-龙侨华工业园）公交线路一端总站由潭头西公交总站调整为潭头公交总站。根据深圳市交通运输委员会【深交业〔2016〕118号市交通运输委关于382线等34条公交线路调整途经道路及部分停靠站点的通知】要求，从2016年11月25日起西部公汽M260线为解决新能源车辆充电场站，一端总站由潭头西公交总站调整为潭头西公交综合场站。综上情况，M260线从开线至今调整过3次总站。就此调查结果，我公司于2月7日20：09分、2月8日9：30分、2月9日12：44分多次致电信访人，均不接听，无法与该乘客联系上。
"
4026,公交处,深圳市交通运输委员会,2017.02.04,2017.02.13,"究竞福田青年学院路段何时恢复公交车行驶，请告知一下准确答案。
		","市民您好，您反映的问题已转到福田交通运输局进行处理，现答复如下：因地铁施工恢复，导致彩田路形成死角，需重新规划线路，预计2017年3月份左右可以恢复该站台使用。
"
4027,b663,深圳市交通运输委员会,2017.02.05,2017.02.13,"究竟b663从开线至今调整过几次总站，请告知一下准确答案。
		","市民您好，您反映的问题已转到深圳市西部公共汽车有限公司进行处理，现答复如下：B663线总站没有调整过，仍由“光明城站”开往“红湖工业区”站，B663线从2017年1月23日起投入6台纯电动车执行营运任务，但由于电车营运两至三趟后需要充电，所以会由“光明城站”放空到“塘家总站”充电站给车辆充电。根据以上情况，我司认为该投诉不成立，于2017年2月6日15:07分回复该乘客时乘客挂断电话未接听；2月7日8：36分再次回复该乘客时，该乘客依然挂断未接听，无法正常回复该乘客。
"
4032,坂银通道何时通车？,深圳市交通运输委员会,2017.02.06,2017.02.13,"  据了解坂银通道于2014年开工建设，目的是缓解梅林关，清平高速等交通压力，本人在福田居住，坂田工作，来回于两地之间。由于地铁要转车3趟非常不便，急切盼望坂银通道的开通！
		","市民您好，您反映的问题已转到市交通公用设施建设中心进行处理，现答复如下：坂银通道工程的主体隧道施工因受周边小区阻工及厦深铁路审批影响，预计会在2019年初力争2018年底通车。感谢您对交通事业的关心与支持。
"
4041,328路公交车司机素质低下吓坏婴儿老人,深圳市交通运输委员会,2017.01.30,2017.02.13,"我于2017年1月30日12:30分左右，在侨香路经济犯罪侦查局公交站旁边、深圳市儿童乐园西北门口，带着78岁的老人和1岁的婴儿乘坐出租车，后方停了一辆328路公交车。因为老人腿脚不便，上出租车比较慢，婴儿还在睡觉，我需要把孩子抱上车再收起婴儿车放到出租车后备箱中，耽误了2分钟时间，在这个过程中，328路公交车司机一直在狂摁喇叭，我示意了也无用，高音喇叭声把老人和孩子吓得不轻，孩子被从睡梦中惊醒，吓得哇哇大哭！更可恶的是，在我们乘坐的出租车已经开走后，328路公交车还跟在后面一路狂摁喇叭一分多钟，非常恶劣！我想问市交委各位领导，是什么样素质低下的司机连老人、孩子都容不下，等待2分钟都等不了？！中华民族尊老爱幼的优秀传统被抛弃的一干二净！正值春节期间，这种喇叭扰民、惊吓老人和孩子的行为破坏了和谐的节日气氛，让人非常气愤，希望市交委能够严肃处理该司机，并让该司机向我们道歉，保证在今后的工作中不能再用喇叭惊吓行人。
		","市民您好，您反映的问题已转到深圳市东部公共交通有限公司进行处理，现答复如下：1，由于薛女士无法提供具体车号，车队无法进行调查核实。2，车队于2月6日9:35用办公室电话致电薛女士，薛女士表示接受。3，车队会加强对司机教育，提高司机服务意识。
"
4052,公交处,深圳市交通运输委员会,2017.01.28,2017.02.13,"西湾公园及宝安中学东停靠线路太少，建仪开通微巴线路方便市民出行
		","市民您好，您反映的问题已转到深圳市西部公共汽车有限公司进行处理，现答复如下：西湾公园到宝安中学东确实没有直达的线路。转乘的方法如下：在西湾公园站乘坐B887路到全一电子厂站转乘M259路可到达。根据上述的情况，乘客可以通过一次换乘的方式到达目的地，为确保公交资源的有效利用，我司暂无开通新线路计划，我司会将市民建议纳入公司年度线网优化调整方案中统筹考虑。因该信访人采用网上咨询方式，可采用网上查询处理结果，因此未电话回复。
"
4057,M380及m210还有m209,深圳市交通运输委员会,2017.02.05,2017.02.13,"究竟m380及m210还有m209近期有无投放比亚迪纯电动大巴，请告知一下准确答案。
		","市民您好，您反映的问题已转到深圳市西部公共汽车有限公司进行处理，现答复如下：由于m380及m210还有m209线路车辆还在营运期内，且该线所在的的充电桩问题还未完善，所以暂时这三条线路无投入电动大巴营运。已就此事于9日16：49分致电信访人，信访人对回复表示满意。
"
4059,二类机动车维修,深圳市交通运输委员会,2017.02.08,2017.02.13,"从事二类机动车维修的安全生产管理台账有具体范本吗？具内容有什么？
		","市民您好，您反映的问题已转市港航和货运交通管理局进行处理，并与您进行了沟通和解释。感谢您对交通事业的关心与支持。
?
"
4060,请问布心爱国路立交什么时候能完工使用啊,深圳市交通运输委员会,2017.02.07,2017.02.13,"请问布心爱国路立交什么时候能完工使用啊？
		","市民您好，您反映的问题已转到市交通公用设施建设中心进行处理，现答复如下：爱国路立交工程预计将于2018年完成通车。
"
4103,西部公汽,深圳市交通运输委员会,2017.02.09,2017.02.10,"请问西部公汽你们公司究竞在2017年1月底投放99台比亚迪纯电动大巴目前有无落地使用，另你们公司究竞有无计划新增微巴线路途经深圳北站东广场及深圳北汽车站二处道路上，不能告知一下准确答案。
		","? ?市民您好，您反映的问题已转到深圳市西部公共汽车有限公司进行处理，现答复如下：我公司1月份99台纯电动大巴已落地使用（其中比亚迪70台、南京金龙29台），2月份已投56台比亚迪。公司暂无计划新增微巴线路途经深圳北站东广场及深圳北汽车站二处。感谢您对交通事业的关心与支持。
"
4149,西部公汽,深圳市交通运输委员会,2017.01.23,2017.02.09,"请问西部公司你们公司调整总站除了场站租凭到期以外究竟还要具备哪些条件才能调整总站。另目前进驻华佳工业园及下石家二处场站始发公交车究竟你们公司有无计划换成新能源大巴，请告知一下准确答案。
		","市民您好，您反映的问题已转到深圳市西部公共汽车有限公司进行处理，现答复如下：经调查核实：除场站租赁到期外，如有政府提供场站启用、我司有新租赁场站或各街道、社区提供场站等情况，在满足线路安全行驶，不对原线路出行造成大的影响等条件下，可考虑对相关线路总站进行调整；我公司计划于2017年底，实现公交车辆全电动化。因该信访人采用网上咨询方式，可采用网上查询处理结果，因此未电话回复。
"
4154,m362,深圳市交通运输委员会,2017.01.20,2017.02.09,"究竟m362从开线至今调整过几次总站，请告知一下准确答案。
		","市民您好，您反映的问题已转到深圳市东部公共交通有限公司进行处理，现答复如下：据了解，M362线自开线以来，两端总站均未发生过调整，仍为大鹏汽车站至福田交通枢纽。
"
4162,e28,深圳市交通运输委员会,2017.02.02,2017.02.09,"究竟高峰专线96改成快线e28为何实施至今时速达到快线要求，请告知一下准确答案。
		","市民您好，您反映的问题已转到深圳市西部公共汽车有限公司进行处理，现答复如下：高峰96专线根据深交业[2016]57号文文件要求于2016年6月26日更改线路编号为E28路快线巴士，并按快线巴士的要求运营时速行驶，因该乘客咨询的问题有些模糊，我司多次致电该乘客均未接听，致使无法了解这样的解释是否是乘客的需求。根据以上情况我司认为该投诉不成立，于2017年2月7日14：19分，15：31分，2月8日9：56分三次致电该乘客电话均无人接听，无法回复。
"
4165,西部公汽,深圳市交通运输委员会,2017.01.22,2017.02.09,"请问西部公汽你们公司究竟2017年上半年有无置购新车计划？另你们公司究竟有无计划新增微巴线路进光明白花洞及大水坑二处场站始发，请告知一下准确答案。
		","市民您好，您反映的问题已转到深圳市西部公共汽车有限公司进行处理，现答复如下：经调查核实，我公司于2016年底完成了3755台纯电动车辆的采购招标程序，2017年1月底公司已投放车辆99台，计划2017年底完成公交纯电动化，2017年上半年无购置新车计划。我公司暂无新增微巴线路进光明白花洞及大水坑二处场站始发的计划。因该信访人采用网上咨询方式，可采用网上查询处理结果，因此未电话回复。
"
4169,深圳轨道交通,深圳市交通运输委员会,2017.02.08,2017.02.09,"请问：地铁13号线什么时候开工建设？
		","市民您好，您反映的问题已转到市轨道交通建设指挥部办公室进行处理，现答复如下：地铁13号线作为四期工程已上报国家发改委和住建部审批，预计2017年1季度完成审批，目前正在进行工可相关工作，预计3季度开工建设。
"
4170,龙岗交通局,深圳市交通运输委员会,2017.02.02,2017.02.09,"建仪将象角塘西更名成坂田汽车站，以便以实际相符。
		","市民您好，您反映的问题已转到龙岗交通运输局进行处理，现答复如下：白冰您好，我局将会把市民的意见转达到相关部门，并作为更改站名计划中统筹处理，感谢您对公交事业的监督与支持！
"
4171,m472,深圳市交通运输委员会,2017.02.02,2017.02.09,"究竟m472从开线至今调整过几次总站，请告知一下准确答案。
		","市民您好，您反映的问题已转到深圳市西部公共汽车有限公司进行处理，现答复如下：根据市交委【2015】52号文件开行M472线，由石岩汽车总站开往机场东公交接驳站，于2015年7月31日执行开线，至今石岩汽车总站和副站场站都没有调整变动过。如线路站点有调整我司将提前张贴温馨提示告知，根据以上情况我司认为该投诉不成立，于2017年2月9日11:05分致电回复解释时，该乘客说打错电话了，未等说完，就挂断电话。
"
4172,宝安交通局,深圳市交通运输委员会,2017.01.24,2017.02.09,"从银田工业区过来的车全走西乡步行街及新安市场，去新湖路永丰路口只有1条线路经过不方便，建议开通微巴线路及干线巴士或调整线路方便市民出行。
		","市民您好，您反映的问题已转到深圳市西部公共汽车有限公司进行处理，现答复如下：经调查：宝安区银田工业区到新湖路永丰路口确实只有M284一条线路直达。另乘客可以在银田工业区站步行大约五百多米到金港华庭站乘坐M470可到达永丰路口。根据上述的情况，乘客可以通过一次换乘的方式顺利到达，为确保公交资源的有效利用，我司暂无开通新线路计划，我司会将市民建议纳入公司年度线网优化调整方案中统筹考虑。我司于7日16：10、8日9：45分、15：43致电乘客，电话无法接通，因此我司无法回复该乘客。
"
4193,m310,深圳市交通运输委员会,2017.02.01,2017.02.08,"究竞m310从开线至今调整过几次总站，请告知一下准确答案。
		","市民您好，您反映的问题已转深圳市东部公共交通有限公司进行处理，现答复如下：经查，M310线路为原863线。原863线，由坑梓总站发往福永总站，于2015年5月1日，线路进行大调整，由原来的坑梓总站发往福永总站，调整为福永总站发往深圳东站，线路号由863线更改为M310线路。于2017年2月6日11:40分，我司致电与投诉人进行沟通，电话接通后，对方表示并没有投诉反映过此类情况，我司工作人员再次与其核实后，对方便自行挂机。
"
4208,e22路,深圳市交通运输委员会,2017.01.31,2017.02.08,"e22路 前往深圳北站方向 坂田地区是否在富豪花园公交站停站？请问各班次发班时间。
		","市民您好，您反映的问题已转深圳市东部公共交通有限公司进行处理，现答复如下：经查,E22线路不停板田区靠富豪花园站。坑梓发往北站：07:00、08:00、09:00、10:00分；下午：15:30、17:30、18:00、20:00分。深圳此发往坑梓：09:00、10:00、11:00、12:00分；下午：17:30、19:30、20:00、22:00分。单程时间为120分钟。
"
4217,关于驾驶教练员考试报名事宜,深圳市交通运输委员会,2017.02.05,2017.02.08,"请问，教练员考试报名在哪里报名？需要什么资格要求？报名时间和流程？需要多少费用？请给予回复，谢谢你！
		","市民您好，您反映的问题已转市交通智能中心处理，并与您进行了沟通和解释。感谢您对交通事业的关心与支持。
"
4266,龙岗交通局,深圳市交通运输委员会,2017.01.18,2017.02.06,"究竟龙岗交通局何时统一上报2017年上半年公交停靠点更名方案。请告知一下准确答案。
		","市民您好，您反映的问题已转龙岗交通运输局进行处理，现答复如下：经调查核实：白冰您好，您所反映的问题我局已受理，目前正在调研统计中，待市交委统一安排后，我局将尽快上报，感谢您对公交事业的监督与支持！
"
4276,公交处,深圳市交通运输委员会,2017.02.02,2017.02.06,"建仪将振业大厦更名成桂园小学，以便以实际相符。
		","市民您好，您反映的问题已转罗湖交通运输局进行处理，现答复如下：感谢市民建议。我局在2016年第一次站名更改公示时，本拟定对该站点进行更名，但根据公示期间市民的反馈意见，综合考虑各方面因素后决定暂不更名。现我局将继续收集市民意见，并纳入下一步更名计划。若有不便之处望市民理解。
"
4286,西部公汽,深圳市交通运输委员会,2017.01.17,2017.02.06,"究竟西部公汽何时实现公交纯电动化，请告知一下准确答案。
		","市民您好，您反映的问题已转深圳市西部公共汽车有限公司进行处理，现答复如下：经调查核实：我公司于2016年底完成了3755台纯电动车辆的采购招标程序，2017年1月底公司已投放车辆99台，计划2017年底完成公交纯电动化。纯电动车辆的投放进度主要受充电场站建设的制约。因该信访人采用网上咨询方式，可采用网上查询处理结果，因此未电话回复。
"
4287,比亚迪纯电动客车司机开门聊天存在安全隐患,深圳市交通运输委员会,2017.01.31,2017.02.06,"日期：2017-01-29
时间：12：33
线路：379
公司：东部公交
地点：笋岗保安路口
方向：笋岗路西行车道
情况：车牌00593D司机在右侧车道，另一台没有张贴放大号牌的比亚迪纯电动客车停在该车左侧，打开车门与593车司机聊天。
希望车队及时将车辆放大号牌贴在车身侧窗和发动机盖上，谢谢
		","市民您好，您反映的问题已转深圳市东部公共交通有限公司进行处理，现答复如下：?1、接单后，车队非常重视，立即展开调查，经查我司379线部分车（7台）正式牌于1月27日（年三十）才领回车队，广告公司已放假未能及制做，故未及时张帖放大号，现车队已张贴完毕，关于司机聊天问题车队立即写出紧急通知，对所有驾驶员提出警示，并在2月份安全、服务质量培训中对此事进行通报批评，责令所有驾驶员有着改之、无者加勉杜绝类似的情况再发生。 2、车队于2017年2月6日10：27致电乘客将上述情况给予反馈，经车队真诚的沟通后，已获得乘客的谅解，并对车队的回复表示理解，我司379线也会根据乘客所提问题加强驾驶员的岗中培训，给乘客提供安全、优质的公交服务。
"
4295,西部公汽,深圳市交通运输委员会,2017.01.19,2017.02.06,"请问西部公汽你们公司制定2016年下半年公交线网规划方案三条龙华片区中巴车究竟为何换成大巴车及究竟为何调整一端总站,另你们公司究竟有无计划新增干线巴土及微巴线路还有高峰专线途经华万工业园再途经永丰路口二处道路上，不能告知准确答案就不要受理此单。
		","市民您好，您反映的问题已转深圳市西部公共汽车有限公司进行处理，现答复如下：经调查核实：由于线路客流量大，现有中巴车辆无法满足客流需求，因此需把中巴车辆更换成大巴车辆，调整一端总站是为合理利用现有公交资源，提高总站周边片区公交服务质量。公司暂无无计划新增干线巴土及微巴线路还有高峰专线途经华万工业园再途经永丰路口二处道路上。因该信访人采用网上咨询方式，可采用网上查询处理结果，因此未电话回复。
"
4446,357,深圳市交通运输委员会,2017.01.20,2017.01.23,"究竟357从开线至今调整过几次总站，请告知一下准确答案。
		","市民您好，您反映的问题已转到深圳巴士集团股份有限公司进行处理，现答复如下：根据乘客反映的情况，1月25日13:05分用手机联系该乘客，该乘客表示他住在福建泉州市从来没有打过这样的咨询电话，表示经常会有这样的电话打给他，问为什么有这么多人来骚扰他，希望以后不要再骚扰他了。
"
4448,B742公交车不停靠终点站金色半山,深圳市交通运输委员会,2017.01.18,2017.01.23,"前一段时间因为修路的原因，公交车B742不停靠金色半山小区的终点站。但现在路基本上已经修好了，但公交车仍不停靠终点站。
		","市民您好，您反映的问题已转深圳市东部公共交通有限公司进行处理，现答复如下：?1、 根据调查了解，B742线金色半山路段是由于之前修路，车辆无法正常行驶至金色半山公交站台，
车队在2017年1月9日下午再次去了金色半山现场查看，目前到金色半山路段基本修好，但由于修路把之前的公交站台都已经拆除，并且后面路段也还在施工，B 742如恢复金色半山公交站台，已没有任何地方可以停靠，停路边上交警又会抄牌，车队也向公司主管部门及金色半山物业反映了这个情况，物业表示近期向领导请示，给乘客带来不便敬请谅解； 2、 车队在2017年1月23日11:10用电话（28348653）致电了乘客，解释了这个情况，乘客表示理解。
"
4449,光明交通局,深圳市交通运输委员会,2017.01.19,2017.01.23,"光明新区从光明到羌下，途经楼村及圳美一路（公常路），两边众多工业园区，但早上八点前无市公交经过，非常不便于在此路上上班的人员，请光明交通局予以考虑增加公明至圳美羌下的微巴线路及干线巴士或者调整从公明到圳美两路上服务时间，希望新增线路能够在七点四十分前有车到达圳美羌下，谢谢。
		","市民您好，您反映的问题已转深圳市西部公共汽车有限公司处理，现答复如下：公明到羌下有M366线途经楼村、圳美，光明到羌下有B662线也途经圳美，羌下偏远，人流较小，而公常路M366,M217，720，M215-M218等线能够保证工业区正常的出行需求。2016年12月份我司在光明片区开通6条微巴线，2017还将继续开通微巴线，我司将协同光明交通局一起进行实地调研后对部分道路规划开通新的微巴线路方便市民出行。2017年1月23日9:00分已致电向该乘客作出解释。
"
4452,m360,深圳市交通运输委员会,2017.01.19,2017.01.23,"究竟m360从开线至今调整过几次总站，请告知一下准确答案。
		","市民您好，您反映的问题已转深圳市东部公共交通有限公司进行处理，现答复如下：1、 根据调查了解，M360线在近几年调整过三次场站，由深圳北站调整至白石龙村，2016年11月1日从白石龙村总站调整至观澜牛角龙总站； 2、 车队在2017年1月23日11:23、11:35用手机（13316997649）致电乘客，打通后乘客拒绝接听。
"
4453,目前滴滴顺风车是否合法？,深圳市交通运输委员会,2017.01.20,2017.01.23,"请问目前在深圳市范围内使用滴滴顺风车搭载上下班的乘客分摊费用，是否属于非法营运范围？
		","市民您好，您反映的问题已转市公共交通管理局处理，现答复如下：在合理范围类，不属于违法，详情可以查看深圳网约车管理细则。感谢您对交通事业的关心与支持!
"
4457,956,深圳市交通运输委员会,2017.01.18,2017.01.22,"究竟956近期有无更换成比亚迪纯电动大巴，请告知一下准确答案。
		","市民您好，您反映的问题已转深圳市东部公共交通有限公司处理，现答复如下：接贵中心单：2017011900623，车队核实情况回复： 1、因956线场站安装纯电动车辆充电桩条件还不成熟，线路暂未收到更换纯电动大巴的通知 2.、车队负责人于1月21日20:52用办公电话13316996853回复乘客，因乘客接听电话后直接挂断电话，故车队又用手机13316996853编辑信息发送给信访人回馈。
"
4458,311,深圳市交通运输委员会,2017.01.16,2017.01.22,"究竟311何时投放比亚迪纯电动大巴，请告知一下准确答案。
		","市民您好，您反映的问题已转深圳市东部公共交通有限公司处理，现答复如下：接到贵局转来的2017011700560传单，车队现回复如下： 1. 目前车队还是用常规动力车，如果要换比亚迪纯电动大巴的话，这个是公司的安排。车队也不知道什么时候能更换.望请理解. 2. 车队于2017.1.20号下午17：50用15818716667电话回复乘客，并且和他解释清楚，乘客表示知道.
"
4463,宝安交通局,深圳市交通运输委员会,2017.01.18,2017.01.22,"究竟宝安交通局何时统一上报2017年上半年公交停靠点更名方案。请告知一下准确答案。
		","市民您好，您反映的问题已转宝安交通运输局处理，现答复如下：经调查，各辖区局每年4月、11月两次收集整理站台更名方案，再上报市交委审核，经过公示后再实施。感谢市民对交通事业的理解和支持。
"
4464,西部公汽,深圳市交通运输委员会,2017.01.16,2017.01.22,"请问西部公汽你们公司究竟何时制作2017年上半年公交线网规划方案，另你们公司在2016年12月1日到2017年1月16日有哪些线路投放比亚迪纯电动大巴，请告知一下准确答案
		","市民您好，您反映的问题已转深圳市西部公共汽车有限公司处理，现答复如下：经调查核实：2017年上半年线网优化调整方案在春节假期结束后着手开始制定。12月份我公司并无换成比亚迪纯电动大巴的线路
。因该信访人采用网上咨询方式，可采用网上查询处理结果，因此未电话回复。
"
4466,公交处,深圳市交通运输委员会,2017.01.19,2017.01.22,"从翠竹过来的车全走太白路，去布心路附近学校及医院不方便，建议开通微巴线路及干线巴士或者调整线路方便市民出行。
		","市民您好，您反映的问题已转罗湖交通运输局处理，现答复如下：感谢市民建议，我局将收集市民建议，并在2017上半年的线网优化调整中安排第三方机构研究方案，最快将会在年中开行微巴，请市民耐心等候，若有不便之处望市民理解。
"
4468,m284,深圳市交通运输委员会,2017.01.17,2017.01.22,"究竞m284何时投放比亚迪纯电动大巴，请告知一下准确答n。
		","市民您好，您反映的问题已转深圳市西部公共汽车有限公司处理，现答复如下：根据该乘客反映的情况核实，M284线车辆未收到换车通知，且M284线路所使用车辆均可通过年检。另车辆更换并非我司能调整的，根据以上情况我司认为该投诉不成立，于2017年1月22日8：55分致电回复该乘客并作出解释。
"
4487,关于在外市法院拍卖所得粤B拍小型汽车指标问题的咨询,深圳市交通运输委员会,2017.01.15,2017.01.19,"根据《深圳市小汽车增量调控管理实施细则》 第五十二条的规则在本市人民法院司法拍卖本市登记的小汽车所有权发生转移的新车主可以获得指标，那么从外市人民法院拍卖到的本市车牌小汽车将如何操作，请给予答复。谢谢!
		","市民您好，您反映的问题已转道交中心小汽车调控组处理，现答复如下：根据《深圳市小汽车增量调控管理实施细则》
第五十一条 因执行人民法院生效法律文书，小汽车所有权发生转移的，申请人在本市办理小汽车注册、转移登记或者由外地转入本市时，需提交指标证明文件。第五十二条 因本市人民法院司法拍卖本市登记的小汽车所有权发生转移的，竞拍成功后，符合增量指标申请条件的买受人，可以持人民法院和指标管理机构分别出具的有关证明文件，到本市公安交警部门办理相关转移登记手续。原车辆所有人不能获得更新指标。您是需要获得增量指标（摇号或竞价）才能上牌，从外市拍到的本市车辆能否上深圳牌问题请咨询相关业务部门。
"
4531,西部公汽,深圳市交通运输委员会,2017.01.03,2017.01.17,"请问西部公汽你们公司制作2017年下半年公交线网规划方案究竟何时统一上报，另你们在宝安片区新增18条微巴线路究竞是否采用比亚迪纯电动大巴运营，不能告知准确答案就不要受理此单。
		","市民您好，您反映的问题已转深圳市西部公共汽车有限公司处理，现答复如下：2017年下半年线网优化调整方案需到2017年下半年度进行上报。微巴社区微巴是为社区、原屋村、厂区等提供“点对点""出行的公交微循环服务新品种。其以走街串巷的方式，从供给上进行结构性完善，为轨道、快线、干线、支线等不同层次的地铁公交线网提供无缝接驳和喂给服务，实现公交网络向社区的延伸，在公交服务方面给人民群众带来更多获得感，因此一般采用中巴车型。因该信访人采用网上咨询方式，可采用网上查询处理结果，因此未电话回复。
"
4532,沙河西路快速化改造工程设计图纸公示,深圳市交通运输委员会,2017.01.04,2017.01.17,"你好：
   本人是松坪山片区的住户，沙河西路南坪快速路不能互通，对出行交通带来很大的不便，两条主干线没有得到充分利用相信也不是当初设计的初衷。
   1.目前茶光、松坪山片区如要往南坪快速东行，近在咫尺的入口无法进入，需要2公里以外掉头。
   2.从南头关过来，竟无下沙河西路的出口。
   3.沙河西路往南坪快速东向入口只有一条车道，加剧沙河西路宝深路口塞车。
   目前改造已开始动工，但一直没留意到设计图纸的公示，希望这一次的改造没有忽略以上几个严重缺陷。
		","市民您好，您反映的问题已转市交通公用设施建设中心进行处理，现答复如下：1、由于广深高速及周边条件限制，目前只能通过掉头方式转南坪东行。2、由于周边条件及广深高速限制、南坪东行下沙河西路匝道目前暂无法建设。3、本次改造拟拓宽该处，缓解拥堵情况。
"
4538,M320路公交间隔时间长，每天早上上班迟到！,深圳市交通运输委员会,2017.01.13,2017.01.17,"M320路公交间隔时间长，每天早上上班迟到！望有关部门给个说法
		","市民您好，您反映的问题已转深圳市东部公共交通有限公司处理，现答复如下：1、M320有营运车辆11台，四台车循环充电备用，当天实际发车7台，根据台账发车单记录早高峰发车间隔为15分钟，车队已要求调度部门根据早晚高峰期期合理安排发车间隔。 2、车队工作人员于，2017年1月17日10:58分（89362115）致电投诉人，给投诉人解释车辆发车情况，投诉人对车队的回复表示理解。
"
4671,323,深圳市交通运输委员会,2017.01.03,2017.01.09,"究竞323何时投放比亚迪纯电动大巴，请告知一下准确答案。
		","市民您好，您反映的问题已转深圳市东部公共交通有限公司，现答复如下：赵先生的询问323线何时投放比亚迪纯电动大巴的问题，323线很快就可以接到新的比亚迪纯电动大巴了。2、感谢赵先生对线路的监督，车队负责人于1月5日17：28左右用车队固定电话28577781回复了信访人，信访人一直没接电话。车队以短信 的方式回复了信访人。
"
5576,网约车考试,深圳市交通运输委员会,2016.10.11,2016.12.07,"市交委领导好！
  我12年9月领的驾照，已有4年驾驶经验，想参加网约车从业人员资格考试，请问在哪里考试？何时可以参加考试？
谢谢！
		","市民您好，您反映的问题已转客运交通管理局处理，现答复如下：待具体办法出台后，交委会统一公布。感谢您对交通事业的关心与支持!
"
7266,宜停车系统是否属于交通违章,深圳市交通运输委员会,2016.10.12,2016.10.18,"你好，我是一名外地游客，于国庆期间到深圳盐田区大梅沙游玩，当时驾一辆车牌为赣D0F011于中午12点40左右在爱桷路停车就餐，车辆是完全停在停车线以内，因为我们内地没有自动停车系统，所以当时不知道深圳会采用这种方式对占道停车进行收费，以为会有人工在走之前来收取停车费，但用完餐以后回来拿衣服准备去大梅沙游泳时发现车上被贴了罚单，负责贴罚单的人员就在旁边（该人非交警执法人员），我问其原有才知道是因为没有按照自动缴费系统进行缴费，将被处以500元违章罚款。于是，我立即按照贴罚单人员提示找到了停车缴费公示牌，并按照指示进行充值缴费，可是系统显示因为我已经超时不能缴费，我又致电宜停车客服热线，客服小姐告诉我他们也无法处理，必须待上班以后到相关交警大队处理。根据我遇到的情况，我提出几点问题，希望能够得到答复：1、宜停车系统我延迟缴费，但我车并未开走，且中间仅不到两个小时时间，作为一个外地人，不了解也未使用过同类系统，并非故意逃避缴费，我知道情况以后可以进行补缴，即使逾期，我可以对我处罚滞纳金，这应该是我与宜停车公司之间的经济纠纷，并非为交通违章，若有一个不会使用智能手机或者老年人，他该如何缴费停车呢？2、作为一款自助停车系统，他的目的是便民而非为敛财，我相信每一个如此被罚款的人都并非故意逃避几块钱甚至几十块钱的停车费；3、我是一名外地游客，利用假期过来游玩，但罚单要求在三个工作日后到盐田交警队进行处理，我肯定来不了，我该怎么处理。
对于此类事项，我相信我不是第一个遇到，但我希望相关领导能够重视，让每一个市民，每一个来深圳投资、游玩……的人都能乘兴而来，满意而归，谢谢。
		","市民您好，您反映的问题已转到市道路交通管理事务中心进行处理，现答复如下：，对信访内容予以解释、说明。根据《深圳市机动车道路临时停放管理办法》第三十条（二）：未按照规定启动缴费程序，除应当按照路边临时停车位使用费标准补缴应缴费用外，由市公安机关交通管理部门依照规定予以处罚，并纳入个人信用征信系统。道交中心从2014年5月起通过各大新闻媒体、报纸、电台对路边临时停车正式收费的时间、收费片区、收费标准及征收方式进行了宣传。同时通过在现场树立收费指示牌及宣传横幅、派发宣传单张、停车泊位地面印有“服务电话96001”等方式加强宣传、指引。指示牌内容包括：收费标准，缴费流程及96001咨询热线。如对罚单有异议，建议依法申诉。感谢您对交通事业的关心与支持。
"
7272,强烈要求增加过求水顶隧道的公交车辆。,深圳市交通运输委员会,2016.10.09,2016.10.18,"每天经过求水顶隧道的公交车只有M462和M449两趟公交车，M62发车时间慢，M449车辆小，发车慢且拥挤，强烈要求增加多条线路，以方便市民出行。建议可以将大浪服装基地的公交车总站或大浪服装基地部分公交车移至白花洞公交总站，最好是M301和高峰15。这样能够方便光明及观澜市民前往布吉和福田。
		","市民您好，您反映的问题已转到公共交通处进行处理，现答复如下：目前，我委正在按计划推进2016年第二批次公交线网优化工作，市民反映的有必要开通白花洞前往布吉和福田区的新线路等建议，我委高度重视，已将市民提出的意见收集并反馈至专业机构，并将结合2016年第二批次公交线网优化工作，综合考虑全市二线关口交通改善工程、道路行驶条件、公交场站配置、客流情况、市场需求等因素，充分研究解决反映的出行难问题。感谢您对交通事业的关心与支持。
"
14961,关于万科金色领域门口天桥施工进度的投诉,深圳市交通运输委员会,2015.12.09,2015.12.23,"相关领导，你好
    位于宝安区福永街道万科金色领域由于需要乘坐公交换乘地铁，但由于护栏隔离，出行十分不便，需要步行20分钟绕道对面公交站。
    于2014年9月份，宝安区交通局开始计划在万科金色领域门口修建天桥，工程外围施工公示牌清楚列示：开工日期2014年12月15日，竣工日期：2015年5月。
    今天是2015年12月9日了，天桥工程毫无任何进展，本来是方便大家的工程，但由于该工程耽搁时间较久，将辅道封闭，使得出行更加不便。
    2015年11月相关部门回复：11月份开工，回执编号：20151109-5432-3347599。现在又过去一个月了，希望相关部门能够重视起来，加快进度，毕竟宝安大道福永路口很多泥头车、电单车，行人过马路十分危险。希望相关负责人能给一个明确的时间表，何时动工，为何迟迟不动工，也希望给一个说法。
		","市民您好，您反映的问题已转到宝安交通运输局进行处理，现答复如下：信访人反映情况收悉，原设计图，因打桩遇到燃气管，而改施工图纸。由于原来的保函及占地许可已过期，现在正在加紧办理，且现在我局请第三方监测单位进场监测，评估对周围建筑的影响。这几个条件都具备，施工方才可以开工，最快明年元月中旬。感谢您对交通事业的关心与支持。
"
19352,小汽车竞价问题,深圳市交通运输委员会,2015.06.15,2015.06.29,"请问为什么从第四期竞价开始个人竞价名额从一万多个降为3880个到第五期的2900多个？是否存在人为控制涨价？剩余的名额去哪了？
		","? ? 市民您好，2015年全年小汽车增量指标共计10万个（按12期平均分配取整数），因1月份未投放指标，将1月份指标平均分配到2、3、4月，最终全年指标共分11期投放。第1、2、3期每期计划投放11112个（普通小汽车竞价、普通小汽车摇号、电动小汽车摇号）指标，第4-11期每期计划投放8333个（普通小汽车竞价、普通小汽车摇号、电动小汽车摇号）指标。每期实际投放指标数量为当期计划配置数量，以及上一期未成功配置和逾期未使用的增量指标数量之和。
"
23340,关于我市出租车燃油附加费的问题,深圳市交通运输委员会,2014.10.14,2014.10.17,"目前我市出租每次收取3元燃油附加费的规定已经实行多时,但据有关报道,现在我国国内燃油价格今年已经多次下调,而我市的燃油附加费却一直在按原标准收取,并未见该收费项目取消或下调标准。希望交通管理部门能给予解释并回复。
		","　　您好，我市出租车燃油附加费根据深圳市物价局、深圳市交通局2009年联合下发的《关于优化我市出租小汽车运价结构和油价运价联动机制的通知》的规定进行调整，根据规定我市红色出租车燃油附加费已自2014年10月1日起由3元调整至2元。感谢您对交通事业的关心与支持！
		
		"
24390,关于深惠城轨的开工,深圳市交通运输委员会,2014.05.08,2014.05.23,"您好，我是一名深圳市民，因深圳房价过高，只能在惠阳淡水买，虽然现在有深厦高铁，但还是很难买到票，多数都是长途旅客，我听说深惠城轨在规划中，不知几时可以开工，还有有没有经过淡水，期街回复，万分感谢
		","　　您好，深惠城轨已纳入《珠三角城际轨网修编规划》，计划2020年后才有具体实施时间表。感谢您对交通事业的关心与支持！
"
24544,关于M343公交线路调整发车时间的建议,深圳市交通运输委员会,2014.04.14,2014.04.22,"M343路从后瑞最早发车时间为7.30， 而深圳北站的高铁从7.00就开始有列车发车；前进二路方向只有此一趟公交到达深圳北站方向，发车太晚对在西丽附近上班的居民也不方便。从北站发车头班车为6.10，而到达北站的高铁最早的一趟也在7.36分。 两个方向的发车时间安排不甚合理，希望可以提前北站方向的首班发车时间，请予关注研究，谢谢。
		","　　刘知峰您好，您反映的问题已转深圳市西部公共汽车有限公司处理，该公司回复如下：“M343线由于在后瑞没有场站，所以车辆统一停放深圳北站附近，早上只能单边发班，故双边时间上不一样，深圳北站首班是6：10分，到达后瑞后7：30方能发车。现公司准备增加30台运力，届时车队会合理安排发班尽量做到双边发车。”感谢您对交通事业的关心和支持！
"
24571,德福花园什么时候才能通地铁？？？,深圳市交通运输委员会,2014.03.14,2014.04.17,"请问附件住了这么多人，啥时候能通地铁？地铁14号线能在此设地铁站么？希望领导真的能给群众多办实实在在的好事！！！
		","　　谢先生您好，目前地铁14号线尚处于规划阶段，尚未对具体站点设置问题开展进一步研究。根据轨道交通线站位规划原则，将根据城市发展及交通需求，在人口、岗位密集地区设置站点，满足居民出行需要。市轨道办表示将向规划部门及时反馈14号线在德福花园设站的建议。感谢您对轨道交通发展事业给予关注和支持！
"
24572,考驾照,深圳市交通运输委员会,2014.04.10,2014.04.16,"你好！关于考驾照问题，现在是要求越来越高（此应该是好事），但价格一路攀升，而且据同事或朋友反馈，现在考驾照还是存在交钱拿证问题（驾校风气、或师傅问题）。而去年曾有一段时间讨论过“不用报考驾校培训，直接考试拿证”；因此想了解这是否只是大众的一厢情愿？或是有可能落实，具体是什么时间？谢谢！
		","　　杨先生您好，据了解，相关工作人员已针对反映问题联系您沟通解释，关于考证一事，建议您可咨询公安交警部门（车管所）。感谢您对交通事业的关心与支持！
"
24573,建议晚9点以后尽量多开电动公交,深圳市交通运输委员会,2014.04.15,2014.04.16,"深圳有几十上百万人住在城市干道边上， 想必大家都有一种体验， 当大型的柴油公交车经过的时候， 声音特别大， 让人特别心烦。 尤其是晚上睡觉的时候， 即使关紧窗户， 下面的公交经过的时候， 依然能够被它们深深震撼。 深圳现在有至少一千多辆纯电动公交车 这些车基本上没有什么噪音。 希望政府能够考虑到这几十上百万人的利益， 要求公交公司， 在晚上9点以后停止开行柴油公交车， 只开动纯电动公交。
		","　　李新道您好，首先对于公交车运行打扰到您的休息表示歉意。我市公交车一般都会持续运行到22点左右，部分线路车辆可能更晚，这主要是为了方便市民乘车考虑。对于您提到的，晚上9点后使用纯电动车替代柴油车运行的提议，我们认为不具备可操作性，一是目前我市纯电动公交车数量比较少，只配备在少数几条线路；二是目前线路车辆配置一般都比较固定，调配纯电动车运行调度困难，容易造成混乱。望您给予理解。
"
24656,横坪公路坑梓段什么时候能开工？什么时候能通车？,深圳市交通运输委员会,2014.03.08,2014.03.28,"停工七八年了，坑梓人出行十分不便。
		","　　杜海您好，该项目预计明年年底开工建设，通车时间待定。感谢您对交通事业发展给予关注和支持！
"
28684,汽车、摩托车维护与保养,深圳市交通运输委员会,2009.04.13,2009.04.27,"本人准备注册一家汽车服务公司，计划营业范围通过查询《国民经济行业分类》目录得知正好符合《汽车、摩托车维护与保养》行业代码为08311小类里的相关规定。 根据我的个人经验所知经营与汽车相关业务要先得到交通局的批文，工商才会允许注册。但我通过查询《汽车维修业开业条件》及《机动车维修管理规定》里都没有提到这部分业务相关管理要求，所以我想咨询申请《汽车、摩托车维护与保养》规定的业务是不是可以不用交通局的批文，可以正常注册？谢谢！
","? 4月17日下午我局致电市民张先生解释了有关政策，张先生表示满意。感谢您对公交事业的关心和支持！--- 深圳市交通局
"
28705,深圳巴士集团的司机可以免试办理客运从业资格证,深圳市交通运输委员会,2009.04.13,2009.04.27,"你好：我是深圳巴士集团的司机，已经进公司5年了，可是我一直没时间办理《客运从业资格证》，我听说现在巴士集团的司机可免试在贵局办理《客运从业资格证》，请问可以吗？要是可以的话，需要什么手续？????? 谢谢！
","? 您好，《营业性道路运输驾驶员从业资格证》必须按正规程序，通过由深圳市交通局客运管理分局组织的考试合格后方可取得，不可免试取得。如确需报考，具体报考程序可咨询客运分局（电话25400290）或深圳市培训中心（电话83116530）感谢您对公交事业的关心和支持！--- 深圳市交通局
"
28791,请问地铁开通时间,深圳市交通运输委员会,2009.04.22,2009.04.23,"请问地铁一号线的延长线到底什么时候开通呀？通车时间已经推迟了好几次了。我重点想了解什么时候能通到深大、什么时候能通到前海路人人乐的那个门口。谢谢。
","经我局咨询深圳地铁有限公司服务热线88960600，了解到地铁深大站拟于2009年9月28日开通。详情建议市民直接向地铁公司垂询。感谢您对公交事业的关心和支持！--- 深圳市交通局
"
29281,公交多刷卡是否不用退款？,深圳市交通运输委员会,2009.02.06,2009.02.13,"2009年2月5日晚上八点5分，我和我同事在南油大厦站上了一辆331路往松岗方向的公交车，我跟售票员说到深发展，我同事说到桃源居，然后准备把卡给她刷，前面一位男士先把卡伸过去刷了一下，我一看刷卡器屏幕显示的是7块钱，就问她：“7块？”迟疑了一下没把卡伸过去，她自己就把刷卡器伸过来刷了下我的卡，由于我对售票员职业的信任，还以为是刷卡器显示屏的问题。我同事说：“怎么是7块呢？”，她说：“是7块，上车7块”。然后我就糊涂了，就找她理论，说到深发展事2块，桃源居是3块，怎么一下变成7块了？售票员说我工号是130，以后你们坐我的车可以不用刷卡，请问这种做法是否符合规定？售票员多刷了钱是否不用退还？不管钱多钱少，至少都是我的私人财产，该售票员或者公交公司是否可以以强刷的方式侵占个人财产？该公交车牌号为粤B80808，请有关部门给个明确答复，谢谢。
","? 据司乘人员反映当时该乘客上车后问他们到哪里，他们说到松岗，乘务员就刷了他们的卡。等他们看到刷了7元钱后，又说一个到“深发展”一个到“桃源居”。由于当时乘客是先说目的地乘务员再刷卡的，按深圳通有关规定刷了卡是没有退现金的，故无法退还现金给陈小姐。目前车属公司称已致电陈小姐解释说明有关情况。感谢您对公交事业的关心和支持！--- 深圳市交通局
"
29454,高速公路噪音问题咨询,深圳市交通运输委员会,2008.12.21,2008.12.24,"交通局的相关领导您好： ??? 我在早段时间曾经向你们问过下面问题:货柜车改道从高速公路通行令到高速公路的噪音成倍的增加到现在已过去几年了，当时提出过建造隔音墙，几年前到现在多次传出马上兴建的信息以来从没看到任何有进展的情况，业主们想通过咨询了解现在最新情况如何... ??? 您们答复我们所看到的是如下：由于广深高速公路为省管路，由省政府及省交通厅直接管理，由广深珠高速公路有限公司负责经营，为此，我局... ??? 下面详细的就没看到能不能再详细说明一下，谢谢。 ??????????????????????????????????????????????? 金域蓝湾业主
","您好，你的意见我局将向相关部门反映。感谢您对公交事业的关心和支持！--- 深圳市交通局
"
29538,Electric bicycles,深圳市交通运输委员会,2008.11.26,2008.12.05,"Attention:?? Huang Min (Municipal Transport Bureau Chief) and Chen Huigang (vice chief) Issue:? Electric bike operates in Shenzhen SAR.? Should it be covered with a legal framework?? Should it be banned? Would electric bike a proper mean for individual transport here in Shenzhen SAR? My vote: No, hell no and no, no, no……… Justification:? for a typical Shenzhen Special Administrative Region resident, I walk daily and take public transportation.? Each day, while I was walking on pedestrian walkway, I was subject to constant life threatening attack from those electric bike owners.? They have the habit of cruising their 20km/hr bike and run over me at the same time.? This happens not once or twice but more than 20 occurrences per every ten minutes of walk.? It is even more danger when they load up that tiny machine, electric bike with their goods.? You would be amazed how much goods they could stash on top of that tiny machine.? It is a danger situation when one has to dodge a loaded electric bike while walking on the pedestrian walkway.? For the safety and well beings of Shenzhen citizen, please ban all electric bikes in the SAR. In addition, it will destroy Shenzhen contemporary progressive image by those electric bikes’ owner cruising with their bike loaded with goods.? It is the same reason city leadership ban all mini bus operates in the SAR.? They would definitely clog all the roads if they are allow to operate in the city and create another type of traffic monster.? We have enough of those here in the SAR and we definitely do not need electric bike please. Proposal:? Pass a law through municipal people’s congress and ban this evil electric bike operating in the SAR.? Any violator would have their electric bike forfeit.? Driver of electric bile will have their butt whip with 20 lashes on the spot, no trial.
","您好，您反映的问题不属于我局职能管辖范围，建议您直接向公安交警部门进行反映，电话：122 。感谢您对交通事业的关心和支持！--- 深圳市交通局
"
33660,324大巴售票员态度恶劣,深圳市交通运输委员会,2006.11.22,2007.01.22,"我于11月16日晚上10点15分左右在福田区香梅路口上了牌照为粤B57054的324公交大巴，上车后我给售票员2元车票钱，其中一元为10个一角的硬币。那位售票员希望我给她整钱，我因为没有，她于是拒收我的钱，还要我马上下车，当时开车的司机说公司有规定说不收一毛的钱，还说我的目的就是要白坐车。在我和他们理论的时候，售票员还蛮横的打断我说话，说不想和我这样没有素质的人说话，然后走到司机旁边，声音比较大的说：“下次不要让我再看到她，看到了会赶她下车…………”后来我打电话问公交公司，是否不收一毛的钱，他们回答我说根本没有这个规定。这个车的乘务人员，态度差素质低，对乘客出言不逊，这样威胁乘客，实在让我无法接受，实在有损公交公司的形象。
		","对324线粤B57054车辆乘务员态度恶劣一事，我们已要求东方明珠公司加强对乘务员的上岗前培训，树立服务意识，为乘客提供优质服务。 深圳市交通局 2007年1月22日
		
		"
33661,324大巴售票员态度恶劣,深圳市交通运输委员会,2006.11.22,2007.01.22,"我于11月16日晚上10点15分左右在福田区香梅路口上了牌照为粤B57054的324公交大巴，上车后我给售票员2元车票钱，其中一元为10个一角的硬币。那位售票员希望我给她整钱，我因为没有，她于是拒收我的钱，还要我马上下车，当时开车的司机说公司有规定说不收一毛的钱，还说我的目的就是要白坐车。在我和他们理论的时候，售票员还蛮横的打断我说话，说不想和我这样没有素质的人说话，然后走到司机旁边，声音比较大的说：“下次不要让我再看到她，看到了会赶她下车…………”后来我打电话问公交公司，是否不收一毛的钱，他们回答我说根本没有这个规定。这个车的乘务人员，态度差素质低，对乘客出言不逊，这样威胁乘客，实在让我无法接受，实在有损公交公司的形象。
		","对324线粤B57054车辆乘务员态度恶劣一事，我们已要求东方明珠公司加强对乘务员的上岗前培训，树立服务意识，为乘客提供优质服务。 深圳市交通局 2007年1月22日
		
		"
33682,个体货车经营者是否可以领取2007年的道路运输证,深圳市交通运输委员会,2006.11.22,2007.01.10,"现在流言从2006年12月1日起个体货车经营者将不能领取道路运输证,请问这消息是否属实?在货车营运方面政府会有那些新政策出台?
		","（1）此消息不属实。个体和企业货运经营者都可以在办理《道路运输经营许可证》之后，办理道路运输证。（2）根据《道路运输条例》及《道路货物运输及站场管理规定》，必须先办理经营许可，经营者所属车属方可办理《道路运输证》。货运经营者必须在2007年6月30日前换发新版道路运输证件。感谢您对交通事业的关心和支持！ 深圳市交通局 2007年1月10日
		
		"
33683,布公路可以多_l公交路幔,深圳市交通运输委员会,2006.11.24,2007.01.10,"布公路可以多_l公交路幔磕壳霸路全程只有310一l路，牟技去A非常不方便。
		","06年，我局委托专业机构规划了31条公交线路，其中有一条从龙华客运总站至龙岗区汽车总站，线路途经龙观路、布龙路、水观高速、黄阁路、龙平路。06年12月29日，市政府采购中心对31条规划线路组织招标，上述线路于今年上半年可投入营运。感谢您对交通事业的关心和支持！ 深圳市交通局 2007年1月10日
		
		"
33684,为什么从布吉海关到康宁医院(罗湖翠竹路)没有直达车到呢?,深圳市交通运输委员会,2006.11.24,2007.01.10,"请问一下,为什么从布吉海关到康宁医院(罗湖翠竹路)没有直达车到呢?每次上班,都要从布吉海关坐车到翠北小学下车,然后再走路到康宁医院,真的很麻烦,而且距离要两个站台这么远.
		","目前，从布吉检查站有一条可以直达康宁医院的公交线路，线路编号为40，起终点为布吉草埔总站和北斗总站，途经道路为金稻田路、东昌路、太白路、翠竹路、东门北路和文锦路。感谢您对交通事业的关心和支持！ 深圳市交通局 2007年1月10日
		
		"
33685,深圳C埸每天直通香港的大巴有C班？多x！,深圳市交通运输委员会,2006.11.24,2007.01.10,"
","目前，早上8：00时至晚上12：00时，约30分钟开行一班从深圳机场至香港的大巴。感谢您对交通事业的关心和支持！ 深圳市交通局 2007年1月10日
		
		"
33686,公司的车要办道路运营证么？,深圳市交通运输委员会,2006.11.24,2007.01.10,"昨天，公司有几箱比较紧急的物料需要客户验证，我们就用平常开班车的金杯运送，结果有关部门说这个是违法营运。 我想请教一下：营业性货运是什么概念？都指那些内容。公司的车送自己的货去客户那里，并不是经营性质的运输，也必须办理道路运营证吗？ 车已被扣，急寻答案。谢谢！
","营业性货运是指具有商业性质，为社会提供公共服务的货运活动。若送货给客户，而货物归原客户所有，其性质就为经营性。公司的车送自己的货去客户那里，是经营性运输。必须办理道路运营证。感谢您对交通事业的关心和支持！ 深圳市交通局 2007年1月10日
		
		"
33687,关于布心花园居民的出行问题,深圳市交通运输委员会,2006.11.22,2007.01.10,"您好!我是居住在布心花园的一名市民.因为我原来住在南山区,来到这里,发现出行要比原来困难许多.因此,我想对出行的问题提一点意见及建议: 就拿到田面这个站来讲,布心花园的居民只有一种选择,就是步行到东昌总站去坐203路.(其它的如从彩世界出发,从布心花园出发,从布心市场出发,都只能到福滨新村,而从福滨新村到田面要有两站地的距离,同时是没有公交车的.) 现在,就说一下203这条线路.应该说这条线路设置得是比较合理的,是从布心花园到其它区的所有线路中最短的一条.但是就是这么短的一条线路,从布心花园到田面最快也要35--40分钟左右(道路最通畅的时候).而在同样的情况下,从白石洲到田面也只要20分钟. 如果能保证在道路通畅的情况下40分钟到达目的地也是可以理解的,必竟,受路线,车量等其它的因素的影响,行驶时间在10--15分钟内浮动是正常的.可是,如果在线路比203复杂,发车比203晚的情况下,其它车辆还要比203行车时间少,这就难以理解了. 通过我的观察,我发现203线路存在以下问题: 1 车辆少.虽然总站是2-3分钟发一次车,由于它行驶路线的原因,在晚间根本不能满足需求. 2 司机素质良萎不齐.203路有一些司机的素质非常好,反应快,行车平稳.而有一些,而且是一大部分的司机,反应非常慢,当所有的乘客都乘坐妥当了,他还要过几十秒甚至一分钟才关车门，开始行车．一个站可以，几个站可以，但几十个站下来，要浪费多少时间？？　　深圳是效益的深圳，公交车更应该讲究效益：一辆车上有几十甚至是几百名乘客，一个人被浪费十分钟，可以少做多少事情呢？？　　据此，我提出几点建议：　　１　增加２０３的公交车辆，或者增设几条从布心花园到福田区的线路　　２　提高司机的行车素质，把乘客的时间当成自己的时间．　　３　公司内部设立规定，把司机的行车时间与公司待遇挂钩．同样出车的情况下，晚３０分钟的要采取一定的处罚措施．　　我只是希望，公交公司真正的把每位乘客的利益放在首位，能够真正的让市民出行顺利．
		","经调查，203路（布心花园―渔农村）线路里程为14.2公里，配车26辆，单边运行时间为58分钟。每公里配车数达到1.86，远高于每公里配1辆车的标准，高峰期发车间隔已经达到2－3分钟，平峰发车间隔为6－8分钟。公交企业每年的交通事故和服务质量投诉中有80％都是因为行车速度过快引起的，为了保障乘客的安全，我们不能鼓励企业采用司机的行车时间与司机的待遇挂钩的考核办法。对于您提出203线路晚间不能满足乘客需求的问题，公司会在近期对203线进行客流调查，根据客流调查的情况采取相应的措施，确保满足大部分乘客的出行需求。感谢您对交通事业的关心和支持！ 深圳市交通局 2007年1月10日
		
		"
33688,关于布心花园居民的出行问题,深圳市交通运输委员会,2006.11.22,2007.01.10,"您好!我是居住在布心花园的一名市民.因为我原来住在南山区,来到这里,发现出行要比原来困难许多.因此,我想对出行的问题提一点意见及建议: 就拿到田面这个站来讲,布心花园的居民只有一种选择,就是步行到东昌总站去坐203路.(其它的如从彩世界出发,从布心花园出发,从布心市场出发,都只能到福滨新村,而从福滨新村到田面要有两站地的距离,同时是没有公交车的.) 现在,就说一下203这条线路.应该说这条线路设置得是比较合理的,是从布心花园到其它区的所有线路中最短的一条.但是就是这么短的一条线路,从布心花园到田面最快也要35--40分钟左右(道路最通畅的时候).而在同样的情况下,从白石洲到田面也只要20分钟. 如果能保证在道路通畅的情况下40分钟到达目的地也是可以理解的,必竟,受路线,车量等其它的因素的影响,行驶时间在10--15分钟内浮动是正常的.可是,如果在线路比203复杂,发车比203晚的情况下,其它车辆还要比203行车时间少,这就难以理解了. 通过我的观察,我发现203线路存在以下问题: 1 车辆少.虽然总站是2-3分钟发一次车,由于它行驶路线的原因,在晚间根本不能满足需求. 2 司机素质良萎不齐.203路有一些司机的素质非常好,反应快,行车平稳.而有一些,而且是一大部分的司机,反应非常慢,当所有的乘客都乘坐妥当了,他还要过几十秒甚至一分钟才关车门，开始行车．一个站可以，几个站可以，但几十个站下来，要浪费多少时间？？　　深圳是效益的深圳，公交车更应该讲究效益：一辆车上有几十甚至是几百名乘客，一个人被浪费十分钟，可以少做多少事情呢？？　　据此，我提出几点建议：　　１　增加２０３的公交车辆，或者增设几条从布心花园到福田区的线路　　２　提高司机的行车素质，把乘客的时间当成自己的时间．　　３　公司内部设立规定，把司机的行车时间与公司待遇挂钩．同样出车的情况下，晚３０分钟的要采取一定的处罚措施．　　我只是希望，公交公司真正的把每位乘客的利益放在首位，能够真正的让市民出行顺利．
		","经调查，203路（布心花园―渔农村）线路里程为14.2公里，配车26辆，单边运行时间为58分钟。每公里配车数达到1.86，远高于每公里配1辆车的标准，高峰期发车间隔已经达到2－3分钟，平峰发车间隔为6－8分钟。公交企业每年的交通事故和服务质量投诉中有80％都是因为行车速度过快引起的，为了保障乘客的安全，我们不能鼓励企业采用司机的行车时间与司机的待遇挂钩的考核办法。对于您提出203线路晚间不能满足乘客需求的问题，公司会在近期对203线进行客流调查，根据客流调查的情况采取相应的措施，确保满足大部分乘客的出行需求。感谢您对交通事业的关心和支持！ 深圳市交通局 2007年1月10日
		
		"
33711,清水河小关塞车，何时才能解决？,深圳市交通运输委员会,2006.11.14,2006.12.29,"　　　罗湖区清水河因清平快线修通后，由小关出关的车辆明显增多，加之德兴公交总站在原有的８路．９路．１０５路．２２２路，新增加６１路．８５路．５８路．３８５路．３８１路等多条路线，使原有的公交站台超过负荷，回站车辆就无站可停，也无地方调头，造成该路段每天塞车，成为深圳塞车和车祸最严重的路段之一，请问市政府的有关部门有无真正的能够落实的解决办法？
		","您反映的问题有关部门正在处理之中,我们会尽快将结果向您反馈。感谢您对交通事业的关心和支持！ 深圳市交通局 2006年12月29日
		
		"
33712,长途车,深圳市交通运输委员会,2006.11.24,2006.12.29,"请问从福永汽车站到湖北罗田的车有没有？
		","您反映的问题有关部门正在处理之中,我们会尽快将结果向您反馈。感谢您对交通事业的关心和支持！ 深圳市交通局 2006年12月29日
		
		"
33713,深圳旧的公交卡现还可退换吗?怎样退卡或换新的深圳通卡呢?,深圳市交通运输委员会,2006.11.24,2006.12.29,"深圳旧的公交卡现还可退换吗?怎样退卡或换新的深圳通卡呢?
		","相关情况请咨询深圳通公司。感谢您对交通事业的关心和支持。深圳市交通局
		
		"
33714,如何k理手m,深圳市交通运输委员会,2006.12.04,2006.12.29,"本人想k理C榆S修及洗美容牌照,如何k理手m及Y格呢?x地c是否限制呢?提供Y料.xx兔.
		","请参考我局门户网站相关栏目。感谢您对交通事业的关心和支持。深圳市交通局
		
		"
