6046,南山南头片区FM96.0非法淫秽广告广播,深圳市无线电管理局,2016.11.27,2016.11.28,"本人在科技园上班，住在南头，所处范围内有FM96.0非法淫秽广告广播，全天播出，信号非常强，已经干扰到正常广播的收听，希望有关部门能够尽快查处。
		","您好，您投诉的黑广播电台，我局已转相关部门进行查处。感谢您对无线电管理工作的关注和支持。
"
6710,2012年在重庆考取4级业余操作证，现在深圳，可以申请呼号吗,深圳市无线电管理局,2016.11.03,2016.11.04,"2012年在重庆考取4级业余操作证，现在深圳，可以申请呼号吗？如何申请，是否需要换证？
		","原4级业余操作证现已不再使用，请重新考取新版操作证。 
按照现行《业余无线电台管理办法》和《工业和信息化部关于实施<业余无线电台管理办法>若干事项的通知》（工信部无〔2013〕43号）文件规定，中国无线电协会发放的业余无线电台操作技术能力验证合格证明是申请设置和使用业余无线电台的资格凭证，全国范围内有效。取得中国无线电协会业余电台操作证书包括两种方式，一是通过验证考核，二是旧版操作证书换发，我省的具体安排如下：?
　　1.通过业余无线电台操作技术能力的验证考核。在我省，广东省无线电协会受省无线电管理办公室委托，负责组织对我省A类和B类业余无线电台所需操作技术能力进行验证、核发验证合格证明等各项工作，可留意广东省无线电协会网站上的考试公告信息(省无线电协会网址：www.ragd.org?,咨询电话:020-87089959,联系人:曾昭胜)。?
　　2.通过旧版《业余无线电台操作证书》换发。我省的旧版《业余无线电台操作证书》集中换发工作具体由广东省无线电协会负责组织，如您持有旧版《业余无线电台操作证书》，请按照广东省无线电协会网站上的旧版《业余无线电台操作证书》换发申请办理须知（http://www.ragd.org/?cat=7,咨询电话:020-87089959,联系人:曾昭胜）办理。?
"
6713,手机信号被屏蔽,深圳市无线电管理局,2016.11.03,2016.11.04,"深圳市龙岗区布吉镇吉夏早禾坑工业区13号方圆1000米手机疑是被屏蔽，严重影响大家的生活需要，这里的人百分之九十连接不到4G网，走出这方圆一千米信号又恢复，希望有关部门领导能查看下是什么原因，谢谢
		","您投诉的事项，我局会安排监测人员进行检查，感谢您对无线电事业的支持。
		
		"
6924,非法电台,深圳市无线电管理局,2016.10.31,2016.10.31,"在龙园山庄可以收到非法电台，频率85-99，都是性病广告，内容及其露骨。
		","您好，您投诉的黑广播电台，我局已转相关部门进行查处。感谢您对无线电管理工作的关注和支持。
"
7062,宝安西乡最近黑电台猖獗,深圳市无线电管理局,2016.10.26,2016.10.26,"您好，最近发现宝安西乡上空相当多的黑电台，全部是卖药的，有几个还是直接给本地医院做广告拉人的。今早登记了下大概有9个，非常猖獗今天上午在宝安西乡频率如下,89.0，96.0，96.2,97.7，98.9,99.5,99.8，103.4,103.9 其他时间段还有更多的频率，有些频率在南山区都能收到，希望你们在处理的同时能与相关部门合作，对非法做广告的医疗机构进行处理，真正从源头给我们一个良好的无线电环境，谢谢
		","您好，您投诉的黑广播电台，我局已转相关部门进行查处。感谢您对无线电管理工作的关注和支持。
"
7193,GPS/北斗天线安装咨询,深圳市无线电管理局,2016.10.24,2016.10.24,"你好，GPS/北斗天线安装，天线只有接收，没有发射，天线厂上深圳中翼联合，请问安装是否需要该局批准。谢谢
		","我局无该审批事项。感谢您的咨询。
		
		"
8864,关于地面数字广播（DTMB）天线,深圳市无线电管理局,2016.08.12,2016.08.19,"1、一般居民可否在自家的阳台或者屋顶自行假设此类天线？
2、天线的大小、类型有无限制？（如八木，振子天线）
3、对于架设此类天线，有无其他的管理、监管部门？
		","您好，就您的咨询问题答复如下：1.发射天线根据国家有关规定，不允许居民私自架设。2.接收天线事宜，请咨询文体旅游局广电部门。
"
8879,深圳市龙岗无线电监测站,深圳市无线电管理局,2016.08.09,2016.08.19,"深圳市龙岗无线电监测站那个现在是怎么回事呢？就是在龙城华府旁边那个，以后还会用吗？我住在这里以后会不会有辐射？
		","您好，龙岗无线电监测站仅是接收信号，没有发射设备，请您不用担心辐射问题。感谢您对无线电事业的关注。
		
		"
16206,关于成立深圳市业余无线电协会业务主管单办理流程,深圳市无线电管理局,2015.10.21,2015.10.30,"因民政局要求：成立深圳市业余无线电协会需要有业务主管单位，而无线电业务属于深圳市无线电管理局管理，所以恳请市无线电管理局能作为深圳市业余无线电协会的主管单位，来更好的服务社会，推广、普及深圳市业余无线电。请问该业务的办理流程？
		","您好，协会属于民间组织，我局暂时没有相关职能。建议去市民中心B区办事大厅西厅民政局窗口询问具体办理流程。
		
		"
17775,咨询业余无线电操作证旧版换新版,深圳市无线电管理局,2015.08.28,2015.08.31,"你好，我想了解现在如何办理业余无线电操作证旧版换新版的业务，需要准备哪些资料，具体到哪个地方那个单位办理，另外还要注意些什么。谢谢
		","?持有旧版操作证书的申请人可申请换发新版操作证书，持有中国无线电协会颁发的四级旧版证书者，可申请换发A类操作证书；持有二级或三级旧版证书者，可申请换发B类操作证书；持有一级旧版证书者，可申请换发C类操作证书。申请人可将申请材料通过邮件发送至广东省无线电协会资料收集邮箱ragd2011@163.com，申请材料包括：（1）本人报名表（电子文档填写要求见附件1）；（2）证件照片（数码图像文档要求见附件2）；（3）身份证件扫描文档和旧版证书扫描文档（身份证件和旧版证书需扫描在同一个文档）。广东省无线电协会审核通过并汇总后报中国无线电协会指配证书编号，广东省无线电协会根据中国无线电协会统一指配的证书编号制作新版操作证书。广东省无线电协会咨询电话为：020-87089959。?附件1：报名表电子文档填写要求登陆网址http://www.gdradio.gd.gov.cn在广东省无线电台站资料填报系统填写（如未填写完整，系统无法导出）文档内容（斜体为举例信息）：身份证件号?=?110101197701204236姓名?=?张三	性别?=?男出生日期?=?1970.01.01原呼号?=	申请操作类别?=??C	邮寄地址省区市?=?河北省	邮寄地址地市县?=?	石家庄市邮寄地址街道门牌?=?北二环东路12345号邮政编码?=?050043	联系电话?=?0311-12345678电子邮箱?=?abc@hotmail.comQQ?=?1234567890	备注?=?	如无特殊说明可以省略此行	?注意事项：日期必须按上述样式填写；省区市填写全称；地市县内只填地市县一级地名，次一级的地名放入街道门牌栏。????????????????????????附件2：证件照片数码图像文档要求????本人在6个月内标准证件照片的电子格式文件；正面免冠，包括整体头部，确认本人的脸部清晰；图像文档格式：jpg文件，大一寸彩色照片，白底；图像分辨率：不低于400×300像素，不高于2000×1500像素；报名人证件照片图形文档文件命名规则，文件名前18个字符必须与身份证件号一致，第19字符后任意，但不得使用Windows文件名禁用的字符；图像格式和扩展名必须是“.jpg”。因此，上例报名人的照片文件可以是：“110101197701204236.jpg”“110101197701204236-张三.jpg”“110101197701204236_张三证件照.jpg”
"
17917,查找出租车,深圳市无线电管理局,2015.08.21,2015.08.25,"王于8月20号零晨12点10几分到25打车在坂田商业广场下车丢失手机一部，可不可以通过你们找的。
		","您好，您所咨询的事项非我局职能范围，建议您向相关部门进行咨询。
		
		"
19915,频点申请,深圳市无线电管理局,2015.05.30,2015.06.04,"企业用对讲机，范围5公里内，需要申请频点吗？收费标准是？需要提供哪些材料？
		","? ? 根据规定，若使用409.7500-709.9875频段频率，功率小于0.5w的可以不办理电台执照，免收频率占用费，不受无线电干扰保护.? ? 若申请使用其他频点，则需提交申请书、频率使用申请表、营业执照、组织机构代码证、频率使用设计方案，到市民中心行政服务大厅西厅34、35号窗口办理。?
"
20017,龙岗无线电监测站,深圳市无线电管理局,2015.05.23,2015.06.01,"您好，我家就住在龙岗无线电监测附近的龙城华府小区，请问下龙岗无线电监测中心现在还在使用吗?是否会对我们小区照成辐射？ 房子比较老旧了，因为附近都在建新楼盘，后续会考虑搬离这栋楼吗？
		","您好，深圳市无线电监测站点全部使用接收天线，只接收而不发射任何无线电信号，不会造成电磁辐射。感谢您的支持和理解。
		
		"
20249,坪山区为什么很难收到深圳市无线广播,深圳市无线电管理局,2015.05.17,2015.05.18,"   在坪山很难收到深圳市的无线广播，常常是一个“卖假药 ”的电台信号极强，然后就是惠州惠阳的广播电台。在宝安时也常常收到珠海的广播，信号也比深圳的强。是我们技不如人还是什么原因。这块“领土”总是不该放弃的。
		","您好，电台信号较弱可能是当地广播台站较少，无线电信号覆盖不完全造成的。关于广播信号强弱的具体问题，非我局职能范围，您可咨询深圳广电部门。
"
20657,表扬,深圳市无线电管理局,2015.04.22,2015.04.27,"尊敬的深圳市无线电管理局领导：
我是福田区南华村的居民，最近因我们社区南边居民楼附近安装了一个电信移动基站，会造成电磁辐射污染的事，本月13日下午和我们社区数十位居民到贵局投诉，同时，我也通过贵局网页向你们反映了此情况。
我们上门信访得到贵局一位鲍姓处长和姓谢的工作人员的接待，鲍处长答应十天之内给我们答复，几天后，谢先生就打电话回复了我们的诉求，我的网上投诉也在当天得到及时回复。
尽管我们的诉求还没有达到最后的目的，但是，我们认为，贵局相关工作人员已在自己的职责范围内做出了努力，及时回应了我们的诉求。在此，我要对贵局的信访工作提出表扬。
我们认为：贵局信访接待人员对上访群众态度诚恳，耐心听取百姓意见，并及时认真回复。在接访过程中不回避矛盾，能正确耐心地引导投诉群众通过正常渠道掌握信息，反映诉求。这种工作态度和精神应充分肯定，并得到发扬光大！

		","你好，为人民服务是我们的职责。谢谢。
		
		"
20668,无线电发射设备许可证,深圳市无线电管理局,2015.04.17,2015.04.27,"你好，请问 无线电发射设备销售许可证 该如何申请呢，需要哪些资料。
还有收费不，怎么收费。
谢谢。
		","你好，不用办理销售许可证，但销售的无线电产品须有国家无线电型号核准许可。谢谢。
"
20790,关于无人机频段使用咨询,深圳市无线电管理局,2015.04.15,2015.04.20,"4月14刚发布的工业和信息化部关于无人驾驶航空器系统频率使用事宜的通知，规定了三个无人机使用的三个频段。
1.我想问之前一直使用434MHz,还有部分产品的5.8GHz并没有列入这个标准之中。但是这两个频率属于ISM频段，可以用做科学研究使用，那么问题来了，我在无人机频谱使用的时候，ISM的343MHz与5.8GHz，还能否使用。如果不能使用，很多厂商的已经生产的产品将会作何处理。谢谢
2.对于那个通知中规定的2408-2440MHz频段，是ISM频段2.4G频段的一部分，那么剩余部分是否可以继续使用，另外备份频段的“备份”是什么意思？谢谢
		","您好，无人机用频请按新文件执行。谢谢。
"
20889, 关于深港边境禁区突建移动基站发射塔  危害广大居民健康的投诉,深圳市无线电管理局,2015.04.13,2015.04.13,"尊敬的深圳市无线电管理局领导：
    2015年3月29日早晨8时左右，在福田区南华村4栋楼南边边境铁丝网外的边境禁区，突然安装起来一个10多层楼高的移动基站发射塔，引起周围居民极大恐慌。 
    这个移动基站发射塔距离最近的4栋居民楼估计不足20米，其顶部的发射口正对着相距约50米的7栋楼。7栋楼高18 层，7栋楼的居民成了发射塔平行而来的电磁幅射的最大受害者。同时受到直接伤害的还有多个楼栋，直接危害数千户居民过万人口的人身健康。加之本小区内还有两个幼儿园（赛格幼儿园、高丽幼儿园）和一所小学（南华小学）。 对广大儿童的健康也构成了巨大威胁。为此，我们提出质疑和投诉：
    一、这个建立在边境禁区的移动基站发射塔是否得到了相关部门的同意？
    二、这个移动基站发射塔的建立是否附合去年颁布的《深圳市公众移动通讯基站管理办法》？
    三、《深圳市公众移动通讯基站管理办法》的第21条规定：移动基站运行要经过“电磁幅射验收” ，这个移动基站是否经过此项验收?
    事实上，这个基站的运行必然对周边居民造成事实上的电磁辐射伤害，我们特向政府投诉，并提出以下请求：
    一、制止这个移动基站的运行并进而将其拆除，选新的空旷地带再建。
    二、建议将此基站发射塔移至下面两处空旷地带：
     1、向西移至华强南路最南端边境禁区空旷地带。
     2、或向东移至上步南路最南端边境禁区空旷地带。
    这样即确保了深港边境的和谐平安，确保这里的居民能安居乐业，也不影响相关通讯设施建设。
                               南华村广大居民

		","您好，该基站为移动公司所设，目前尚未投入运营，还没有办理电台执照。有关环评请咨询人居环境委。谢谢。
		
		"
20921,长距离无线设备测试咨询,深圳市无线电管理局,2015.04.03,2015.04.10,"您好！我想测试一下手中Ubiquiti公司的WiFi无线设备，型号是Rocket M5搭配5G 30dBi碟形天线（波瓣角5度左右），使用5G Band4信道；测试链路为点对点，从深圳南山公园（海拔200M）到广州南沙滨海公园（海拔5m），全长40km;虽然海拔较低，但由于不清楚深圳宝安机场的航道路线， 不确定是否可能给航班起降带来影响，请无线电委员会给予建议，谢谢！
		","您好，测试WIFI无线电设备用于宽带链路传输必需严格按照国家无线电管理部门的相关规定，包括设备型号核准、等效输出功率、使用频率等。深圳宝安机场民航导航未使用公共频。因此，一般来说，刘先生所说的点对点链路测试不会给航班起降造成影响。谢谢。
"
22393,两台对讲机的使用,深圳市无线电管理局,2014.12.13,2014.12.19,"本人在网上淘了两台对讲机想放在家里使用，听说对讲机也要无线电执照是不是？怎么样才能合法使用我的对讲机不干扰到其它用户呢 ?我的对讲机是（宝锋 BF-A5） 
		","您好，国家目前将409.7500-409.9875列为公用对讲机频段，公民可以免费使用以上频段且无需申报，但要求使用对讲机的发射功率不超过0.5w，如需使用其它频段，则需向无线电管理机构申请并缴纳一定费用。
		
		"
22447,BTS3900 CDMA基站辐射,深圳市无线电管理局,2014.12.09,2014.12.16,"电信公司要在我家楼顶装BTS3900 CDMA基站,请问我们住在楼下安全吗,对健康有影响吗
		","您好，有关电磁辐射问题请咨询人居环境委员会。
		
		"
22569,基站铁塔建在幼儿园旁边合适吗？,深圳市无线电管理局,2014.11.28,2014.12.10,"福田区福荣路中段，金域蓝湾幼儿园傍边50米内建了一座铁塔高10多层楼，是基站吗，有备案吗？据幼儿园那么近辐射符合环保要求吗？对幼儿的生活环境已经符合环保要求吗？
		","金域蓝湾附近移动、联通、电信分别设置了基站，已在我局审核备案，基站建成后需通过环保部门的环评测试。相关电磁辐射问题请向环保部门咨询。
		
		"
22570,请问业余无线电台操作证怎么申请报名？,深圳市无线电管理局,2014.12.03,2014.12.10,"您好，请问请问业余无线电台操作证怎么申请报名？我在网上找了很久，都没找到报名教程。请问怎么才能知道相关的详细报名资料？谢谢。
		","相关业余无线电台操作证书考试信息请关注广东省无线电协会及广州市无线电运动协会网站，上述网站会不定期公布考试信息。
		
		"
22947,调看中航路监控录像,深圳市无线电管理局,2014.11.15,2014.11.21,"10月12日在中航路打的，丢失身份证。
		","您好，出租车管理不属我局管理范围。请拨打交委热线83228000，或者前往华强南路无线电管理大厦8楼803室。
		
		"
23295,深圳业余无线电操作证考试（A）如何报考,深圳市无线电管理局,2014.10.14,2014.10.21,"在贵网站和省无线电管理局网站都没有看报考的连接，想知道最近可以报考吗，如何报考。还有就是如果现在不能报考的话，大概要等到什么时候？
		","您好，目前暂无计划，请按现行规定报考。
		
		"
23297,请问贵司近期有计划开展A类考试吗?,深圳市无线电管理局,2014.10.14,2014.10.21,"请问 关于A类业余无线电台操作技术能力考试 （深圳考场）近期有计划吗?东莞,清远,马上广州开考了 作为一个深圳市民迫切希望在自己家里考试 谢谢~
		","您好，目前暂无计划，请按现行规定报考。
		
		"
23637,关于业余电台执照,深圳市无线电管理局,2014.09.03,2014.09.12,"请问现在发放执照的时候没有封皮吗？拿到的就执照一张纸.
		","您好，现行业余电台执照确实无封皮，我方也已向上级机关反映此事，望谅。
		
		"
23740,2012年12月已发无线电操作证和会员证，无呼号，什么时候能办呼号？,深圳市无线电管理局,2014.08.26,2014.08.29,"我2011年8月通过考试，汇款到“广东省无线电运动协会”，由于他们的原因一直没发证，到2013年才收到无线电操作证和会员证。但据说是该协会的原因，我的呼号一直没下来。请问什么时候能办呼号？已经三年了！ 王柏 操作证编号 粤142931
		","您好，旧版操作证书需先到省无线电协会换取新版操作证书才能在当地无线电管理机构申办呼号。
		
		"
23741,城中村里的基站有没有辐射？,深圳市无线电管理局,2014.08.23,2014.08.29,"深圳市龙岗区坪地街道坪东富地方一区二巷3号楼顶上有几根类似天线的物体！是基站吗？属于那个单位有人管吗？装的时候有询问过附件居民的意见吗？住在隔壁有辐射吗？
		","您好，基站在建设时是由三大运营商与物业沟通建设的，建设完成的基站由环保部门对其进行环保评审，如对电磁辐射情况有异议，请向环保部门反映。
		
		"
23797,关于非深圳户籍在深圳申请设置业余无线电台,深圳市无线电管理局,2014.08.22,2014.08.22,"若是非深圳户籍（非广东籍）的业余无线电爱好者但在深圳工作，而且已经在广东省内考取了A类操作证，是否可以深圳申请办理设置A类业余无线电台并来往于两广之间使用？填写申请表时是否是在国无管表17第③栏“涉及两个以上的省、自治区、直辖市或者涉及境外”项勾上就可以了？提交申请材料时是不是身份证、居住证复印件都要提交？期待解答...
		","您好，非深户可以在深圳设置个人业余电台，提交材料时须提交身份证、居住证复印件，如果您设置的台站需全国使用，则勾选涉及两个以上的省、自治区、直辖市或者涉及境外，如果只是省内使用，这勾选省、自治区、直辖市所辖范围内。
		
		"
23823,电梯无线对讲设备的生产,深圳市无线电管理局,2014.08.14,2014.08.19,"电梯内的无线对讲设备制造是否需要到无管会备案，并且生产销售还需要什么手续或者证书。谢谢
		","您好，生产、销售和使用无线电发射设备前需取得由工信部发放的无线电发射设备型号核准证，电梯属于特种设备，其他相关生产销售资质请咨询质检总局和市场监督管理局。
		
		"
23828,关于个人业余电台呼号申请中“国无管表19”型号核准代码的问题,深圳市无线电管理局,2014.08.13,2014.08.19,"我在贵站查到的申请流程：申请人取得新版操作证书后，持申请材料在我市市民中心行政服务大厅西厅34、35号窗口提交申请材料申请个人业余电台呼号，申请材料包括：（1）身份证或居住证（复印件1份）（2）《业余无线电台申请表》（国无管表17，1份）；（3）业余无线电台技术资料申报表；（国无管表19，1份）（4）个人业余电台操作证（复印件1份）我局收到申请材料初审通过后上报广东省无线电管理办公室，广东省无线电管理办公室批示后指配呼号，我局发放呼号批文和业余电台执照给申请人。 我下载了“国无管表19”，其中有“设备型号”、“型号核准代码”，填表说明中写到： 4.“设备型号”栏，系指发信机或收发信机的设备型号，应与型号核准证中的设备型号一致。若为自制设备，请注明“自制设备”，并附完整的设备技术资料。 5.“型号核准代码”栏，系指无线电发射设备经过国家无线电管理机构型号核准后，获得的唯一代码。自制设备请注明“自制设备”。 问题：是不是说，假如我买的对讲机如果没有核准码，但频率符合规定，在“型号核准代码”里填写“改装”，是不是也可以申请呼号和电台执照？ 请在百忙中给予答复，谢谢。 
		","您好，您这种情况可以办理个人业余电台呼号及执照。
		
		"
23829,查看南山区地点监控,深圳市无线电管理局,2014.08.16,2014.08.19,"你好！我是2014年8月04日星期一晚上9点20分左右在白石洲去往滨海大道红树林的士上落下了一部苹果5S手机，下车后2分钟内打自己的手机，三个电话内就被司机按掉关机了。手机里面的资料对我很重要，通过警察说你这边可以协助，调出监控查看当晚的监控录像，查出司机的车牌号，希望你们可以帮助我！请联系我，万分感谢，这对我很重要！
		","您好，出租车失物招领及相关信息查询请咨询深圳市交通信息咨询服务中心。（电话：83228000）
		
		"
24265,关于申请报名:业余无线电操作证考试,深圳市无线电管理局,2014.06.09,2014.06.12,"你好: 我们深圳2014年何时会举办业余无线电操作证的考试相关事项?谢谢!
		","您好，考试由省里组织，待通知后我局将会在网站公告或留意省协会的网站公告。
"
24501,呼号申请,深圳市无线电管理局,2014.04.25,2014.04.30,"本人已有A类操作证，户席地属江门的，现要在贵局审请电台呼号可以办吗？同时我还没有会员证，请教具体办理方法是怎样的，谢谢指点。
		","您好，须有深圳居住证或工作单位证明可以办理。
"
24502,关于智能吸尘器使用的无线蓝牙,深圳市无线电管理局,2014.04.24,2014.04.29,"您好，我司计划生产带无线蓝牙的智能吸尘器，不过这款产品主要出口到外国的，暂时不会在国内市场销售，但在生产过程中还是会开机使用、主要是对产品进行相关的品质检查，不知在这种情况下，按照我们国家的无线电管理要求，是否需要做什么申请？法律上有没什么什么特殊的要求，麻烦给予指导，谢谢。
		","您好，现就您4月24日网上咨询的问题答复如下：一、由于贵公司计划生产的产品仅对外国销售（没有内销），那么该类产品可以不用办理无线电发射设备型号核准证。二、由于贵公司在生产过程中需要开关机等进行产品品质检查，这将涉及“使用频率资源”等问题。建议如下：一是在品质检查场地采用相应的电磁屏蔽措施；二是贵公司根据产品特性申请实验频率；三是如果贵公司所生产的“智能吸尘器”中的“无线蓝牙模块”已经获得无线电发射设备型号核准证，那么建议一、建议二无需进行。另外，申请实验频率的具体办理流程可以在我局的网站：www.szradio.gov.cn上查询。
"
24549,业余无线电台操作证书换证,深圳市无线电管理局,2014.04.14,2014.04.22,"已经取得了四级业余无线电台操作证书，发证日期为2012年12月1日。请问何时开始换证？换证程序是怎样的？
		","您好，因此事需与省协调，待换证手续确定后会在我局网站公告。
"
24652,个人车载对讲机,深圳市无线电管理局,2014.03.25,2014.03.28,"安装个人车载对讲机需要哪些手续和个人资质
		","您好，需按个人业余电台办理，先考取操作证和申请呼号，再办理执照，但现在具体办理程序需待省里明确后方可办理。
"
24655,关于智能家居产品使用频率的咨询,深圳市无线电管理局,2014.03.25,2014.03.28,"您好！我司是研发和生产智能家居的公司，所有的产品内置无线模块，通过无线网络连接，如智能排插、智能门锁，目前产品使用的频率是868.42MHz； 1、依信产部（2005）423号文件，我司是否可以在产品中使用通用无线遥控设备470-566MHz，614-787MHz（第二类）；或者民用设备的无线控制，430-432MHz，779-787MHz？使用这些频率段在我们的产品上，是否符合相关规定？ 2、上述的频段，哪个频段在国际上更通用？如果我们要出往美国、欧洲、澳洲市场，哪个频段更合适？
		","您好，470-566MHz、614-787MHz和430-432MHz、779-787MHz应该不可用，其他国家请参考查阅其他具体国家的标准。
"
24946,关于 业余电台呼号的申请,深圳市无线电管理局,2014.01.04,2014.01.10,"您好 请问 深圳地区 现在是否可以办理业余电台呼号？
		","您好，持操作证、会员证、身份证及申请表可办理。
"
25291,生产遥测监护仪（175-215Mhz）,深圳市无线电管理局,2013.10.11,2013.10.23,"你好！ 我公司是生产医院使用的监护仪类产品，现在正在开发一种遥测监护仪，使用频率175---215Mhz，功率小于1mw. 请问这种设备需要办理“无线电发射设备型号核准证”吗？ 如果需要办理的话，深圳可以检测这种设备的检测机构都有哪些？
		","您好，需要。深圳有一家检测机构是国家检测中心南方分支机构。
"
25433,深圳2013年何时可以申请电台呼号？,深圳市无线电管理局,2013.09.11,2013.09.16,"几次咨询，都是说政策没有定下来。总不能大半年都过去了，一点进展都没有。难道2013年深圳用户都无法申请呼号吗？
		","您好，将申请书、身份证、操作证、会员证复印件和申请表递交到市民中心西厅34号窗口即可。
"
25490,关于业余无线电台预指配呼号的问题,深圳市无线电管理局,2013.08.30,2013.09.04,"你好！请问如何申请以及办理业余无线电台的预指配呼号？已领取四级业余无线电台操作证书。
		","您好，请备申请书、身份证、操作证、会员证复印件、申请表，到市民中心西厅34号窗口办理。
"
25515,移动基站备案，环评,深圳市无线电管理局,2013.08.20,2013.08.26,"请问龙岗区花园坪A区一巷8号7楼楼顶天台的移动基站是否在你局登记备案，是否通过你局的电磁辐射环境影响评估，会不会对人体造成伤害，我正好住在该移动基站的楼下，7楼。盼回复。
		","您好，关于辐射对人体健康的影响，请向市环保部门反映。
"
25586,呼号问题,深圳市无线电管理局,2013.08.03,2013.08.07,"请问深圳地区怎么申请呼号？
		","您好，呼号申请由省里统一受理，现正在制定相关程序，待省里明确后将在我局网站上通知。
"
25589,我想问下关于国内对wifi无线产品发射功率的标准是多少MW？,深圳市无线电管理局,2013.08.02,2013.08.07,"网上资料有的说是100mw，有的是50mw。到国家无线电管理委员会网站都没找到相关的文件，请问有明文规定吗？是多少呢？
		","您好，可在网上查《关于调整2.4GHZ频段发射功率限值及有关问题的通知》，规定等效全向辐射功率当天线增益＜10dBi时、≤100mw，当天线增益≥10dBi时、≤500mw。
"
25591,旧电子设备处理,深圳市无线电管理局,2013.08.05,2013.08.06,"您好! 现想咨询,国家是否有相关法规对废旧电子设备出售有监管规定,是否允许原使用单位出售给其它单位,谢谢!
		","您好，你所咨询的问题非我局管理范围。
"
25593,关于业余无线电呼号申请流程,深圳市无线电管理局,2013.07.31,2013.08.06,"你好：请问下已经取得操作证及设台申请表的个人业余无线电呼号申请以及设备效验该怎样办理
		","您好，须有呼号方可办理电台执照，广东省正在制定呼号申请办理流程。
"
25627,如何加入无线电会员?,深圳市无线电管理局,2013.07.22,2013.07.23,"我在布吉地方位置,准备购买一批对讲机,方便村里工作联络需要,但听说,买对讲机要加入无线电会员方可,否则要没收设备的,请问是否要加入无线电会员方可使用?如果要加入的话,要些什么样的条件才可以申请?谢谢
		","您好，需办理频率和设台手续。请参照www.szradio.gov.cn的行政许可事项。
"
25643,电信基站离住宅很近辐射会造成人体伤害,深圳市无线电管理局,2013.07.05,2013.07.16,"本人所住房在7楼,临近楼房顶安装有电信基站和发射天线,住房与基站和发射天线只有十多米.上下距离只有十多米,这么近距离是否存在辐射,如辐射将会造成居民伤害,电信基站应建设在远离住宅小区,请管理部门上门进行实地监测,给我们有一个安心的居住区.
		","您好，关于基站对于人体健康是否有影响，请向市环保部门反映。
"
25977,电台执照年审事宜,深圳市无线电管理局,2012.12.18,2012.12.21,"无线电台执照个人使用的 多长时间年审一次，什么时间年审
","您好：关于电台执照年审事宜，请到我局办事窗口市民中心西厅34，35号办理，业务咨询电话：82001177.
"
26167,无线产品测试咨询,深圳市无线电管理局,2012.06.15,2012.07.04,"尊敬的先生、女士， ??? 您好，本公司现有一款无线产品欲开发国内市场，产品用途为父母可以通过本产品监视婴儿的动向，简单来说，就是分为一个摄像头和一个视屏部分，画面和声音由摄像单元通过无线传播到视屏单元，频率是2.4G。两个单元都可以通过电源适配器和干电池工作。 请问此产品走国内市场需要符合什么标准和认证？认证流程是什么？ 静候您的答复。谢谢 ? 敬上 伍志林
","您好：请参照《微功率（短距离）无线电设备管理规定》，在我局或国家无线电管理局网站可查到此规定。
"
26183,请问我想买个5W手持对讲机怎么办证,深圳市无线电管理局,2012.06.08,2012.06.15,"请问我想买个5W手持对讲机怎么办证， 程序是怎样的，费用多少，怎么使用才合法
","您好：5W对讲机需先申请频率，再申请办理电台执照。收费标准为每频点1000元/年，每部对讲机160元/年。具体可在我局网站www.szradio.gov.cn查询。
"
26326,对讲机中转台使用审批手续,深圳市无线电管理局,2012.03.22,2012.03.26,"你好，我是宝安垃圾填埋场的，单位属事业单位，现购买了1套25瓦的中转台和15台对讲机，需要如何办理申报手续？需要哪些资料？
","您好:办理对讲机申报的有关事项，请到我局办事窗口市民中心西厅34、35号咨询办理。业务咨询电话：82001177。
"
26343,个人无线电爱好者申请呼号,深圳市无线电管理局,2012.03.16,2012.03.19,"请问无委会工作人员： ? 我是一位业余无线电爱好者，想申请一个呼号跟广大爱好者进行无线电通联交流， ? 我需要怎么申请？怎么缴纳费用？希望能收到你们的回复，谢谢。 ? ? ??? 此致 ? 经历
","您好：有关办理个人业余电台的申请事项，请到我局办事窗口，市民中心西厅34、35号办理。业务咨询电话：82001177.
"
26346,移动基站安装位置,深圳市无线电管理局,2012.03.08,2012.03.16,"你好： ??? 请问按照无线电管理办法移动或电信或联通的微波基站能否建在小区居民楼顶上？我们居住的坂田街道办扬美金竹16巷3栋最近安装这些设备。是否符合无线电管理条例。因为现在的很多的房东都是二手房东为了更多的利益他们不在乎居住人员的安全和健康。
","您好：现行法律法规没有规定不能在小区物业建设基站，关于辐射对人体的影响问题属环保部门负责。
"
26348,"请问单位申请对讲机使用频率,需要全是数字机吗?",深圳市无线电管理局,2012.03.10,2012.03.16,"现在购买对讲机和安装中转台需要申请频率,请问购买的产品一定要是数字的吗?
","您好：根据工信部无[2009]666号文规定执行，中继台须是数字机。
"
26352,咨询wifi无线路由器的最大发射功率,深圳市无线电管理局,2012.03.07,2012.03.13,"请好，请问我们国家对企业用的室内wifi无线无路由器的发射功率有没有什么规定，最大的发射功率是多少？谢谢！
","您好：请参照工信部无线电管理局《关于调整2.4GHz频率发射功率限制及有关问题的通知》（信部无[2002]353号文），网上有该文件。
"
26377,自己架设普通金属天线接收香港电视,深圳市无线电管理局,2012.02.21,2012.02.27,"我想咨询下：架设普通的天线（非卫星接收锅）接收电视信号收看香港TVB等电视，请问是否违规？另外，政府有无相关政策法规？谢谢
","您好：你所投诉的内容非我局管理范围，请向市文体旅游局咨询。
"
26397,朱凹山雷达,深圳市无线电管理局,2012.02.07,2012.02.15,"想咨询如下问题：关于位于宝安共乐的朱凹山雷达站， 1、该雷达站会产生辐射吗？ 安全距离是多远？ 2、周边新建楼盘招商果岭是否有辐射影响？多大的影响？ 3、贵办公室有对辐射监测的服务吗？ 谢谢！
","无线台站会产生辐射，关于辐射的安全距离和影响请咨询市环保部门。
"
26511,是不是可以在自已家楼项架设电视天线,深圳市无线电管理局,2011.11.18,2011.12.01,"你好我住在新秀村60栋我们楼上都装有电视天线,我也想装一个,是不是合法的,如果不是合法为什么我们楼上好都家都装了好多年了?
","您好：你所咨询的问题非我局管理范围，请向市文体旅游局投诉。
"
26643,辐射,深圳市无线电管理局,2011.10.12,2011.10.14,"我家住在十楼，在十一楼上面装置了联通、移动的信号发射器，我觉得它们的辐射可能较大，因为我家宝宝就是在这样的环境下怀的，不知为什么她得了个先天性心脏病，而且我们家都没有这样的病情，我认为和这个辐射有关，她现在每个月都要住一次医院，花销大不说了，对身体的继续伤害是为重要的，我想咨询一下这个问题，好像说你们这里能投拆和咨询及能不能到我们这里检验一下辐射量.地址：深圳市坂田宏扬学校东侧9号10楼西
","您好：有关电磁辐射对人体健康是否有影响的问题，非我局管理范围，属人居环境委员会分管。咨询电话：12369.
"
26685,无绳电话,深圳市无线电管理局,2011.08.16,2011.09.24,"你好： ? 我公司生产的一款无绳电话，是否需要审批？如果需要审批，需要到无委会办理那些相关的手续？需要准备哪方面的资料？谢谢 ? ?
","您好：? 如生产无绳电话，其发射频率等技术指标应符合国家无线电管理规定，即需办理国家无线电发射设备型号核准手续，具体程序如下： 1、??? 申请单位(设备制造商<下同>）或代理申请单位须委派熟悉无线电技术基础知识的经办人从事无线电发射设备型号核准申请事宜。 2、??? 申请办理《无线电发射设备型号核准证》的设备必须取得工业和信息化部认定的无线电发射设备发射特性检测机构出具的《无线电发射设备型号核准检验报告》后，方能提交《无线电发射设备型号核准证》的申请材料。检测机构咨询电话：01068365795，网址：http://www.srrc.org.cn/WW_spjc.aspx。 3、凡需办理无线电发射设备型号核准的单位均可到www.srrc.gov.cn或www.srrc.org.cn网站首页“表格下载”栏下载《核准无线电发射设备型号申请表》；代理申请单位需同时下载《核准无线电发射设备型号委托书》。 4、无线电发射设备型号核准申请材料须提供中文或英文版本，其它语种的材 料需翻译成中文或英文(翻译单位/部门应加盖公章)。 5、申请单位或代理申请单位通过邮递方式递交的申请材料，经形式审查合格 进入审批流程；经形式审查不合格的，在五个工作日内通知申请单位或代理 申请单位，为保证申请单位能及时取得型号核准证，请申请单位或代理申请 单位派人前来完善申请材料。 6、工业和信息化部无线电管理局（以下简称无线电管理局）自受理型号核准的申请之日起二十个工作日内作出行政许可决定。二十个工作日内不能作出决定的，经本机关主管负责人批准，可以延长十个工作日，并将延长期限的理由告知申请人。但是，法律、法规另有规定的，依照其规定。 7、申请单位在取得《无线电发射设备型号核准证》及其核准代码后，厂商应在其核准的设备标牌上标明无线电发射设备型号核准代码（正常安装时清晰可见），确因设备过小而无法在上面标明其核准代码的，则应在其产品的说明书或使用手册中登载该设备的型号核准代码。 8、无线电管理局利用媒体将已获得型号核准的无线电发射设备目录向社会公布，并组织有关单位对已获得型号核准的无线电发射设备进行不定期抽检，抽检不合格的撤消其型号核准证及核准代码。 9、具体情况请咨询国家无线电管理局，电话010-68009209，网站http://www.srrc.org.cn/Index.aspx。
"
26686,汽车远距启动设备,深圳市无线电管理局,2011.08.24,2011.09.24,"我公司想研制汽车远距启动装置，要使用无线电， 是否要贵局批准，怎样申请批准。谢谢。
","您好：根据规定，需向工信部无线电管理局申办《无线电发射设备型号核准证》。详见该部的网站。
"
28435,我所有的无线电证件都丢失了，如何补办？,深圳市无线电管理局,2009.05.27,2009.05.31,"好像也到了年审的时间了，应该如何办理。 我最近在外地，如何准备相关材料，可否邮寄。6月中旬回深圳
","陈蒙,您好:? ??? 有关补办业余无线电台执照的申请材料有： ??? 1、中国无线电运动协会会员证（如遗失需到发证部门补办）；? ??? 2、《中华人民共和国个人业余无线电台操作证书》（如遗失需到发证部门补办）； ??? 3、本人身份证； ??? 4、提供补办业余无线电台执照的申请书一份，注明补办原因,近三年的年审情况。 ? ??? 补办材料不能邮寄,需本人亲自到办事窗口办理,地址:市福田区福中三路市民中心服务大厅西厅34-35号,业务咨询电话:82001177
"
28581,深圳地区电台频率,深圳市无线电管理局,2009.05.09,2009.05.13,"可否提供深圳市能用FM收音机接收到的电台频率列表？谢谢。
","深圳设的FM电台频率列表为： 87.8 华夏之声89.8 深圳电台.新闻频道 91.8 广东卫星台95.8 中央一套.中国之声 97.1 深圳电台.音乐频道 101.5 宝安电台104.3 宝安电台 105.7 广东电台.南粤之声 106.2 深圳电台.交通频率? 深圳能用FM收音机接收到的其他电台频率列表可参考百度知道:http://zhidao.baidu.com/question/84769049.html?fr=qrl ?
"
28624,装卫星天线要你们批准吗,深圳市无线电管理局,2009.05.03,2009.05.04,"您好！请问装卫星天线要你们批准才能装吗？如果没批准私自装你们会怎么处理呢！我家对面的楼顶就有两个卫星天线，不知有没有经过你们的审批。地址是：南山区玉泉路莲城花园4栋和8栋
","您好:我局管理的是无线电发射设备,卫星电视天线属于接收设备,有关安装卫星电视接收设备的问题,应向文化局反映。
"
28718,申请无线电频道,深圳市无线电管理局,2009.04.24,2009.04.24,"我们企业的对讲机已经有了使用许可证，如果要装对讲机的中转台系统，还需要申请办证吗？
","燕明春,您好:有关办理中转台的问题,需要您准备一份申请书,申请书需注明您要设置的地点、数量、使用频率，同时还要携带一份我局已经批复给您的批文复印件。也可拨打业务咨询电话：82001177。
"
29354,移动基站问题,深圳市无线电管理局,2009.01.08,2009.01.20,"位于布吉镇布龙公路新利苑楼顶的微波辐射塔（楼下是银龙汽修厂，公路对面是银龙加油站）之前已经安装，但是上周又加装了辐射源，想知道是否在审批及合法的情况下进行？辐射剂量有无超标？
","石富，您好：经我局执法人员现场检查发现，此处是中国电信深圳分公司08年12月底新增加的3G基站。此基站已列入计划，正在办理申报手续过程中；经检测，此基站设备合格。有关辐射剂量是否超标，请向环保局投诉。
"
29416,求助～,深圳市无线电管理局,2008.12.08,2008.12.26,"你好！本人深圳宝安华丰实业有限公司，我司在25区有6栋商业大厦，以商务写字楼为主，从今年3～4月开始，手机信号出现不稳定情况，有时更会出现无信号现象，为此给上百家客户造成了巨大不便，我司向移动公司投诉多次，移动公司给出结果：外界干扰造成，不是移动公司的责任，他们无权查处，须我司向贵局反映及投诉。希望能得到你们的帮助，谢谢！
","您好：经我局监测技术人员现场监测，该地点没有发现无线干扰信号；而手机信号不稳定是因为信号覆盖不好，需要由运营商来解决，我局会协调移动公司解决25区的商务写字楼的手机覆盖问题。
"
29535,地面数字广播,深圳市无线电管理局,2008.11.16,2008.12.05,"现在深圳是否已开通了地面数字广播系统(DMB-TH),在宝安龙华这边搜不到DMB-TH信号.
		","孙继安,您好：有关地面数字广播信号开通及覆盖的问题,是由广电部门负责的,请来信人与广电部门联系。
"
29552,手机在工作场所无信号,深圳市无线电管理局,2008.11.30,2008.12.01,"你好，长官： ? 本人在深圳市宝安区西乡{竹角骏丰工业区一工厂工作，平时使用了2个移动公司的手机号码，一个是交了固定月租的全球通号码13923723039，另一个是动感地带13510174660。这2个号码我在工作场所都不能正常使用，是24小时没信号（我在这里工作仿佛进入了人间仙境，与世隔离了）。致电移动公司5个多月了都没见好转（他们根本没有派人来安装什么信号扩大器）。 在此本人想特别表明自我立场： 1. 固定月租的全球通，我付了钱 全球通也收了我的钱，还签署了相关合同。现我（用户）不能正常使用“标的物”，请指教我该怎样去索回我的正当权益？ 2. 动感地带，我周末使用电话，付了钱，而移动公司从来都不提供发票给我。这让我联想起移动公司可能没有将该些收入纳入缴税的业务内容。反之，则国家少收了这部分税。 我知道移动是资源性的垄断型企业，但我也特想知道该类企业与老百姓发生纷争的时候，弱势方（老百姓）到底该怎样才能享有应有的权利，相应的法律依据等在哪里？ 请指教，谢谢！ 杨惠娟 Nov 30th 2008 ? ?
","杨惠娟，您好：1、有关手机在宝安区西乡{竹角骏丰工业区没有信号的投诉信件已收到，此类问题需要由中国移动深圳分公司解决，我局已将该地址没有信号的问题转交到了移动公司网优部，并要求其将处理结果反馈到我局。2、有关“固定月租的全球通，付了钱 全球通也收了钱，还签署了相关合同。现我（用户）不能正常使用“标的物”，请指教我该怎样去索回我的正当权益？”的问题，请向消费者委员会投诉。3、有关“动感地带，我周末使用电话，付了钱，而移动公司从来都不提供发票给我。这让我联想起移动公司可能没有将该些收入纳入缴税的业务内容。反之，则国家少收了这部分税。”的问题，请向税务部门投诉。
"
29777,报停对讲机,深圳市无线电管理局,2008.10.20,2008.10.22,"如何报停对讲机频率使用手续?多谢!
		","张建平，您好：有关对讲机的报停需要提交停用的书面申请和交回电台执照。
		
		"
29905,申请无线电试验频率的续用,深圳市无线电管理局,2008.09.19,2008.09.26,"深圳市无线电管理局，您好！ 我想咨询下申请无线电试验频率的续用，需要办理哪些手续？办理续用是否要交纳一些相关的费用？请一定回复，谢谢！
		","李昕，您好：有关无线电试验频率的续用问题，见我局网站频率许可栏目，按其要求办理即可；需要收取费用，费用根据申请频率的具体情况定，
		
		"
30063,进口思科的无线网络设备,深圳市无线电管理局,2008.08.28,2008.09.02,"我们进口思科的无线网络设备的发射功率最大是100mW也需要走在深圳进口无线电发射设备流程吗？ 我听说小于0.5W可以不用申报，是不是这样？谢谢!
		","向相军,您好:按照国家法律规定，所有无线电发射设备都必须办理相关进口手续,与功率大小无关。我局对外服务窗口地址：市民中心西区44、45号，电话：82001177。
		
		"
30081,"进口税则号85269110的汽车卫星导航仪被扣关,海关要求提供进口审查批件",深圳市无线电管理局,2008.08.07,2008.08.27,"DEAR SIR 我深圳市富格实业有限公司,6月出口一批汽车卫星导航仪21台给美国客户做样机,现对方退货回我司,我司申请以一般贸易进口,在机场海关报关时,科长说要提供贵局的无线电设备进口报关审查批件,但该汽车卫星导航仪并无发射设备,只有接收功能.但海关要求即使这样也要经过贵局同意才能进口,请问我该如何办理.急!! 谢谢!!!
		","刘永清,您好:我局行政许可事项中有一项:无线电发射设备的管理职能,您所提到的设备不具备发射功能,超出我局管理范围,请您与海关重新协调。
		
		"
30099,对讲机,深圳市无线电管理局,2008.08.23,2008.08.25,"我想问一下,我在外地够买了两台对讲机,只是业余玩一下,上了东莞的一个业余中继,我能不能在深圳使用?需要申请或登记吗?
		","您好：按照您所反映的情况，所用设备应是个人业余电台，设置个人业余电台需要办理无线电电台执照，法律依据 《中华人民共和国无线电管理条例》。 一、条　　件 1.除以下五种情况的年满十八岁以上的中华人民共和国公民（收信台15岁以上）； （1）刑满释放不满五年者； （2）解除劳教满三年者； （3）受无线电机构吊销《电台执照》、查封或没收设备处罚不满三年者； （4）受无线电运动协会吊销《操作证书》处罚不满两年者； （5）各级审核单位认为不事宜设台的其他人员。 2.具有《操作证书》和《会员证》。 3.设置使用的业余无线电台为成品电台，该电台型号须获得信息产业部核发的《无线电发射设备型号核准证》，但须经无线电管理机构检测，符合相关无线电技术指标后，方可设置使用。 4.工作环境安全可靠，有必要的管理措施。 5.熟悉并遵守国际、国内有关业余电台管理方面的规定。 二、申请材料 申请个人业余无限电台的程序分为两部分： 1、《操作证书》和《会员证》的申请，受理单位为中国无线电运动协会。详见http://www.crsa.org.cn 中国无线电运动协会电话：010-67050876 ； 2、《电台执照》的申请，受理单位为深圳市无线电管理局。在取得《操作证书》和《会员证》后，携无线电台设备和以下材料： （1）申请书1份； （2）经中国无线电运动协会审核同意的《设置个人业余无线电台申请表》原件三份，必须详尽、真实填写表格内容，否则申请将可能不予批准。 （3）《操作证书》复印件1份，验原件。 （4）《会员证》复印件1份，验原件。 （5）《业余无线电台设置申请表》 （6）身份证复印件一份，验原件；非深圳户籍的须提供工作单位证明。 三、申请受理机关 深圳市无线电管理局 地址：深圳市行政服务大厅西厅44、45号窗口
		
		"
30210,年检组织机构代码证需要哪些资料,深圳市无线电管理局,2008.08.15,2008.08.18,"你好！ 请问下，年检组织机构代码证需要哪些资料？要不要法人代表本人过去？资料要复印件还是原件？请回答详细点，多谢！
		","您好:我局管理的内容是无线电频率资源，对空中电波秩序的管理。来件咨询的内容不属我局管理的内容，请来信人向办理代码证的部门咨询。
		
		"
30273,对讲机使用审批,深圳市无线电管理局,2008.08.07,2008.08.07,"我们公司有几十台对讲机，听说要审批才能使用，我不清楚办理程序，找那个部门？
		","郑涛,您好:按照<中华人民共和国无线电管理条理>规定,对讲机要办理无线电执照后,才可依法使用,具体办事程序可拨打业务电话:82001177。
		
		"
30277,办理组织机构代码证？,深圳市无线电管理局,2008.08.07,2008.08.07,"你好，请问我想办组织机构代码证，是否可以在无线管理大厦办理，需带什么资料，有什么费用呢？办理时间有多长呢？谢谢
		","您好:我局管理的内容是无线电频率资源，对空中电波秩序的管理。来件咨询的内容不属我局管理的内容，请来信人向有关部门咨询。
		
		"
30343,深圳有央视奥运无线高清信号了吗,深圳市无线电管理局,2008.08.06,2008.08.06,"深圳有央视奥运无线高清信号了吗
		","你好，深圳已经开通了。
		
		"
30396,广播内容是否真实,深圳市无线电管理局,2008.07.22,2008.07.23,"最近听龙岗广播在中午11点---12点之间经常播放关于-北京双科药业-生产的-喜力来-胶囊，他宣传关于男性生殖功能治疗的内容中说到对男性生殖器有增粗和增长的作用，我最近也上网看了关于喜力来-胶囊的评价，有很多都是说它为违法发布广告和夸大宣传疗效的评价。
		","您好：有关广告真伪问题投诉可找工商广告管理部门,不属我局归管。
		
		"
30436,石岩有线电视,深圳市无线电管理局,2008.07.19,2008.07.21,"为什么石岩有线电视，要到石岩有线电视台，花300租一个什么解码器，然后交20块钱一个月才有有线电视信号了，像我这样打工经常搬家的人租个那东西，很麻烦，为什么观兰公明布吉坂田西乡都不要了租什么解码器，就能看有线电视了，更让人奇怪的就是重大节假日有信号，过了几天就关掉了，现在奥运来了，想看奥运都没法看，可恶的石岩有线电视台，请帮忙解决
		","您好:我局管理的内容是无线电频率资源，对空中电波秩序的管理。来件咨询的内容不属我局管理的内容，请来信人向有线电视服务部门咨询。
		
		"
31657,中央人民广播电台文艺之声,深圳市无线电管理局,2008.03.10,2008.03.12,"请问，在深圳为什么收不到中央人民广播电台文艺之声呢？能不能办理转播呢，中央的声音应该让更多的人听到。如果，在贵局的管辖范围之内，烦请答复，谢谢！！
		","您好:我局管理的内容是无线电频率资源，即对空中电波秩序的管理。来件咨询的内容不属我局管理的内容，请来信人向文化局咨询。
		
		"
32053,红岭内参,深圳市无线电管理局,2008.01.12,2008.01.14,"http://www.hong0.org/Hot/ 也就是深圳红岭内参的网页,请问这个网页的内容是否真实.
		","黄洪,您好:我局管理的内容是无线电频率资源，即对空中电波秩序的管理。来件咨询的内容不属我局管理的内容，请来信人向相关部门咨询。
		
		"
32573,陈书伟,深圳市无线电管理局,2007.11.24,2007.12.03,"深圳市无线电办公室:总计约二十万字的《剥移动的皮》阐述论证的深圳移动71个违法抢劫行为的观点，移动集团内部文件都承认是正确的，温家宝也批示要严肃整顿通信市场。但早在2004年诉至法院时，首先是福田法院李育忠副院长非法剥夺公民诉权近二年，2006年后，福田法院和深圳中院对近二年来移动公司的诉讼案件，向来都是圆说成方，方说成圆。2007年10月1日国庆日，申请人曾向贵单位举报移动等违法行为。因诉讼和获取奖金等需要，依《深圳市政府信息公开规定》、《广东省政务公开条例》等，请求公开针对申请人陈书伟的举报事项查处进展情况？申请人电子邮箱是a13077889998@126.com,电话13077889998。善意提醒，若没有依法答复申请人，申请人有权可以选择行政诉讼和行政复议，也可以向监察机关投诉。 此致敬礼 申请人：陈书伟 二00七年十一月二十五日
		","陈书伟,您好: 我局管理的内容是无线电频率资源，即对空中电波秩序的管理。来件投诉的内容不属我局管理的内容，请投诉人向通信管理局和消费者委员会投诉。
"
32597,设置个人业余电台验机程序,深圳市无线电管理局,2007.11.28,2007.11.29,"我已经加入中国无线电运动协会，取得中华人民共和国业余无线电台操作证书（四级），填写了“设置个人业余电台申请表”，由中国无线电运动协会预指配呼号BH7LPZ。按照设置个人业余电台的程序，下一步我将携带“电台操作证”、“会员证”、一式三份“申请表”到当地无线电管理部门验机及申请办理电台执照。请问这个过程我是否还需要准备其他证明材料？以及在市民中心哪个窗口办理？谢谢！
		","唐能，您好:按照设置个人业余电台的程序，现在您还需要准备的证明材料有：“电台操作证”、“会员证”、“本人身份证”原件及复印件各一份，以及一式三份“申请表”，前往市民中心行政服务大厅西厅44号、45号窗口办理即可。
		
		"
33425,为什么关内很多住宅里面手机都没有信号？,深圳市无线电管理局,2007.04.16,2007.04.19,"关内很多住宅里面都没有信号，为什么一直没有人解决？难道你们没有人知道啊 ？
		","住宅里没有手机信号的原因很多，主要有： 1.由于市内分布系统的原因，机站没有完全覆盖到所有地方，如：新建的楼盘是因为没有安装机站，导致手机没有信号； 2.有些住宅密集或旁边有比较高的建筑物的地方，让信号无法传达到，同样会导致手机没有信号。 袁先生需要提供具体地点位置，与中国移动深圳公司联系，他们将派人进行现场技术勘察，帮助您解决没有信号的问题。 联系电话：10086转人工接听
		
		"
33806,人民公园内三个微波发射天线什么时间能迁移或拆除？,深圳市无线电管理局,2006.11.24,2006.12.11,"尊敬的各级领导：我是人民公园旁居住的居民。现人民公园内及周边还设立着三个无线电微波发射天线（台）。随着城市的发展，人口的增多，无线电微波发射天线（台）设立在城市中心，已与现代都市的环境十分不谐调，同时无线电微波发射对居民的生活及身体都会带来不利的影响（电器受干扰，对人体产生辐射）。为美化都市环境及提高人民身体素质，特咨询市政府对无线电微波发射天线（台）设置在城市中心的规划是否合适？是否有迁移或拆除的计划？如没有，是否有保障人民身体安全的措施等？望及时回复。谢谢！ 普通市民 李建军
		","我市人民公园旁的通信设施为市广播转播台，63年就已建成。随着深圳特区的设立及经济快速发展，其周边已成繁华区域。经市政府规划，该广播转播台将很快迁移至关外。
		
		"
