104,垃圾调研,深圳市规划和国土资源委员会,2017.04.20,2017.05.08,"希望告知深圳市垃圾填埋场和垃圾焚烧厂的土地价格，电费收费标准，税收，收益，垃圾回收的吨数及其效益。希望您发到我的邮箱
		","??? 垃圾填埋场和垃圾焚烧厂在我市用地分类中属于公用设施中的环境卫生设施用地。该类用地如为政府全额投资项目协议出让的，按基准地价标准测算地价，如为社会投资项目而通过招拍挂等市场竞争方式出让的，按市场评估价测算地价。??? 电费收费标准、税收、收益，垃圾回收的吨数及其效益，不属我委职能范围，建议市民咨询有关对口部门。
		
		"
518,不动产权登记费用收取金额咨询,深圳市规划和国土资源委员会,2017.04.17,2017.04.26,"您好！本人购买了位于光明新区的安居型商品房锦鸿花园，现开发商通知办理不动产产权登记证，需要收取80元的登记费用。但查阅对于保障型住房登记费用应该减半或者由不动产目前权利人（开发商）承担。可否给予官方的正确答复呢？谢谢。
		","依据发改价格规【2016】2559号《国家发展改革委员会 财政部关于不动产登记收费标准等有关问题的通知》，安居型商品房登记收费不属于优惠减免情形，不动产登记费由登记为不动产权利人缴纳。
		
		"
860,工业用地土地使用权转让,深圳市规划和国土资源委员会,2017.04.10,2017.04.18,"您好，我们是深圳某工厂。现在想把工厂用地土地使用权随同厂房出售，请问土地使用权的转让在政府这方面的具体流程是什么？
		","来文人反映的情况属于房地产转移登记业务。房地产买卖的，相关当事人需共同前往深圳市不动产登记中心申请办理转移登记，需提交的材料如下：1、深圳市房地产转移登记申请表；2、身份证明；3、房地产证或者其他权利证书；4、房地产买卖合同书；5、法律、法规及规范性文件规定的其他文件。
		
		"
1025,二级房地产企业进入深圳房地产业务,深圳市规划和国土资源委员会,2017.03.29,2017.04.14,"您好！ 我们是在重庆注册的一家拥有二级房地产开发资质的房地产企业，我们企业想进入深圳地区开展房地产开发业务，需要办理哪些手续？我们企业能否直接参与贵地土地市场挂牌、招标、拍卖竞标？ 谢谢！
		","袁先生您好：
??? 一、外省二级房地产开发资质的房地产企业，进入深圳地区开展房地产开发业务须按照广东省相关规定申请房地产开发企业暂定资质。
??? 二、深圳市土地市场挂牌、招标、拍卖竞标土地，无需房地产开发资质，其他条件以挂牌、招标、拍卖相关公告为准。
?
?
????????????????????????????????????????????????????? 深圳市规划和国土资源委员会
???????????????????????????????????????????????????????? 2017年4月14日
"
1099,单身公寓是否属于住宅性质的商品房,深圳市规划和国土资源委员会,2017.04.07,2017.04.12,"单身公寓是否属于住宅性质的商品房，比如 南方国际广场部分房子 用途为 “单身公寓”，此类房子是否是住宅性质的？能否将房产证中的用途改为“住宅”
		","??? 杜先生您好！根据《住宅建筑设计规范》和《深圳市城市规划标准与准则》规定。住宅应按套型设计，每套必须是独门独户，并应设有卧室、厨房、卫生间及贮藏空间，供家庭日常居住使用的建筑物。按规范要求只有满足以上设计要求的均可认定为住宅。??? 感谢您的来访！
		
		"
2081,关于境外人士在深圳购房,深圳市规划和国土资源委员会,2017.03.10,2017.03.22,"1、《关于规范境外机构和境外个人购买商品房的通知》（深国房[2007]254号）是否是现行制度，是否有新印发的相关制度？ 2、拥有香港永久性居民身份证和回乡证的人士在深圳购房有什么要求和限制，有哪些政策规定了相关事项。
		","??? 您好！《关于规范境外机构和境外个人购买商品房的通知》（深国房[2007]254号）已废止。现境外机构和个人购在我市购房，须符合《国家外汇管理局、建设部关于规范房地产市场外汇管理有关问题的通知》汇发z2006{47号）及《住房和城乡建设部、国家外汇局关于进一步规范境外机构和个人购房管理的通知》（建房z2010{186号） 的相关规定。???? 感谢您的来访。
		
		"
2555,深圳的耕地规划,深圳市规划和国土资源委员会,2017.03.02,2017.03.14,"您好：我是一名耕地土质研究的爱好者，我目前正在着手写一篇关于深圳耕地土质的论文，但是我不太清楚深圳的耕地一般都划分在哪里，所以希望您们能够提供一份资料，关于深圳耕地划分的地方，越详细越好，最好有地图划分，如果可以的话，真的是不胜感激，非常谢谢您们！！么么哒！！
		","1、可通过深圳规划国土委外网公告的信息查阅；2、可来函我委申请信息公开。 
		
		"
4462,有关地价测算步骤问题,深圳市规划和国土资源委员会,2017.01.12,2017.01.22,"1、新《暂行措施》出台后，深规土【2015】587号文件中有关地价测算步骤的规定是否仍然有效？
2、如有效，深规土【2015】587号文第三项关于地价测算步骤的规定如何理解？何为改造后各建筑功能的平均容积率？何为个类别用地分摊的各建筑功能建筑面积？能否举例详细说明计算公式？
3、如失效，请说明现行地价测算步骤？
		","? 1、新《暂行措施》出台后，有关地价测算步骤继续按照深规土【2015】587号文件规定执行。2、改造后各建筑功能的平均容积率是指改造后各建筑功能的总建筑面积/出让给实施主体的开发建设用地总面积。3、各类别用地分摊的各建筑功能建筑面积是根据《实施细则》第六十条用于地价测算的各类别用地面积乘以该建筑功能的平均容积率。
		
		"
5459,国土局打印（产权资料电脑查询表）,深圳市规划和国土资源委员会,2016.12.01,2016.12.08," 由于我们香港公司在深圳罗湖购买了一套物业，之前一直都是自己公司在用，就今年11月转租给另一个公司，因为这一家公司要求开发票，我们公司在罗湖区国税局办理临时税务登记证，现在我们公司要到罗湖区地税局办理申报交税金，但是地税局的工作人员要求我们公司到国士局打印（产权资料电脑查询表），打印（产权资料电脑查询表）要带什么资料过去？
		","您好！??? 如需查询房屋相关信息，权利人或利害关系人可根据《房屋权属登记信息查询暂行办法》携带身份证明前往档案管理部门或登记部门查询。??? 如有其它问题，请您携带相关资料前往深圳市不动产登记中心详询或拨打96508888进行咨询。感谢您的来访。
		
		"
5789,关于深圳市投资建设立体车库的政府政策咨询,深圳市规划和国土资源委员会,2016.11.18,2016.12.02,"我司计划在大鹏新区投资建设一个社会立体车库停车场并配备充电桩，现在想知道政府是否有关于这方面的政策吗？政策的具体情况是什么？
		","1、社会停车场充电桩配建比例标准；2、政府在充电桩投资建设方面的财政补贴政策。经查阅相关资料并咨询新区发财局，相关情况如下：??? 一、根据《深圳市2016-2020年新能源汽车推广应用工作方案》（深发改[2016]1122号）的有关规定，新建社会公共停车场应按停车位数量的30%配建慢速充电桩，并100%预留建设安装条件，规划文件未按要求规划的，不予规划验收，未按规划要求建设的，不予竣工验收。??? 二、政府对充电设施建设补贴事项。目前，新区暂无相关补贴政策；根据《深圳市2016年新能源汽车推广应用财政支持政策》（深财科[2016]187号）的有关规定，对于深圳市辖区范围内符合标准的充电设施，在其竣工验收后，市政府主管部门按程序对投资方给予补贴；该文件中对充电设施的补助条件、补助标准、补助资金的申请材料等均有规定。
		
		"
6822,营改增后普通住房的界定,深圳市规划和国土资源委员会,2016.10.21,2016.11.02,"《关于深圳市2015年享受优惠政策普通住房价格标准的通告》中的价格标准，例如：罗湖区为390万及以下，请问390万包含增值税还是不包含增值税？
		","您好！??? 为贯彻落实《国务院办公厅转发建设部等部门关于做好稳定住房价格工作意见的通知》（国办发[2005]26号）及《国家税务总局、财政部、建设部关于加强房地产税收管理的通知》（国税发[2005]89号），根据住宅市场价格变化情况，经市政府同意，我市自2015年10月1日起执行享受优惠政策的普通住房价格标准通告如下：深圳市2015年享受优惠政策的普通住房价格标准(货币单位:人民币)序号?区域?价格标准（以房屋总价计）1?罗湖?390万及以下2?福田?470万及以下3?南山?490万及以下4?盐田?330万及以下5?宝安?360万及以下6?龙华?320万及以下7?龙岗?280万及以下8?光明?250万及以下9?坪山?200万及以下10?大鹏?230万及以下享受优惠政策的普通住房，应当同时满足以下三个条件：住宅小区建筑容积率在1.0（含本数）以上；单套住房套内建筑面积120（含本数）平方米以下或者单套住房建筑面积144（含本数）平方米以下；实际成交价低于本通告规定的所在区域普通住房价格标准。另，涉及税费问题请向税务主管部门咨询。??? 如有其它不动产登记问题，请您携带相关资料前往深圳市不动产登记中心详询或拨打96508888进行咨询。感谢您的来访。
		
		"
7032,企业购房,深圳市规划和国土资源委员会,2016.10.13,2016.10.27,"我想以企业名义在深圳市购商品房，有何条件？必须是深圳法人企业吗、
		","???? 您好！在本市购房的境内、境外（含港、澳、台）法人、其他组织均须经依法注册登记。境外机构购房，严格按照《国家外汇管理局、建设部关于规范房地产市场外汇管理有关问题的通知》（汇发z2006{47号）及《住房和城乡建设部、国家外汇局关于进一步规范境外机构和个人购房管理的通知》（建房z2010{186号）的要求执行。如有疑问，当事人可携带相关材料前往登记部门详询或拨打96508888进行咨询。??? 感谢您的来访！ 
		
		"
7255,村委集资绿本房能不能转为红本商品房,深圳市规划和国土资源委员会,2016.10.08,2016.10.19,"你好，我在网上看到深圳部分小产权可以转为红本商品房，我有深户但不是村委原居民，那我的小产权有村委的绿本房产证及两证一书，能不能申请转成红本商品房，如果不转的话会不会遭到有关部门的强拆。
		","??? 经合法登记的不动产性质发生变化的，当事人可在完善用地手续后持相关材料申请办理不动产变更登记，变更登记所需申请资料及流程可登陆深圳市不动产登记中心官网查询。如相关建筑物涉嫌存在违建等行为，由土地规划监察部门依相关法律法规处理。如有问题可拨打96508888咨询。感谢您的来访。
		
		"
7353,关于10月4号房产新政,深圳市规划和国土资源委员会,2016.10.07,2016.10.14,"尊敬的领导，你好；
    本人9月份已经通过中介购买龙岗中心城一套二手房，属于首套刚需，签
过合同并且支付过定金，但10月4号深圳市政府出了房产新政，由于节假日，4
号当天无法赶回进行网签，按照新政社保3年改5年，那么本人将失去买房资
格，将导致小孩无法入学，以及购房资金纠纷等一系列麻烦；
    我想问的是我这种情况是否能按旧规3年社保执行过户，因为在新政策出
来前我已经付过钱实际发生了交易，而且如果新政不是在节假日期间发布的
话，在当天我们也来得及打印网签合同，按理我是在新规颁布之前就已经实际发生了交易行为，是否能按旧规3年社保执行过户呢？
		","您好：??? 根据《深圳市人民政府办公厅转发市规划国土委等单位〈关于进一步促进我市房地产市场平稳健康发展的若干措施〉的通知》（深府办[2016]28号）要求，自2016年10月4日起，本市户籍居民家庭（含部分家庭成员为本市户籍居民的家庭）继续执行限购2套住房的政策；本市户籍成年单身人士（含离异）在本市限购1套住房；能提供自购房之日起计算的前5年及以上在本市连续缴纳个人所得税或社会保险证明的非本市户籍居民家庭，限购1套住房。??? 另，相关文件规定，下列情形按原限购政策办理：（一）2016年10月4日（含10月4日）之前已网签房地产买卖合同或者网签预售商品房认购书的。（二）未网签房地产买卖合同或者网签预售商品房认购书，但2016年10月4日（含10月4日）之前已为购房支付相关费用，且于2016年12月31日（含12月31日）之前提供以下证明材料之一申请房地产登记或者预售合同备案的：1、买方向卖方支付购房定金、部分或全部房款（不含现金支付）的银行转账有效凭证（POS机购房签购单、购房转账单等，收款人需为卖方）。卖方通过中介机构收取定金、部分或全部房款（不含现金支付）的，还应当提交房地产买卖居间合同或委托中介机构代收定金、部分或全部房款（不含现金支付）的协议书。 2、购房资金监管协议及支付相应费用的银行转账有效凭证。??? 如有疑问，可拨打96508888进行咨询。??? 感谢您的来访。
		
		"
7460,1004政策影响，急,深圳市规划和国土资源委员会,2016.10.05,2016.10.11,"我是改善换房，卖了自己的然后买个大一点的，同时在十一前签了合同，如果由于政策无法履行，定金和别的问题会很麻烦，这种也不在少数，恳求出一个区别政策，之前德还继续履行完，以减少我们这种人的不必要的纠纷，感谢了
		","??? 根据《深圳市人民政府办公厅转发市规划国土委等单位〈关于进一步促进我市房地产市场平稳健康发展的若干措施〉的通知》（深府办z2016{28号），自2016年10月4日起，本市户籍居民家庭（含部分家庭成员为本市户籍居民家庭）继续执行限购2套住房的政策；本市户籍成年单身人士（含离异）在本市限购1套住房；能提供自购房之日起计算的前5年及以上在本市连续缴纳个人所得税或社会保险证明的非本市户籍居民家庭，限购1套住房；对境外机构和个人购房，严格按照有关政策执行。购房时间的认定，以在本市房地产主管部门信息系统网签购房合同的时间为准。按照《市规划国土委关于落实〈进一步促进我市房地产市场平稳健康发展的若干措施的通知〉的会议纪要》（深规土会议纪要z2016{176号），下列情形按原限购政策办理，但购房时在本市连续缴纳个人所得税或社会保险未满三年的除外：一、2016年10月4日（含10月4日）之前已网签房地产买卖合同或者网签预售商品房认购书的；二、未网签房地产买卖合同或者网签预售商品房认购书，但2016年10月4日（含10月4日）之前已为购房支付相关费用，且于2016年12月31日（含12月31日）之前提供以下证明材料之一申请房地产登记或者预售合同备案的：1、买方向卖方支付购房定金、部分或全部房款（不含现金支付）的银行转账有效凭证（POS机购房签购单、购房转账单等，收款人需为卖方）。卖方通过中介机构收取定金、部分或全部房款（不含现金支付）的，还应当提交房地产买卖居间合同或委托中介机构代收定金、部分或全部房款（不含现金支付）的协议书。 2、购房资金监管协议及支付相应费用的银行转账有效凭证。??? 您反映的情况如符合上述规定可依法向深圳市不动产登记中心申请房地产登记或者预售合同备案。如有疑问，当事人可携带相关材料前往登记部门详询或拨打96508888进行咨询。??? 感谢您的来访！ 
		
		"
7461,1004政策影响，急,深圳市规划和国土资源委员会,2016.10.05,2016.10.11,"我是改善换房，卖了自己的然后买个大一点的，同时在十一前签了合同，如果由于政策无法履行，定金和别的问题会很麻烦，这种也不在少数，恳求出一个区别政策，之前德还继续履行完，以减少我们这种人的不必要的纠纷，感谢了
		","??? 根据《深圳市人民政府办公厅转发市规划国土委等单位〈关于进一步促进我市房地产市场平稳健康发展的若干措施〉的通知》（深府办z2016{28号），自2016年10月4日起，本市户籍居民家庭（含部分家庭成员为本市户籍居民家庭）继续执行限购2套住房的政策；本市户籍成年单身人士（含离异）在本市限购1套住房；能提供自购房之日起计算的前5年及以上在本市连续缴纳个人所得税或社会保险证明的非本市户籍居民家庭，限购1套住房；对境外机构和个人购房，严格按照有关政策执行。购房时间的认定，以在本市房地产主管部门信息系统网签购房合同的时间为准。按照《市规划国土委关于落实〈进一步促进我市房地产市场平稳健康发展的若干措施的通知〉的会议纪要》（深规土会议纪要z2016{176号），下列情形按原限购政策办理，但购房时在本市连续缴纳个人所得税或社会保险未满三年的除外：一、2016年10月4日（含10月4日）之前已网签房地产买卖合同或者网签预售商品房认购书的；二、未网签房地产买卖合同或者网签预售商品房认购书，但2016年10月4日（含10月4日）之前已为购房支付相关费用，且于2016年12月31日（含12月31日）之前提供以下证明材料之一申请房地产登记或者预售合同备案的：1、买方向卖方支付购房定金、部分或全部房款（不含现金支付）的银行转账有效凭证（POS机购房签购单、购房转账单等，收款人需为卖方）。卖方通过中介机构收取定金、部分或全部房款（不含现金支付）的，还应当提交房地产买卖居间合同或委托中介机构代收定金、部分或全部房款（不含现金支付）的协议书。 2、购房资金监管协议及支付相应费用的银行转账有效凭证。??? 您反映的情况如符合上述规定可依法向深圳市不动产登记中心申请房地产登记或者预售合同备案。如有疑问，当事人可携带相关材料前往登记部门详询或拨打96508888进行咨询。??? 感谢您的来访！ 
		
		"
7465,1004政策影响，急,深圳市规划和国土资源委员会,2016.10.05,2016.10.11,"我是改善换房，卖了自己的然后买个大一点的，同时在十一前签了合同，如果由于政策无法履行，定金和别的问题会很麻烦，这种也不在少数，恳求出一个区别政策，之前德还继续履行完，以减少我们这种人的不必要的纠纷，感谢了
		","??? 根据《深圳市人民政府办公厅转发市规划国土委等单位〈关于进一步促进我市房地产市场平稳健康发展的若干措施〉的通知》（深府办z2016{28号），自2016年10月4日起，本市户籍居民家庭（含部分家庭成员为本市户籍居民家庭）继续执行限购2套住房的政策；本市户籍成年单身人士（含离异）在本市限购1套住房；能提供自购房之日起计算的前5年及以上在本市连续缴纳个人所得税或社会保险证明的非本市户籍居民家庭，限购1套住房；对境外机构和个人购房，严格按照有关政策执行。购房时间的认定，以在本市房地产主管部门信息系统网签购房合同的时间为准。按照《市规划国土委关于落实〈进一步促进我市房地产市场平稳健康发展的若干措施的通知〉的会议纪要》（深规土会议纪要z2016{176号），下列情形按原限购政策办理，但购房时在本市连续缴纳个人所得税或社会保险未满三年的除外：一、2016年10月4日（含10月4日）之前已网签房地产买卖合同或者网签预售商品房认购书的；二、未网签房地产买卖合同或者网签预售商品房认购书，但2016年10月4日（含10月4日）之前已为购房支付相关费用，且于2016年12月31日（含12月31日）之前提供以下证明材料之一申请房地产登记或者预售合同备案的：1、买方向卖方支付购房定金、部分或全部房款（不含现金支付）的银行转账有效凭证（POS机购房签购单、购房转账单等，收款人需为卖方）。卖方通过中介机构收取定金、部分或全部房款（不含现金支付）的，还应当提交房地产买卖居间合同或委托中介机构代收定金、部分或全部房款（不含现金支付）的协议书。 2、购房资金监管协议及支付相应费用的银行转账有效凭证。??? 您反映的情况如符合上述规定可依法向深圳市不动产登记中心申请房地产登记或者预售合同备案。如有疑问，当事人可携带相关材料前往登记部门详询或拨打96508888进行咨询。??? 感谢您的来访！ 
		
		"
8412,在小区建设立体车库,深圳市规划和国土资源委员会,2016.08.31,2016.09.09,"请问深圳在小区建设立体车库要经过哪些审批？谢谢。如果这个不归你们管的话，那归谁管？
		","信访人来电咨询在小区建设立体车库要如何申报。经核查，机械式立体停车库有地下、地上等多种形式,具体情况如下：1、在既有小区空地建设机械式立体停车场（库），若涉及用地条件变化的，应按程序变更《建设用地规划许可证》之后，签订土地使用权出让补充合同。2、在已规划验收的小区原有停车位上增加机械停车位未涉及我局审批职能，请询相关部门进一步咨询。若确需增加机械停车位，需考虑停车库高度是否具备改造机械双层停车的可行性，建议由物业管理部门或业委会做好广泛的意见征集和解释说明工作，以保证符合绝大部分业主意愿。
		
		"
8430,限购相关问题,深圳市规划和国土资源委员会,2016.08.30,2016.09.08,"咨询两个问题：1.对于深圳的限购政策，已有两套商品房的家庭，是否能全款（不贷款）购买第三套商品房？2.本地村民有两套回迁的商品房，是否还能购买第三套商品房？
		","您好！??? 根据深府办[2016]12号《深圳市人民政府办公厅关于完善住房保障体系促进房地产市场平稳健康发展的意见》第四点规定，本市户籍居民家庭（含部分家庭成员为本市户籍居民的家庭）限购2套住房；能提供自购房之日起计算的前3年及以上在本市连续缴纳个人所得税或社会保险证明的非本市户籍居民家庭，限购1套住房。对境外机构和个人购房，严格按照有关政策执行。购房时间的认定，以在本市房地产主管部门信息系统网签购房合同的时间为准。以上意见自2016年3月25日起实施。??? 如有疑问，当事人可拨打96508888语音咨询电话（免声讯费）进行咨询。??? 感谢您的来访！
		
		"
9209,龙岗龙腾工业区什么时候拆迁,深圳市规划和国土资源委员会,2016.07.27,2016.08.08,"龙岗龙腾工业区什么时候拆迁
		","??? 龙腾工业区（一期）更新单元已于2011年7月15日纳入《2011年深圳市城市更新单元规划制定计划第二批计划》，批准拆除用地面积691055平方米，计划申报主体为中信华南（集团）深圳有限公司。该更新单元尚未取得更新单元规划批复，目前尚未启动拆迁工作。
		
		"
9223,房主自因造成办理房产证疑难,深圳市规划和国土资源委员会,2016.07.27,2016.08.05,"领导好，本人购房红岗花园近30年，由于原始凭证全部遗失，一直未办理相关产权登记，历年屡探不得其门。现年事已高，担心身后麻烦，非常焦急。此事极其罕见，相关部门没有既定操作程序，只好向上级领导求助。目前经查询获得，初始登记号0051959，分户汇总表红岗花园公寓第一栋411，原建单位深圳市房地产建设开发公司，现已变更为深圳市建鹏达房地产开发有限公司，登记驻地物是人非。敬请领导关怀，予以特事特办，不胜感激。致敬！
		","您好！?就来访事项已与来访人进行电话沟通，其表示知悉。如有其它不动产登记问题，请您携带相关资料前往深圳市不动产登记中心详询或拨打96508888进行咨询。感谢您的来访。
		
		"
9234,办理房屋过户手续,深圳市规划和国土资源委员会,2016.07.25,2016.08.05,"我来深圳打工8年，在罗湖黄贝岭锦上家花园购买一套二手小户型房，在市不动产登记中心办理过户手续时卡壳，原因是我养老保险连续缴纳有4年，但工伤保险三年中有5个月是隔年缴纳的，不能算连续三年缴纳，就这点小问题不能过户，而我要面临10万元定金损失。深圳购房新政规定，“能提供连续三年的社会保险证明的非本市户籍居民家庭，限购一套住房”。新政没有把“社会保险证明”表述为“必须缴纳连续三年养老保险+医疗保险，或必须缴纳连续三年养老保险+工伤保险”。让我们老百姓一目了然。社保是公司在缴纳，我们员工没在意缴纳了几个险种，工伤保险5个月也就30多元，而我现在还在正常缴纳四险一金，就是几个月后我也符合购房条件。我买个小住房，又不是炒房搞投机倒把。请求政府恩典，不要让人承受这大损失，能否采取补缴或罚款或批准过户延缓发证等办法，我都愿意接受。我们青年人来深圳打工，也是在为建设深圳作贡献，恳求政府接纳我们，我将感激不尽。
		","您好！???? 2016年3月25日，市政府办公厅发布了《关于完善住房保障体系促进房地产市场平稳健康发展的意见》（深府办【2016】12号），本市户籍居民家庭（含部分家庭成员为本市户籍居民的家庭）限购2套住房；能提供自购房之日起计算的前3年及以上在本市连续缴纳个人所得税或社会保险证明的非本市户籍居民家庭，限购1套住房。对境外机构和个人购房，严格按照有关政策执行。购房时间的认定，以在本市房地产主管部门信息系统网签购房合同的时间为准。另对于提供社保缴纳证明的，必须符合下列条件之一：一是养老保险并医疗保险、二是养老保险并工伤保险、三是医疗保险并工伤保险。??? 我中心作为政策执行部门，严格执行《意见》及相关规定。??? 如有其它不动产登记问题，请您携带相关资料前往深圳市不动产登记中心详询或拨打96508888进行咨询。感谢您的来访。
		
		"
9235,关于撤销新房网签,深圳市规划和国土资源委员会,2016.07.22,2016.08.05,"你好。我爸非深户，因为交了深圳社保满足购房条件，所以在今年2月份在深圳买了一套一手新房，一次性付清全款，已经网签，今年9月份才交房，开发商说也要9月份才能办房产证。现在我爸脑出血，病得很严重，我们需要钱给我爸治病，于是我们想把这套房子卖出去，但因为没有房产证，无法过户。刚好我的一个朋友对我爸这套房有兴趣，想购买。因为着急卖出去，拿到钱给我爸治病，我想问下，我能不能申请撤销这套房的网签，把这套房转让给我的朋友？如果可以，我应该怎么做呢？
		","您好！?就来访事项已与来访人进行电话沟通，其表示接受。如有其它不动产登记问题，请您携带相关资料前往深圳市不动产登记中心详询或拨打96508888进行咨询。感谢您的来访。
		
		"
9761,非农指标政策,深圳市规划和国土资源委员会,2016.06.26,2016.07.11,"你好，我想了解一下光明新区楼村社区的非农指标政策，文件可以发我邮箱
		","鉴于《深圳市宝安龙岗两区城市化土地管理办法》（深府[2004]102号）、《宝安区城市化非农建设用地划定操作办法》（深宝府[2005]56号）属于公开办法，已将上述两个办法以电子邮件方式发送给信访人；但楼村非农用地属于楼村集体资产，详细信息不便提供给个人。?????? 
		
		"
18051,买房政策,深圳市规划和国土资源委员会,2015.08.07,2015.08.19,"你好，我亲戚在外地已经买过房子，现在想在深圳买，不知道算不算二套房？他符合在深圳买房的条件。
		","?您好！根据《关于进一步贯彻落实国务院文件精神坚决遏制房价过快上涨的补充通知》（深府办〔2010〕82号），对于本市户籍居民家庭（含部分家庭成员为本市户籍居民的家庭），限购2套住房；对于能够提供在本市1年以上纳税证明或社会保险缴纳证明的非本市户籍居民家庭，限购1套住房。??? 感谢您的来访！?
		
		"
19794,赣深高铁引到平湖、罗湖是最佳方案,深圳市规划和国土资源委员会,2015.06.04,2015.06.11,"各位领导好，现向你们提个建设性的建设，建议内容如下：赣深高铁应改走东莞常平沿广深线在平湖、罗湖设站。罗湖段全改走地下，只停靠广深动车、赣深高铁，预留延长香港的条件。普铁全部停靠平湖、深圳东站。把平湖站建成集高铁、、普铁、城际、地铁综合换乘站深圳第二大站。好处有1.罗湖可腾出土地用于城市建设。2.促进东莞发展，加强深莞惠三市联系。3.促进深圳中轴腾飞。4.龙岗区成为真正的轨道枢纽中心，不再与高铁无缘。5.便于深圳市民乘坐普铁、赣深高铁。（来平湖乘车东部有深惠城际、10号线，原关内来平湖有广深城际、10、17号线，西部来平湖有深惠城际、18号线，争取12号西延到观澜就更好了，深圳所有区域市民都方便来平湖乘车）。希望贵部门能站在全市及深莞惠一体化角度认真考试这个建议。谢谢！ 
		","?1、赣深客运专线引入深圳枢纽方案，需综合考虑我市城市空间布局结构、铁路枢纽功能定位、枢纽设施用地条件、车站到发车能力、线路通道技术条件等多种因素，并需与国家铁路网相衔接。??? 2、目前，国家铁路部门正在开展相关规划研究。??? 3、关于平湖枢纽，根据既有相关规划，平湖枢纽将规划有广深铁路、深惠城际线和城市轨道10号线及17号线等轨道线路；据了解，广铁集团正在开展平湖站改造工作。届时，平湖站将形成集国铁、城际轨道、城市轨道等多方式为一体的交通枢纽。目前，我委正在启动《国家铁路深圳地区布局规划（修编）》研究工作，将对包括平湖枢纽在内的全市铁路枢纽功能布局进行系统研究。??? 4、感谢你对我市铁路规划建设的关系。
		
		"
20318,外地户籍在深圳购房,深圳市规划和国土资源委员会,2015.05.01,2015.05.13,"请问：1、外地户籍在深圳购房需要什么条件？ 2、外地户籍在深圳购房时需要提供什么资料？
		","您好！根据《关于进一步贯彻落实国务院文件精神坚决遏制房价过快上涨的补充通知》（深府办〔2010〕82号），对于本市户籍居民家庭（含部分家庭成员为本市户籍居民的家庭），限购2套住房；对于能够提供在本市1年以上纳税证明或社会保险缴纳证明的非本市户籍居民家庭，限购1套住房。暂停在本市拥有2套以上（含2套）住房的本市户籍居民家庭、拥有1套以上（含1套）住房的非本市户籍居民家庭、无法提供在本市1年以上纳税证明或社会保险缴纳证明的非本市户籍居民在本市购房。对境外机构和个人购房，严格按照有关政策执行。自本通知发布之日起，所有商品住房交易必须执行本通知规定。交易时间的认定，以在本市房地产主管部门信息系统网签购房合同的时间为准。我市将继续严格执行上述规定，对于非本市户籍居民家庭购房时提供纳税缴纳证明的，必须符合最近连续12个月以上且不含补缴的条件；对于提供社保缴纳证明的，必须符合下列条件之一：一是最近连续缴纳12个月以上养老保险并医疗保险、二是最近连续缴纳12个月以上养老保险并工伤保险、三是最近连续缴纳12个月以上医疗保险并工伤保险。??? 房地产权利人办理转移登记，所需材料流程及相关税费可登陆深圳市规划和国土资源委员会网站进行了解。如有疑问，当事人可携带相关资料前往登记部门详询或拨打16820000、96508888进行咨询。感谢您的来访！
		
		"
20879,房产证办理,深圳市规划和国土资源委员会,2015.04.02,2015.04.13,"你好！ 我的问题如下： 1 . 房子已经办理产权登记， 自己手里有购房合同， 现在要办理房产证， 要准备什么资料， 怎么预约？ 2. 购房合同上面的购房人是我爱人的， 问： 房产证上能加上自己的名字吗？ 要什么资料？ 谢谢！
		","您好！??? 根据《深圳经济特区房地产登记条例》的相关规定，向开发商购买的商品房应提交下列文件：??? 1、深圳市房地产转移登记申请表；??? 2、身份证明复印件；??? 3、深圳市房地产买卖合同书；??? 4、属于楼花转现楼的，还应提交：??? （1）楼花转现楼申请书；??? （2）原楼花抵押合同复印件；??? （3）营业执照复印件；??? （4）金融许可证；??? （5）法定代表人证明书及其身份证明复印件；??? （6）有委托的，提交授权委托书及委托代理人身份证明复印件；??? 5、开发商已办《房地产证》的，应提交《房地产证》；??? 6、法律、法规、规章及规范性文件规定的其他文件。??? 可通过深圳市房地产权登记中心官网进行预约。??? 如有疑问，当事人可携带相关资料前往登记部门具体咨询或拨打产权咨询电话（免声讯费）16820000或96508888进行咨询。感谢您的来访！
		
		"
21028,地铁10号线（原16号线）现在开工了吗,深圳市规划和国土资源委员会,2015.04.01,2015.04.02,"市轨道交通16号线经由福田中心城区，联系中部发展轴的坂雪岗片区、平湖片区，现在已经开工了吗，还是处于调研呢
		","?一、您好，感谢您对我市轨道交通建设的关注。??? 二、我市已将轨道原16号线（现暂更名为10号线）列入《深圳市城市轨道交通近期建设规划调整（2011-2016）》项目，希望2016年之前开工建设。??? 三、《深圳市城市轨道交通近期建设规划调整（2011-2016）》已上报国家发改委，目前尚未得到批复。轨道10号线（原16号线）具体建设时序，应以国家发改委的批复意见为准。
		
		"
21082,地铁五号线南延线,深圳市规划和国土资源委员会,2015.03.21,2015.03.30,"请问地铁五号线南延线 大南山站 的规划具体位置在哪里，该线路预计什么时候能够建成通车？
		","?1、感谢您对我市轨道交通建设的关心。???? 2、根据《深圳市轨道交通规划（2012-2040）》（已通过深圳市城市规划委员会发展策略委审议），5号线南延段已作为已运营轨道5号线（环中线）的延长线纳入全市轨道线网，起点前海湾，南北贯通前海合作区，向南连接2号线赤湾站。???? 3、根据《深圳市城市轨道交通近期建设规划调整（2011-2016）》（简称《轨道三期建设规划调整》），5号线南延段计划列入我市轨道近期建设项目，期望2016年之前开工、2020年之前建成。目前，《轨道三期建设规划调整》已上报国家发改委审查。根据上报方案，轨道5号线南延段规划大南山站（暂定名）位于前海路与港城路交叉口附近。???? 4、轨道5号线南延段的线站位方案和建设时序，最终应以国家发改委的批复为准。
		
		"
21086,无房证明,深圳市规划和国土资源委员会,2015.03.21,2015.03.30,"我在龙岗区租房住，要办理无房证明需要什么资料，可以在哪里办理。
		","您好！??? 个人可持有效身份证明前往市房地产权登记中心任一登记点办理。??? 如有疑问，当事人可携带相关资料前往登记部门具体咨询或拨打产权咨询电话96508888进行咨询。??? 感谢您的来访！（
		
		"
21416,房产证办理咨询,深圳市规划和国土资源委员会,2015.03.01,2015.03.06,"你好，近期我在福田区买了一套二手房，签订购房合同时是以我们夫妻双方的名义签署的，但是在办理住房公积金贷款及银行商业贷款时，都是以男方名义单独贷款的，所以我夫妻双方商定想在办理房产证时房产写在男方一人名下，是否可以办理？如何办理？
		","答复：根据《深圳经济特区房地产登记条例》第二十四条规定，登记机构需要审查申请登记主体、申请登记内容等申请登记事项与申请文件所证明事实的一致性，如不一致不能予以登记。（已电话答复咨询人）
		
		"
22372,我的商品发过会给我的成年孩子,深圳市规划和国土资源委员会,2014.12.15,2014.12.24,"我们全家只有一套布吉片区的89平商品房，原房产是我自己的产权，现想把名字改成我的成年孩子，怎么办理，需要怎样的费用、需要哪些费用，。谢谢。
		","拟答复如下：??? 您好！??? 根据来访的诉求情况，可通过赠与或转让等方式办理。房屋登记费为住房登记费80元，登记一套计为一件；相关税费政策请向深圳市税务部门详询。??? 如有疑问，您可携带相关资料前往房产登记部门详询或拨打96508888电话咨询。??? 感谢您的来访。（已电话答复来访人）
		
		"
22778,买房时单身，两年后办房产证时已婚，请问契税如何缴纳？,深圳市规划和国土资源委员会,2014.11.24,2014.12.02,"您好，本人2013年初买入龙岗一套一手期房，两年后现在入伙要准备办房产证了。 但是买房子的时候是单身首套，现在要办房产证了已经是结婚了。爱人名下有一套房产。 那请问这个房产证的契税还是以网签的时候单身首套为准，交1%。 还是以现在家庭情况二套为准，交3%。 望请回复。 另外需要什么证明文件？ 还是政府这边会自行审查？ 谢谢。
		","您好！??? 根据《深圳市地方税务局关于明确房地产交易有关税收问题的函》（深地税函[2012]308号）第三条，对个人购买普通住房，且该住房在其网签买卖合同时属于其家庭唯一住房的，可根据《财政部 国家税务总局 住房城乡建设部关于调整房地产交易环节契税 个人所得税优惠政策的通知》（财税[2010]94号）第一条的规定适用相关政策，文件载明：对个人购买普通住房，且该住房属于家庭（成员范围包括购房人、配偶以及未成年子女，下同）唯一住房的，减半征收契税（即税率为1.5%）。对个人购买90平方米以下普通住房，且该住房属于家庭唯一住房的，减按1%税率征收契税。其他房屋买卖不得享受上述优惠政策（即契税税率为3%）。??? 深圳市房地产权登记中心为我市房地产权登记机构，代征房地产转移过程中的相关税费。当事人在申请办理转移登记时，登记部门将核查其购买的房产是否属于深圳市家庭唯一住房等情况，采集相关数据填写《纳税申报表》发送税务部门，待税务部门返还税费计算结果再予以代征。??? 如有疑问，当事人可携带相关资料前往登记部门具体咨询或拨打产权咨询电话（免声讯费）16820000或96508888进行咨询。??? 感谢您的来访！
		
		"
22953,关于办理房产证(产权登记),深圳市规划和国土资源委员会,2014.11.13,2014.11.20,"我于2013年6月结婚,因感情不和,现就财产分割问题,正在打离婚诉讼,第一次在14年7月开庭法院表示还未办理好产权登记,未判离婚,需半年后再次开庭,现已分居,我的房子是13年4月婚前以我个人名义买的,于今年11月才可办理产权登记,但我无法提供妻子的证件,请问我如何办理产权登记手续,我的特殊情况是否有特殊的办理方法?谢谢,如果我无法登记产权,那我就无法离婚,请帮下我,谢谢.
		","根据《深圳市经济特区房地产登记条例》相关规定，经初始登记的房地产方可申请办理转移登记。如申请转移登记，需各方当事人共同申请并应提交下列文件：　 （一）《房地产转移登记申请书》；　 （二）房地产权利证书；　 （三）身份证明；　 （四）买卖合同书，或赠与书，或继承证明文件，或交换协议书，或人民法院依法作出的已经生效的判决书、裁定书、调解书，或有关行政机关的行政决定书，或分割的协议书；?? （五）法律、法规、规章等规范性文件规定的其他文件。??? 行政划拨、减免地价的土地，转移时按规定需补地价的，应提交付清地价款证明书。??? 税费相关情况可登陆税务部门网站进行了解，具体情况以办理时为准。??? 如有疑问，当事人可携带相关资料前往登记部门具体咨询或拨打产权咨询电话（免声讯费）96508888进行咨询。??? 感谢您的来电！??? （已于2014年11月18日15：00电话答复来访人，来访人接受答复意见。）
		
		"
22966,为什么龙岗区不给批一户一栋？,深圳市规划和国土资源委员会,2014.11.12,2014.11.20,"有钱的可以抢建，没钱的批也批不到？求回复
		","一、根据《深圳市原村民非商品住宅建设暂行办法》（深府[2006]105号），我市“一户一栋”政策有严格的认定范围、建设标准及申报流程。二、该办法第七条规定各区可结合本区实际情况制定具体实施细则。龙岗区具体实施细则情况请询问龙岗区查违办。三、未取得相关手续而擅自建设属于违法建设，依法应严肃查处。
		
		"
23050,此特殊情形下，房子注销抵押后进行更名手续需要什么材料？,深圳市规划和国土资源委员会,2014.11.06,2014.11.13,"本人于2014年9月在房地产权登记中心（金湖文化中心1楼信访办）提交了信访文，询问房地产权登记中心能否配合当事人与银行、以及遵照法院判决书的判决精神（诉求合理，银行需配合原告与被告），办理在房产抵押状态中离婚夫妻财产分割登记。本人在2014年10月初收到深圳市房地产权登记中心的复函（深房登【2014】529号），复函中提出当事人需与银行办理该房产的抵押登记后才可以办理房产更名手续。随后本人与银行联系办理注销抵押事宜，在注销抵押与办理房产证更名的期间继续照常还贷给银行，在此期间当事人会抵押等额资产给银行由银行监管（确保银行无风险），还贷继续但抵押注销。银行方面表示由于此特殊情况以及依据法院判决精神，房地产权登记中心能否简化手续（银行能否少提交文件给登记中心，例如，如需要提交还清贷款证明，能否不需提交。），是否银行出具同意先解除抵押的说明就可以过户？在此特殊情况下，当事人与银行需要提交什么文件至登记中心？谢谢！
		","您好！办理注销抵押登记需由抵押人及抵押权人共同申请，申请时需提交以下资料：1.注销抵押申请表；2.抵押人及抵押权人身份证明文件；3.房地产证；4.抵押权人同意注销抵押登记的证明文件（须注明抵押物名称、房产证号、抵押编号等主要信息）。
		
		"
23536,写字楼预售许可证办理,深圳市规划和国土资源委员会,2014.09.15,2014.09.24,"您好，请问在开发写字楼，办理预售许可证的时候，跟物业管理公司签约是否为必要条件？
		","付先生您好！??? 来信收悉。现将你咨询的有关问题答复如下：??? 根据房地产预售许可的有关管理规定，开发商向主管部门申请预售许可证时，不要求提交开发商与物业管理公司签订的物业管理协议书。???（同时已电话答复）
		
		"
23540,关于建设工程规划验收,深圳市规划和国土资源委员会,2014.09.18,2014.09.24,"我司在建两栋写字楼，请问建筑类的建设工程规划验收的前提是否要把大堂，电梯间以及卫生间装修好才可以验收；2.请问是否大厦封顶就可以申请验收？
		","?1、根据《深圳市城市规划条例》，建设工程规划验收时需完成该项目《建设工程规划许可证》核准的建筑施工图全部内容（包括外立面、停车位和道路等）和设备安装，并完成竣工测量和查丈测绘后，方可申报建设工程规划验收，而室内装修内容不需全部完成。? 2、大厦封顶就可以规划验收说法不准确。
		
		"
23869,咨询桃源居商圈是否会开通地铁,深圳市规划和国土资源委员会,2014.08.03,2014.08.13,"桃源居社区现有5万以上的长住居民，但交通却极其不便，原本报道10号线将途径此处有一个桃源居站，现在听说取消了，不知是否属实？
		","您好，感谢您对我委轨道规划工作的关心和支持！（一）根据我市轨道规划，原轨道10号线更名为12号线，由海上世界至空港新城，途径西乡桃源居。（二）根据我市轨道三期建设规划，轨道12号线未纳入建设范围。（三）已于8月12日上午10点22分电话联系，其表示满意。
		
		"
24027,龙岗布局罗岗片区的惠康路什么时候才修通？,深圳市规划和国土资源委员会,2014.07.18,2014.07.24,"龙岗布局罗岗片区的惠康路什么时候才修通？有没有规划？
		","王先生，您好。根据已批准《布吉罗岗地区法定图则》，惠康路规划为城市主干道，红线宽度40米。惠康路我局已办好所有规划审批手续，其主管和建设单位是深圳市交通运输委员会，关于该道路何时建成的问题，建议您直接向建设单位咨询。??? 
		
		"
24091,普通住房价格标准,深圳市规划和国土资源委员会,2014.07.04,2014.07.17,"请问2014年调整普通住房价格标准吗？现在的标准已经严重脱离实际的房价了， 特别是坪山新区。当前各行各业经济形式很不好, 各大公司均在裁员，而普通民众的生活成本在不断增加, 希望政府切实减少市民的税负！
		","?7月17日11：45分致电信访人，答复如下：你好，享受优惠政策的普通住房，应同时满足以下三个条件：住宅小区建筑容积率在1.0（含）以上；单套住房套内建筑面积120（含）平方米以下或单套建筑面积144（含）平方米以下；实际成交价低于所在区域普通住房住房价格标准，坪山新区2013年7月1日至今享受优惠政策的普通住房价格标准为160（含）万以下。目前我委正在测算2014年度享受优惠政策普通住房价格标准，如有调整将及时向社会公布。
		
		"
25927,婚姻存续期间一方将房屋产权登记转移至另一方的税费问题,深圳市规划和国土资源委员会,2013.02.19,2013.02.22,"您好，我希望咨询下列事宜，并希望在咨询投诉系统内得到书面回复，谢谢 婚姻存续期间一方将房屋产权登记转移至另一方的税费问题 ? 婚姻关系存续期间，一方将其名下位于深圳市南山区的唯一住宅房产（房产产权登记时间早于婚姻登记时间）转移至法定配偶（两人均为深圳户籍，法定配偶名下在深圳市南山区已经另有一套房产）名下的情形，应当缴纳何种税费（依法税费最低的流程） 若产权转移后，在婚姻存续期间或离异后，所有权人出售该房产给第三方的情形，应当缴纳何种税费？与正常情况下经过交易购买的房产出售给第三方的情形所需缴纳税费有何种不同？
","您好！一、婚前登记在一方名下的房地产变更为另一方所有的、婚后约定为一方所有且登记在一方名下的房地产变更为另一方所有的、婚后登记在双方名下的房地产变更为一方所有的、婚后登记在一方名下的房地产变更为另一方所有的，有关当事人需共同前往深圳市房地产权登记中心申请办理转移登记；婚后登记在一方名下的房地产变更为双方（共同或按份）共有的，有关当事人需共同前往深圳市房地产权登记中心申请办理变更登记。属前述变更登记情形的，在办理登记时，登记部门将核查该房产是否确属夫妻关系存续期间双方共有，如之前有协议约定一方所有的，按转移登记办理。需提交的材料如下：1、《转移登记申请表》或《变更登记申请表》；2、身份证明材料，包括：身份证、结婚证明、户口簿；3、房地产证；4、约定变更协议或赠与合同（赠与合同需经公证）；5、税务部门出具相关税款免征的批复或完税凭证；6、其他必要材料。属转移登记情形的：依据财税【2009】111号文、国税发【2006】144号文、财税【2009】78号文、【财税2011】82号文规定，申请需提交税务部门出具相关税款（营业税、个人所得税、契税）免征税（不征税）的批复；印花税按计税价格（赠与合同或原购房价格）的0.05%计税；夫妻婚前财产，婚后加名，不需要缴纳印花税。属变更登记情形的：依据财税【2011】82号文规定，申请人需提交税务部门出具相关税款免征契税的批复。上述登记需收取登记费50元及房地产证贴花5元。上述转移和变更登记涉及税款减免的，按照有关规定办理减免手续。二、房地产买卖的，有关当事人需共同前往登记部门申请办理转移登记，需缴纳的税费如下：营业税、城市建设维护税及教育费附加、个人所得税、契税、土地增值税、印花税、登记费（申请人为个人的，按每证50元收取）、房地产交易服务费（商品房住宅的房地产交易服务费按6元/平方米收取）、《房地产证》贴花（按5元/本收取）。另深圳市房地产权登记中心为我市房地产权登记机关，代征房地产转移过程中的相关税费。涉及税费问题，建议前往税务主管部门咨询，具体情况以办理时为准。如有疑问，当事人可携带相关资料前往登记部门具体咨询或拨打96508888进行咨询。感谢您的来访！
"
26022,如何在房产证上加父母名字,深圳市规划和国土资源委员会,2012.10.25,2012.11.08,"你好，我已婚，深户，房产证上是我一个人的名字，现在想把父母（均为非深户）名字加到房产证上面，请问需要什么手续？费用大概是多少？
","您好！房地产权利人所占份额改变的，可根据实际情况按""买卖""或""赠与""方式进行，所需材料和流程可登陆深圳市规划和国土资源委员会网站进行了解。涉及税费相关情况建议登陆税务部门网站进行了解，具体情况以办理时为准。另根据《关于进一步贯彻落实国务院文件精神坚决遏制房价过快上涨的补充通知》（深府办〔2010〕82号），对于本市户籍居民家庭（含部分家庭成员为本市户籍居民的家庭），限购2套住房；对于能够提供在本市1年以上纳税证明或社会保险缴纳证明的非本市户籍居民家庭，限购1套住房。暂停在本市拥有2套以上（含2套）住房的本市户籍居民家庭、拥有1套以上（含1套）住房的非本市户籍居民家庭、无法提供在本市1年以上纳税证明或社会保险缴纳证明的非本市户籍居民在本市购房。对境外机构和个人购房，严格按照有关政策执行。自本通知发布之日起，所有商品住房交易必须执行本通知规定。交易时间的认定，以在本市房地产主管部门信息系统网签购房合同的时间为准。我市将继续严格执行上述规定，对于非本市户籍居民家庭购房时提供纳税缴纳证明的，必须符合最近连续12个月以上且不含补缴的条件；对于提供社保缴纳证明的，必须符合下列条件之一：一是最近连续缴纳12个月以上养老保险并医疗保险、二是最近连续缴纳12个月以上养老保险并工伤保险、三是最近连续缴纳12个月以上医疗保险并工伤保险。如有疑问，当事人可携带相关资料前往登记部门详询或拨打16820000、96508888进行咨询。感谢您的来访！
"
26096,房屋产权变更,深圳市规划和国土资源委员会,2012.08.15,2012.08.29,"您好，我本人是深圳户口，2007年在龙岗区购得一套一房一厅的二手房，但当时的房产证是我和我父亲两个的名字。现在我想将我那一半产权也过户给父亲，请问具体应该如何操作呢？买房时的贷款是用我的名字贷的，另外父亲的户口不在深圳。谢谢
","您好！一、房地产抵押期间，抵押人转让抵押房屋的所有权，申请房屋所有权转移登记的，需取得抵押权人同意抵押房屋转让的书面文件。二、房地产权利人改变的，需办理转移登记，所需材料和流程可登陆深圳市规划和国土资源委员会网站进行了解。税费相关情况可登陆税务部门网站进行了解，具体情况以办理时为准。如有疑问，当事人可携带相关资料前往登记部门详询或拨打16820000、96508888进行咨询。感谢您的来访！
"
26097,在在房产证上加上另一方的名字,深圳市规划和国土资源委员会,2012.08.16,2012.08.29,"??? 几个问题： ??? 1、房产证加上夫妻另一方的名字需要哪些证件？ ??? 2、房产登记中心周末是否办公？ ??? 3、是夫妻一方到场带齐证件即何还是夫妻双方必需同时到场？ ? ??? 以上问题请解答，谢谢！
","您好！一、婚前登记在一方名下的房地产变更为双方（共同或按份）共有或另一方所有的；婚后约定为一方所有且登记在一方名下的房地产变更为双方（共同或按份）共有或另一方所有的；婚后登记在双方名下的房地产变更为一方所有的；婚后登记在一方名下的房地产变更为另一方所有的，有关当事人需共同前往深圳市房地产权登记中心申请办理转移登记。婚后登记在一方名下的房地产变更为双方（共同或按份）共有的，有关当事人需共同前往深圳市房地产权登记中心申请办理变更登记。属变更登记情形的申请，办理时登记部门在产权系统核查该房产是否确属夫妻关系存续期间双方共有，如之前有协议约定为一方所有的，按转移登记办理。二、需提交的材料如下：1、《转移登记申请表》或《变更登记申请表》；2、身份证明材料，包括：身份证、结婚证明、户口簿；3、房地产证；4、约定变更协议或赠与合同（赠与合同需经公证）；5、税务部门出具相关税款免征的批复或完税凭证；6、其他必要材料。三、我委登记中心按照国家法定工作时间，即星期一至星期五，对外受理房地产权登记业务。如有疑问，当事人可携带相关资料前往登记部门详询或拨打16820000、96508888进行咨询。感谢您的来访！
"
26184,南油B区改造问题-强烈要求,深圳市规划和国土资源委员会,2012.06.04,2012.06.15,"南油b区什么时候拆迁改造，环境太差，人员杂乱，严重影响生活质量和城市形象！
","吴先生：??? 您好！来电关于要求对“南油B区”进行改造的相关问题收悉，经核查，您所反映的问题答复以下：??? 您所提出的“南油B区”为旧住宅区，我委目前尚未收到该区域位置的城市更新计划申报申请，根据《深圳市城市更新办法实施细则》，以旧住宅区为主的城市更新单元，应当由区政府组织开展现状调研、城市更新单元拟订、意愿征集、可行性分析等工作，由区城市更新职能部门申报。因此，您可按相关规定程序提出申请。??? 感谢您对规划国土工作的关注和支持！
"
26191,如何开首套房证明,深圳市规划和国土资源委员会,2012.05.23,2012.06.08,"?? 想问一下如何办理首套房证明，我户口在福田区，最近想在湖北老家贷款买房，银行那边需要这个证明。请问办理这个证明需要什么材料，另外办理这个证明的部门地址在哪里，上班时间是咋样的，周末会上班吗，谢谢！
","经与此信访人每天都联系，但电话始终处于语音状态，因此只能将他所提问题在此答复：信访人咨询要办理房屋产权信息查询只需本人带上其身份证原件到罗湖区爱国路3046号惠名大厦1楼市房地产权档案查询窗口办理即可。上班时间是周一至周五的正常上班时间，周末不上班。
"
26194,房地产预售备案流程,深圳市规划和国土资源委员会,2012.05.19,2012.06.04,"你好,请问目前期房预售备案的相关流程与法规文件.我在相关网站上找不到相关文件.能够告诉我怎样查询相关文件.或者直接mail给我相关文件.已经签""预售合同"",如果准业主要改名,该怎样办理?谢谢.
","龚锦华先生：??? 来电收悉。现将有关问题答复如下：??? 一、《关于规范合同备案、合同解除及重新开通售房系统操作程序的通知》深国房[2005]254号规定了预售商品房备案的相关流程。该通知属原国房局内部文件，不能提供给你。??? 二、根据深国房[2005]254号文件精神，对于已经签订的预售合同，如果业主要改名，由买卖双方向主管部门申请，待主管部门批准同意解除后，再重新签订预售买卖合同。其中，解除预售买卖合同分以下两种情形：1、对于尚未备案的预售合同，买卖双方向主管部门申请解除合同时，应提交以下资料：申请书、申请人身份证明、解除原预售买卖合同协议书以及原预售买卖合同等；2、对于已备案的预售合同，买卖双方向主管部门申请解除预售合同时，除提交第一种情形规定的资料外，还要提交仲裁机构或法院裁定的解除原预售买卖合同的裁定书和协助执行通知书。??? 此复
"
26253,母子转名要什么手续,深圳市规划和国土资源委员会,2012.04.22,2012.04.28,"你好，请问，现在有一套商品房是写我妈的名字，我妈是香港户口，我是深圳户口，这样转我的名字要什么手续资料？要多少钱？另外，过段时间我也拿香港身份证，那到那时候转我自己名字要什么手续和资料，要多少钱？我拿香港身份证后，再把我妈的名字转我的名字要什么资料，多少钱？谢谢。
","您好！一、房地产买卖的，有关当事人需共同前往登记部门申请办理转移登记，所需材料和流程可登陆深圳市规划和国土资源委员会网站进行了解；税费相关情况可登陆税务部门网站进行了解，具体情况以办理时为准。另根据《关于进一步贯彻落实国务院文件精神坚决遏制房价过快上涨的补充通知》（深府办〔2010〕82号），自2010年9月30日起，因商品住宅交易（以在本市房地产主管部门信息系统网签购房合同的时间为准），向市房地产权登记中心申请预售房地产备案、房地产二级转移（一手房现售）登记和房地产三级转移（二手房交易）登记的，购房人除提交原规定的登记申请资料外，还应提交以下资料：1、本市户籍居民和非本市户籍居民应填写《家庭成员情况申报表》；2、已婚、离异和未成年人应提交家庭成员的户口簿和身份证，已婚的还应提交结婚证；离异的还应提交离婚证明；3、非本市户籍居民，应提交主管部门出具在本市1年以上纳税证明或交纳社会保险的证明文件；4、年满18岁未到法定结婚年龄（女20、男22）的居民应提交身份证，已到法定结婚年龄的未婚居民，还应提交户籍所在地民政部门出具的未婚证明。5、户口簿、结婚证和离婚证明复印件需核验原件，购房人以外的其他家庭成员应提交身份证复印件。二、根据《关于进一步贯彻落实国务院文件精神坚决遏制房价过快上涨的补充通知》（深府办〔2010〕82号），对于本市户籍居民家庭（含部分家庭成员为本市户籍居民的家庭），限购2套住房；对于能够提供在本市1年以上纳税证明或社会保险缴纳证明的非本市户籍居民家庭，限购1套住房。暂停在本市拥有2套以上（含2套）住房的本市户籍居民家庭、拥有1套以上（含1套）住房的非本市户籍居民家庭、无法提供在本市1年以上纳税证明或社会保险缴纳证明的非本市户籍居民在本市购房。对境外机构和个人购房，严格按照有关政策执行。 自本通知发布之日起，所有商品住房交易必须执行本通知规定。交易时间的认定，以在本市房地产主管部门信息系统网签购房合同的时间为准。三、根据深国房[2007]254号《关于规范境外机构和境外个人购买商品房的通知》，境外个人（不包括港澳台地区居民和华侨）在境内工作、学习超过一年，并只能购买一套用于自住的商品房（住宅类）；港澳台地区居民和华侨只能购买一套用于自住的商品房（住宅类），法律另有规定的除外。境外个人（包括港澳台地区居民和华侨）除提交规定的文件外，还应分别提交以下材料：1、境外个人有限身份证明；2、一年期以上的境内劳动雇佣合同、《就业证》或学籍证明（港澳台地区和华侨不用提供此款材料）；3、境外个人（包括港澳台地区居民和华侨）提供的承诺书，承诺书内容包括此次所购为唯一住宅类商品房，并为自住用途。如有疑问，当事人可携带相关资料前往登记部门详询或拨打16820000、96508888进行咨询。感谢您的来访！
"
26273,房产加名？,深圳市规划和国土资源委员会,2012.04.10,2012.04.19,"你好！是这样，我们婚前买了一套房，当时只写了一方的名字，，房产是一次性付清（红本在手）。现在想加上另一方的名字，应该怎么办理，需要些什么证件，在哪里办理？谢谢！！
","您好！一、婚前登记在一方名下的房地产变更为双方（共同或按份）共有或另一方所有的；婚后约定为一方所有且登记在一方名下的房地产变更为双方（共同或按份）共有或另一方所有的；婚后登记在双方名下的房地产变更为一方所有的；婚后登记在一方名下的房地产变更为另一方所有的，有关当事人需共同前往深圳市房地产权登记中心申请办理转移登记。婚后登记在一方名下的房地产变更为双方（共同或按份）共有的，有关当事人需共同前往深圳市房地产权登记中心申请办理变更登记。属变更登记情形的申请，办理时登记部门在产权系统核查该房产是否确属夫妻关系存续期间双方共有，如之前有协议约定为一方所有的，按转移登记办理。二、需提交的材料如下：1、《转移登记申请表》或《变更登记申请表》；2、身份证明材料，包括：身份证、结婚证明、户口簿；3、房地产证；4、约定变更协议或赠与合同（赠与合同需经公证）；5、税务部门出具相关税款免征的批复或完税凭证；6、其他必要材料。深圳市房地产权登记中心地址：特区内为罗湖区北环大道1022号金湖文化中心大厦；宝安登记点：宝安区20区前进一路293号原市国土房产局宝安分局；龙华登记点：宝安区龙华街道龙环二路181号；龙岗登记点：龙岗区中心城留学生创业园C栋原龙岗区土地房产交易中心；布吉登记点：布吉街道吉政路19号；光明登记点：光明新区光明街道法政路原市国土房产光明分局；坪山登记点：坪山新区龙坪路6号。如有疑问，当事人可携带相关资料前往登记部门详询或拨打16820000、96508888进行咨询。感谢您的来访！
"
26276,咨询深圳湾片区规划,深圳市规划和国土资源委员会,2012.04.11,2012.04.19,"南山区深圳湾片区有个楼盘---鸿威海怡湾，在该楼盘的南侧有块空地，据说是社区医疗配套用地，现在该地空着，请问该地是否医疗配套用地？因其片区缺少医疗配套，希望该地尽快落实。
","?咨询区域位于【后海湾-东角头地区】法定图则（草案）范围，该图则目前处于草案阶段，图则草案在科苑大道南侧，中心大道东侧规划一所500床综合医院。目前该地块属于国有储备用地，尚未出让。
"
26288,咨询 南山桃苑公寓 是否能变更为70年产权,深圳市规划和国土资源委员会,2012.03.09,2012.04.12,"南山区学府路桃苑公寓是50年产权，旁边愉康大厦已自动转为了70年产权。我想咨询一下桃苑公寓的红本房产证是否可以转为70年产权，如果可以，需要走些什么流程来办理，希望相关部门给予回复。?
","信访人：??? 您好！来电关于咨询南山桃苑公寓是否能变更为70年产权问题收悉，经核，您反映的问题答复以下：??? 经查，桃苑公寓位于南山区南山大道西、学府路北，宗地号为T202-0084。该用地未签订用地合同,根据《深圳市人民政府关于土地使用权出让年期的公告》，不能顺延为70年。???? 感谢您对规划国土工作的关注和支持！
"
26320,无房产证明,深圳市规划和国土资源委员会,2012.03.16,2012.03.29,"本人福田莲花北，无房产。请问到哪儿开具无房产证明。谢谢！
","? 本人带身份证原件到以下列表所示14个点办理均可。如与上述查询条件不相符的情况，请打电话查询。 1, 惠名大厦, 罗湖区爱国路3046号惠名大厦一楼, 25985367 25987430； 2, 房地产权登记中心, 罗湖区北环大道1022号金湖文化中心大厦, 0755-96508888； 3, 宝安登记点, 宝安区30区前进一路293号（东方明珠酒店对面）,0755-96508888； 4, 龙华登记点, 宝安区龙华街道龙环二路（东环二路）181号, 0755-96508888； 5, 龙岗登记点, 龙岗中心城吉祥路城市花园二期1栋（818路汽车总站对面）,0755-96508888； 6, 布吉登记点, 布吉街道吉政路19号, 0755-96508888； 7, 光明登记点, 光明新区光明街道法政路原市国土房产局光明分局, 0755-96508888； 8, 第一直属管理局, 福田区新闻路69号山水大厦一楼, 83139024； 9, 第二直属管理局, 南山区深南大道10138号, 26978413； 10, 宝安管理局, 宝安区30区前进一路293号规划国土服务窗口, 27820114； 11, 龙岗管理局, 龙岗中心城行政路2号建设大厦一楼, 28918990； 12, 滨海管理局, 盐田区沙头角海景路10号, 25356025； 13, 光明管理局, 光明新区观光路3009号, 88219832； 14, 坪山管理局, 坪山新区龙坪路6号, 28297853。
"
27186,房产过户所需材料,深圳市规划和国土资源委员会,2010.10.14,2010.10.26,"现办理房产过户，需要买房携带哪些材料？谢谢！
","您好！房地产转移的，有关当事人需共同前往登记部门申请办理转移登记，所需具体材料和流程可登陆深圳市规划和国土资源委员会网站进行了解。另根据《关于进一步贯彻落实国务院文件精神坚决遏制房价过快上涨的补充通知》（深府办〔2010〕82号），自2010年9月30日起，因商品住宅交易（以在本市房地产主管部门信息系统网签购房合同的时间为准），向市房地产权登记中心申请预售房地产备案、房地产二级转移（一手房现售）登记和房地产三级转移（二手房交易）登记的，购房人除提交原规定的登记申请资料外，还应提交以下资料：1、本市户籍居民和非本市户籍居民应填写《家庭成员情况申报表》；2、已婚、离异和未成年人应提交家庭成员的户口簿和身份证，已婚的还应提交结婚证；离异的还应提交离婚证明；3、非本市户籍居民，应提交主管部门出具在本市1年以上纳税证明或交纳社会保险的证明文件；4、年满18岁未到法定结婚年龄（女20、男22）的居民应提交身份证，已到法定结婚年龄的未婚居民，还应提交户籍所在地民政部门出具的未婚证明。5、户口簿、结婚证和离婚证明复印件需核验原件，购房人以外的其他家庭成员应提交身份证复印件。感谢您的来访！
"
27187,房产证改名,深圳市规划和国土资源委员会,2010.10.14,2010.10.26,"尊敬的领导你们好，我想咨询一下，我父亲有一套房子想转给我，想知道一下详细的办事流程与办法，谢谢。
","您好！房地产转移的，有关当事人需共同前往登记部门申请办理转移登记，所需具体材料和流程可登陆深圳市规划和国土资源委员会网站进行了解。另根据《关于进一步贯彻落实国务院文件精神坚决遏制房价过快上涨的补充通知》（深府办〔2010〕82号），对于本市户籍居民家庭（含部分家庭成员为本市户籍居民的家庭），限购2套住房；对于能够提供在本市1年以上纳税证明或社会保险缴纳证明的非本市户籍居民家庭，限购1套住房。购房人除提交原规定的登记申请资料外，还应提交以下资料：1、本市户籍居民和非本市户籍居民应填写《家庭成员情况申报表》；2、已婚、离异和未成年人应提交家庭成员的户口簿和身份证，已婚的还应提交结婚证；离异的还应提交离婚证明；3、非本市户籍居民，应提交主管部门出具在本市1年以上纳税证明或交纳社会保险的证明文件；4、年满18岁未到法定结婚年龄（女20、男22）的居民应提交身份证，已到法定结婚年龄的未婚居民，还应提交户籍所在地民政部门出具的未婚证明。5、户口簿、结婚证和离婚证明复印件需核验原件，购房人以外的其他家庭成员应提交身份证复印件。感谢您的来访！
"
29452,城中村改造商铺补偿,深圳市规划和国土资源委员会,2008.12.19,2008.12.24,"请问城中村改造我们商铺是转让过来的，有没有补偿？
","有关拆迁补偿不属我局业务，请直接与相关主管单位联系。感谢你对我市规划管理工作关注。
"
29461,明治街道咋这么牛呢,深圳市规划和国土资源委员会,2008.11.23,2008.12.24,"明治街道太牛了  把偌大一个变压站建在密集的小区门口。 没有进行任何公示把工地密封起来，进行施工。 然后打电话给周围小区，我们要建了（实际已经开工）在装模作样的来个征求意见！
","? 一、110千伏沙园埔变电站为全户内式GIS布置，变电站建筑离皓月花园最近住宅楼约49米。??? 二、项目是根据上层次规划《宝安区中部综合组团分区规划（2005-2020）》确定的变电站。??? 三、根据国家相关要求对新建变电站在投产运营前必须经过环保部门按照国家相关规范进行工程验收，符合要求才可以投产，该变电站已通过环评。电磁污染、低频噪音等相关问题，可以向供电部门、环保部门咨询。??? 感谢您对我市规划管理工作的关注！ ?
"
29539,旧城村改造,深圳市规划和国土资源委员会,2008.11.25,2008.12.04,"你好，我想咨询龙岗区坂田自然村旧改的范围，请问坂田西村，和坂田大同街是不是属于坂田自然村的旧村改造范围，因为坂田村里的村干部说：坂田西村以前在旧改范围内，但是现在说不在自然村改造范围内取消了？？可是坂田街道城建办又说是在旧改范围，我都不知道哪个答案才对了，请你们明确答复我好吗？谢谢了！！！！！
","有关旧城改造事宜，请直接与主管部门（辖区旧改办）联系。感谢你对我市规划管理工作关注。?????????????????
"
31508,关于土建助理工程师评定,深圳市规划和国土资源委员会,2008.03.09,2008.03.26,"深圳市规划局各位领导: 我是一名06年毕业的本科工民建专业的学生,到现在已经快2个年头了,而且有一定的土建工程施工的经验了,但是由于我以前就读的学校是一所私立院校,可能毕业证书国家教育部门不承认,但是在学校的网站上可以查询的到,我目前这个证书的状态卡住了关于我想申请助理工程师的申请,我想请问我的这个证书是否可以去申请深圳的土建助理工程师?如果可以的话那么申请的形似是什么?是否可以通过公司申请?因为我所在的建筑公司有评定助理工程师的资质,如果不可以那么我是否可以通过一考代评的形式来申请助理工程师的资格?如果还不可以那么请问我有没有最快的正常法律渠道可以申请助理工程师的评定?因为如果要在从新去学习的话最少还是要三年时间,所以我目前没有那么多的时间和精力全部用在学习上,公司也是因为这个学历没有申请助理工程师而一直没有和我签订正式的劳动合同而只是签订了劳务合同,希望规划局的领导可以给我一个详细的解答,也希望规划局的领导能给我一些帮助和指导
		","你好，关于建筑类助理工程师取得有关信访咨询，现答复如下：根据深圳市现行有关政策，专业技术人员取得助理工程师资格有两种方式 ：（1）具有我市户籍或在我市暂住一年以上，并且在国家教育行政管理部门注册备案的全日制大、中专院校的毕业生及广东省高等自学考试的毕业生，取得国家承认的中专及以上学历，可向市人事局申请办理核准大中专毕业生专业技术资格初次认。其中，本科毕业后，在专业技术岗位从事本专业技术工作1年以上，取得业绩，即可向市人事局申请认定助理级专业技术资格。 （2）具有我市户籍或在我市暂住一年以上（提供合同或暂住证）的非全日制本科毕业生，要取得助理级专业技术资格 ，必须符合以下条件：，在专业技术岗位从事本专业技术工作1年以上；取得业绩；参加深圳市建筑工程专业技术资格评审专业考试合格；计算机考试合格，方可向相关专业技术资格评委会申报评审助理级专业技术资格。通过专家评审后，由深圳市人事局核发专业证书。深圳市专业技术人员的技术资格的管理由深圳市人事局负责，我局只是受人事局的委托负责建筑工程专业技术资格的评委会的有关工作。更多指引请登陆深圳市人事局网站查索。多谢你的来信。
		
		"
33169,公园内乱搭建,深圳市规划和国土资源委员会,2007.07.22,2007.08.01,"金稻田路和金州路交叉点内测有个三角型的小型市政绿地，从今年年初就有人在靠近港鹏新村边缘建了两处建筑，目前该处建筑即将完工。请问这两处建筑经过有关部门批准没有，是作何用途？是违建吗？
		","根据您的描述，无法明确该地块的定位。 感谢您对我市规划管理工作的关注。
		
		"
33852,龙珠大道郊野公园的塘朗山下不宜再规划项目,深圳市规划和国土资源委员会,2006.11.22,2006.12.07,"郊野公园的塘朗山下不宜再规划项目今年7月初，深圳市公布国内首个《深圳市基本生态控制线划定方案》(简称《方案》)。规定六类属于基本生态控制线内的土地类型，其中包括“一、一级水源保护区、风景名胜区、自然保护区、集中成片的基本农田保护区、森林及郊野公园；二、坡度大于25％的山地以及特区内海拔超过50米、特区外海拔超过80米的高地。”据悉，作为特区内郊野公园的塘朗山当属此列，而城市假日二期开发商谢姓经理则称二期工程处于塘朗山山道以下，不属于郊野公园的范围。17日下午，深圳市勘察研究院有限公司余姓工作人员对照塘朗山地区图纸，称1－5－5(T409－0066)地块(即城市假日二期工程)上有些地块坡地高度超过海拔50米，“工地的西边有的到了56米”，但他否认了业主们指称的该地块山体坡度大于25％的说法。深圳市市长许宗衡上任之初，第一个视察的政府部门即规划部门，他强调，必须以对人民负责、对城市负责、对历史负责的态度，以科学的方法、开阔的视野、先进的理念做好城市规划，力争使城市规划不留败笔、不留遗憾、不留骂名，使之经得起实践和历史的检验。家住水木华庭的国家二级作曲家殷均乐在一篇《我们的渴望》的文章中希望：这块空地，让它成为像莲花山脚下那块草坪地，也让我们的孩子去放放风筝、踢皮球，让老人去摆摆手、伸伸胳膊扭扭腰，做健身操、扇子舞，让情侣们坐在草坪谈谈情说说爱。二期建在水木华庭后面，开发商说7/ 8栋后面（西面，与国家工商学院之间山坡）是塘朗山公园的另一个项目，不是城市假日的地！我们认为城市假日二期是一回事，难道政府还有新的破坏性划？？？难道7/8栋后面的坡地还有项目，政府不会做这般让民众寒心的事情吧？求求你们了，规划部门！给子孙后代留点吧！我建议二期尽快动工，并严格做好山体绿化,楼层必须控制在十二层以下。西面的坡体不能再规划任何建筑！否则就是严重犯罪和失职！发展商应出资做好二期与工商行政学院之间西面的山体美化!
		","根据您信访中的描述，我们判断您所说的地块应该是宗地号T409-0019，法定图则规划编号是1-5-1地块。此地块不属于城市假日项目的用地。根据规划，此地块的用途是二类居住用地。 谢谢您对规划工作的关心和支持。
		
		"
33853,龙珠大道郊野公园的塘朗山下不宜再规划项目,深圳市规划和国土资源委员会,2006.11.22,2006.12.07,"郊野公园的塘朗山下不宜再规划项目今年7月初，深圳市公布国内首个《深圳市基本生态控制线划定方案》(简称《方案》)。规定六类属于基本生态控制线内的土地类型，其中包括“一、一级水源保护区、风景名胜区、自然保护区、集中成片的基本农田保护区、森林及郊野公园；二、坡度大于25％的山地以及特区内海拔超过50米、特区外海拔超过80米的高地。”据悉，作为特区内郊野公园的塘朗山当属此列，而城市假日二期开发商谢姓经理则称二期工程处于塘朗山山道以下，不属于郊野公园的范围。17日下午，深圳市勘察研究院有限公司余姓工作人员对照塘朗山地区图纸，称1－5－5(T409－0066)地块(即城市假日二期工程)上有些地块坡地高度超过海拔50米，“工地的西边有的到了56米”，但他否认了业主们指称的该地块山体坡度大于25％的说法。深圳市市长许宗衡上任之初，第一个视察的政府部门即规划部门，他强调，必须以对人民负责、对城市负责、对历史负责的态度，以科学的方法、开阔的视野、先进的理念做好城市规划，力争使城市规划不留败笔、不留遗憾、不留骂名，使之经得起实践和历史的检验。家住水木华庭的国家二级作曲家殷均乐在一篇《我们的渴望》的文章中希望：这块空地，让它成为像莲花山脚下那块草坪地，也让我们的孩子去放放风筝、踢皮球，让老人去摆摆手、伸伸胳膊扭扭腰，做健身操、扇子舞，让情侣们坐在草坪谈谈情说说爱。二期建在水木华庭后面，开发商说7/ 8栋后面（西面，与国家工商学院之间山坡）是塘朗山公园的另一个项目，不是城市假日的地！我们认为城市假日二期是一回事，难道政府还有新的破坏性划？？？难道7/8栋后面的坡地还有项目，政府不会做这般让民众寒心的事情吧？求求你们了，规划部门！给子孙后代留点吧！我建议二期尽快动工，并严格做好山体绿化,楼层必须控制在十二层以下。西面的坡体不能再规划任何建筑！否则就是严重犯罪和失职！发展商应出资做好二期与工商行政学院之间西面的山体美化!
		","根据您信访中的描述，我们判断您所说的地块应该是宗地号T409-0019，法定图则规划编号是1-5-1地块。此地块不属于城市假日项目的用地。根据规划，此地块的用途是二类居住用地。 谢谢您对规划工作的关心和支持。
		
		"
33854,南山实验学校附近是否会因为建地铁而拆迁,深圳市规划和国土资源委员会,2006.11.27,2006.12.07,"您好,麻烦您,我要咨询一下,最近拟在南山实验学校附近买房,政府关于这附近建造地铁的用地是否有规划?不要让我们买了房又要拆迁.请您尽快回复.谢谢.
		","关于地铁沿线建设涉及的拆迁问题，我们咨询了相关的地铁项目组。目前通向南山的地铁线路应该是地铁一号线的延长线。该部分线路的具体设计方案尚未出台。根据经验，地铁施工涉及到的拆迁量不大，主要是场站以及出入口需要拆迁。您的问题可待该线路具体方案出台后再详细解答。 感谢您对我市规划管理工作的关注。
		
		"
33855,62---200606204报告的批复情况,深圳市规划和国土资源委员会,2006.11.28,2006.12.07,"关于城东街旧城改造报告批复情况
		","您好，经查62-20060204《关于请求批准城东街业主自有产权和土地使用权的旧住宅区整体改造重建的请示》目前状态为办理之中。 感谢您对我市规划管理工作的关注。
		
		"
33856,城市发展,深圳市规划和国土资源委员会,2006.11.24,2006.12.07,"
","深圳近期建设规划请参阅网址: http://www.szplan.gov.cn/main/jq/ssjh/index.htm. 感谢您对我市规划管理工作的关注。
		
		"
33857,请问丽湖花园路口是否修高架桥,深圳市规划和国土资源委员会,2006.11.24,2006.12.07,"我们是附近的居民，不知丽湖路口是否在修高架桥或较高的立交桥，担心噪音干扰我们的生活。谢谢！
		","您好！ 布龙、布沙路现状为公路，近期正按城市主干道的标准实施改造。经了解，为了解决现状吉华路、布龙路、三联路之间左转方向交通联系不便问题，在该道路(龙沙路)的改造设计中，已在龙沙路的吉华路和三联路口处设计一菱形立交，以解决该处的交通问题。关于该道路的具体问题，请迳向道路建设方-龙岗区建筑工务局咨询。 感谢您对城市规划工作的关注和支持。
		
		"
33858,想知道地铁4号线的情况,深圳市规划和国土资源委员会,2006.11.24,2006.12.07,"你好！ 地铁4号线已开工建设，想知道沿线经过哪些地方、设站的具体位置，请您把有关详细的介绍或线路图发给我好吗？十分感谢！！
","地铁4号线的详细介绍和线路走向已进行过公示。其规划线路从少年宫站向北引出，穿过莲花山至彩田村西缘，设莲花北站；沿宏威路向北穿过北环路至上梅林片区，设梅林站；穿越大脑壳山至梅林检查站，再沿龙华扩展区上塘路向北，经白石龙、龙华火车站、龙华中心区、上塘等后，折向东北进入龙华镇和平路，沿和平路经车辆段站和龙华镇中心站后，至终点龙华新城中心站。感谢您对我市规划工作的支持与关注。5/12
		
		"
33859,网站的电子地图没有“南坪快速”干道,深圳市规划和国土资源委员会,2006.11.24,2006.12.07,"网站的电子地图没有“南坪快速”干道，应该及时更新。
		","目前，我们已及时更新外网数据库。 感谢您对我市规划管理工作的关注。
		
		"
