276,深圳市计划生育服务管理办法4月会出台吗,深圳市人民政府法制办公室,2017.04.18,2017.05.02,"原先的计划生育条例3月21日已经废除，但《深圳市计划生育服务管理办法》却难产，已经征求意见这么长了，却迟迟不出台，政府的效率能否提高？争取在4月出台！！！！
		","鲁先生:
您好!您的咨询（查询编号：20170418-7965-6143209）收悉。经研究，现答复如下：
您咨询的“深圳市计划生育服务管理办法4月会不会出台”的问题，目前《深圳市计划生育服务管理办法》（以下简称《办法》）正在审查论证中，待《办法》修改完善后提请市政府常务会议审议，待市政府常务会议审议通过后，将以政府令的形式颁布实施。
感谢您对政府法制工作的关心。
?
深圳市法制办
2017年5月2日
"
771,fzb@sz.gov.cn邮箱问题,深圳市人民政府法制办公室,2017.04.12,2017.04.20,"按照深圳市政府法制办的网页公开邮箱，我4月4日给您fzb@sz.gov.cn发送了行政复议申请书，8天来发现你们没有打开或给我回执，麻烦查看邮箱。该复议不好纸质邮寄，涉及证据无法打印。请邮箱回复我你们是否收到该复议。谢谢
		","晋华珍：
你向我办咨询（编号20170412-3280-6128078）你通过公开邮箱fzb@sz.gov.cn发送的行政复议申请书本办是否收到，现答复如下：
经查，我办未收到你通过邮箱fzb@sz.gov.cn发送的行政复议申请书。目前，我市尚未建立网上申请行政复议的平台，不能通过网上申请行政复议。公民、法人或者其他组织可以通过以下两种方式提起的行政复议：一、现场提交行政复议申请材料；二、邮寄提交行政复议申请材料。我办行政复议收案室地址：深圳市福田区同心路1号深圳市信访大厅B103室，联系电话：0755-88132145。请你按照上述两种方式择一依法提起行政复议。
此复。
?
?
?????????????????????深圳市人民政府法制办公室
???????????????????????????? 2017年4月17日
"
1032,关于生育一孩办理积分入户是否还要开具计划生育证明,深圳市人民政府法制办公室,2017.04.04,2017.04.13,"请问计划生育条例废止后，已生育一孩办理积分入户，还需要开计划生育证明吗？
		","卢晓云:
您好! 您的咨询（查询编号：20170404-5716-6113526）收悉。经研究，现答复如下：
您咨询的已生育一孩办理积分入户，是否需要开计划生育证明的问题，目前我市有关计生政策按照《中华人民共和国人口与计划生育法》和《广东省人口与计划生育条例》等执行，积分入户是否还要计生证明按现行相关有效规定执行，具体事宜请径向相关业务主管部门咨询。
感谢您对政府法制工作的关心。
?
深圳市法制办
2017年4月12日
"
1053,求《深圳市卫生和计划生育服务管理的若干办法》出台时间,深圳市人民政府法制办公室,2017.04.05,2017.04.13,"请问一下，最新的《深圳市卫生和计划生育服务管理的若干办法》什么时候出台？ 目前，深圳市人力资源局已经取消了超生罚款满5年可积分入户的规定，与深圳市卫计委关于超生罚款满5年的规定相冲突。
		","袁先生:
您好!您的咨询（查询编号：20170405-0913-6115856）收悉。经研究，现答复如下：
您咨询的“最新的《深圳市卫生和计划生育服务管理的若干办法》什么时候出台”的问题，目前《深圳市计划生育服务管理办法》（以下简称《办法》）正在审查论证中，待《办法》修改完善后提请市政府常务会议审议，待市政府常务会议审议通过后，将以政府令的形式颁布实施。
感谢您对政府法制工作的关心。
?
深圳市法制办
2017年4月12日
"
1142,深圳计生条例废止,深圳市人民政府法制办公室,2017.03.24,2017.04.11,"深圳计生条例废止，但是正在休产假的妈妈，是不是可以取消15天的晚育假，还是继续享受晚育假？
		","杨丽:
您好!您的咨询（查询编号：20170324-8777-6088842）收悉。经研究，现答复如下：
关于您咨询的深圳计生条例废止，但还正在休产假的，是不是可以取消15天的晚育假还是继续享受晚育假的问题，属于对《深圳市人民代表大会常务委员会关于废止<深圳经济特区人口与计划生育条例>的决定》适用的解释。按照“谁制定、谁解释”的原则，建议您就此问题径向市人大常委会进行咨询。
感谢您对政府法制工作的关心。
?
深圳市法制办???????????????????????????????2017年4月7日
"
1143,深圳产妇职工在3月21日前已在休产假中，还能休这15天晚育假吗？,深圳市人民政府法制办公室,2017.03.24,2017.04.11,"关于《深圳经济特区人口与计划生育条例》于3月21日起废止的决定公布后，如果深圳的产妇职工已在3月21日前已经在休产假中，还能休这15天晚育假吗？（备注：该产妇职工符合晚育和计划生育政策，并且是第一胎）
		","蒙璐:
您好!您的咨询（查询编号：20170324-3260-6089500）收悉。经研究，现答复如下：
关于您咨询的在3月21日前已经在休产假中，还能不能休15天晚育假的问题，属于对《深圳市人民代表大会常务委员会关于废止<深圳经济特区人口与计划生育条例>的决定》适用的解释。按照“谁制定、谁解释”的原则，建议您就此问题径向市人大常委会进行咨询。
感谢您对政府法制工作的关心。
?
深圳市法制办
???????????????????????????????2017年4月7日
"
1152,关于超生随迁入户,深圳市人民政府法制办公室,2017.03.22,2017.04.11,"您好！本人深户，2001年生育一孩已入深户，2004年超生一孩随小孩父亲入户老家（老家已交罚款，深圳未交）。现在想问，2017年3月21日深圳已废止《深圳经济特区人口与计划生育条例》，现在小孩及其父亲能随迁入深户吗？
		","黄宝兰:
您好!您的咨询（查询编号：20170322-4764-6085586）收悉。经研究，现答复如下：
您咨询的2004年超生一孩随小孩父亲入户老家，在老家已交罚款，《深圳经济特区人口与计划生育条例》废止后，现在小孩及其父亲能否随迁入深户的问题，目前我市相关小孩随迁政策已就二孩随迁等问题作了具体规定，您咨询的能否随迁问题涉及具体业务办理事项，请径向公安部门咨询。
感谢您对政府法制工作的关心。
?
深圳市法制办
?? 2017年4月7日
"
1175,深圳市计划生育服务管理办法   颁布时间,深圳市人民政府法制办公室,2017.03.29,2017.04.11,"3月16号截止征集意见的《深圳市计划生育服务管理办法》什么时候可以颁布实施？
		","张兵:
您好!您的咨询（查询编号：20170329-8201-6103416 ）收悉。经研究，现答复如下：
您咨询的“《深圳市计划生育服务管理办法》什么时候可以颁布实施”的问题，目前《深圳市计划生育服务管理办法》（以下简称《办法》）正在进一步研究论证中，待《办法》修改完善后报请市政府常务会议审议，待市政府常务会议审议通过后，将以政府令的形式颁布实施。
感谢您对政府法制工作的关心。
?
深圳市法制办
2017年4月7日
"
1183,关于晚育假,深圳市人民政府法制办公室,2017.03.23,2017.04.11,"你好，晚育假已于3月21日开始取消，那3月21日之前已经开始休产假，现在还在休产假的员工是否可以享受晚育假？谢谢
		","刘小姐:
您好!您的咨询（查询编号：20170323-2592-6087134）收悉。经研究，现答复如下：
关于您咨询的在3月21日前已经开始休产假，现在还在休产假的员工是否可以享受晚育假的问题，属于对《深圳市人民代表大会常务委员会关于废止<深圳经济特区人口与计划生育条例>的决定》适用的解释。按照“谁制定、谁解释”的原则，建议您就此问题径向市人大常委会进行咨询。
感谢您对政府法制工作的关心。
?
深圳市法制办
???????????????????????????????2017年4月7日
"
1188,二胎随迁,深圳市人民政府法制办公室,2017.03.29,2017.04.11,"现在二胎随造，需要提供计划生育证明吗，还需要接受罚款吗？现在最新的关于人口与计划生育条例的文件有吗？
		","胡善英:
您好! 您的咨询（查询编号：20170329-3866-6100769）收悉。经研究，现答复如下：
一、关于计划生育证明及是否接受罚款的问题
您咨询的二胎随迁是否需要提供计划生育证明的问题，目前我市有关计生政策按照《中华人民共和国人口与计划生育法》和《广东省人口与计划生育条例》等执行，随迁是否还要计生证明按本市相关户籍迁入规定执行。关于您提出的是否需要接受罚款的问题，如涉及超生，按照超生时有效的规定应当缴纳社会抚养费，具体事宜请径向市卫生和计划生育委员会咨询。
二、关于最新的人口与计划生育条例的文件问题
2017年3月21日，深圳市第六届人民代表大会常务委员会第十五次会议审议并通过了《深圳市人民代表大会常务委员会关于废止<深圳经济特区人口与计划生育条例>的决定》（以下简称《决定》），《决定》已于2017年3月21日起施行。
为了实施《中华人民共和国人口与计划生育法》、《广东省人口与计划生育条例》，市卫生计生委起草了《深圳市计划生育服务管理办法》（以下简称《办法》）报我办审查，目前该《办法》正在进一步研究论证中，待《办法》修改完善后报请市政府常务会议审议，待市政府常务会议审议通过后，将以政府令的形式颁布实施。
感谢您对政府法制工作的关心。
?
深圳市法制办
2017年4月10日
"
1348,咨询被申请人变相阻挠行政复议，申请人如何维权等事宜,深圳市人民政府法制办公室,2017.03.27,2017.04.07,"深圳市人民政府法制办公室： 在行政复议期间，被申请人变相阻挠公民依法申请行政复议、进行报复陷害的，请问申请人应该如何维护自己的权益？ 行政复议决定做出后，被申请人在规定期限内未按照行政复议决定要求重新作出具体行政行为，申请人是否应再次提出行政复议?若不应该再次提起行政复议，申请人应该如何维护自己的权益？
		","林彦彤：
您在网上向我办咨询被申请人变相阻挠行政复议，申请人该如何维权等事宜（查询编号：20170327-7582-6096325），现答复如下：
一、公民、法人或其他组织不服行政机关作出的具体行政行为，有权依法申请行政复议或者提起行政诉讼，任何单位和个人不得阻挠、报复陷害。您认为被申请人变相阻挠公民依法申请行政复议、进行报复陷害，由于您没有说具体情况，我办难以明确告知救济方式。
二、被申请人应当依法履行行政复议决定，被申请人不履行或者无正当理由拖延履行行政复议决定的，应当依照《行政复议法》及其实施条例的规定予以处理。
特此函复。
?
?????????????????深圳市人民政府法制办公室
2017年4月7日
"
1349,入户申请条件35岁以下包不包括35岁？,深圳市人民政府法制办公室,2017.03.29,2017.04.07,"如题入户申请条件35岁以下，满35周岁，不到36岁的还符合条件？网上没找到明确说明看广州入户条件也是35岁以下，但是他是包括的。下面是网摘：广州市发改委表示，《广州市发展改革委关于我市人口调控和服务管理有关政策执行问题的通知》(穗发改人口〔2014〕26号)中有一些内容需要明确。依照市法制办的释义，“周岁”为时间段的概念。例如：35周岁，是指从35周岁生日的第二天起至36周岁生日的第二天止的这段时间。在入户审批和复核时统一执行年龄认定标准，计算时点以申请人资料提交齐全，且审批部门予以受理之日为准。复核时，若公安部门认为申请人已超龄的，应出具复核意见，并由申请人反馈给审批部门进行确认。 麻烦给个明确的说法，刚好满了35周岁一个多月，盼复
		","范伟林：
您关于“入户申请条件35岁以下包不包括35岁”的咨询（查询编号：20170329-2178-6103378）收悉。经研究，现答复如下：
您提出的入户申请条件35岁以下，是指《深圳市人民政府关于印发深圳市户籍迁入若干规定的通知》（深府〔2016〕59号，以下简称《若干规定》）第八条规定的人才引进迁户中“具有普通高等教育专科以上学历，且年龄在35周岁以下的人员”和“具有高级职业资格，且在深圳市参加社会保险满3年以上、年龄在35周岁以下的人员”，根据上述《若干规定》第十九条“本规定所称‘以下’不包含本数，‘以上’包含本数”，第八条规定的“35周岁以下”不包含35岁。
感谢您对政府法制工作的支持。
?
?
深圳市法制办
2017年4月7日
"
1544,产假天数问题,深圳市人民政府法制办公室,2017.03.23,2017.04.01,"在废除《深圳经济特区人口与计划生育条例》之前，已经开始休产假，但尚未完毕，其是否仍可享受15天的晚育产假。
		","孙胜:
您好!您的咨询（查询编号：20170323-8715-6085655）收悉。经研究，现答复如下：
关于您提出的在《深圳经济特区人口与计划生育条例》（以下简称《条例》）废止前已经开始休产假，但未完毕，是否仍可享受15天晚育假的问题，属于对《深圳市人民代表大会常务委员会关于废止<深圳经济特区人口与计划生育条例>的决定》适用的解释。按照“谁制定、谁解释”的原则，建议您就此问题径向市人大常委会进行咨询。
感谢您对政府法制工作的关心。
?
深圳市法制办
??????????????????????????????2017年3月31日
"
1564,咨询新旧衔接处理办法,深圳市人民政府法制办公室,2017.03.20,2017.04.01,"为什么深圳市迟迟不出台关于新政出台前已出生两孩的新旧衔接的处理办法？请问深圳是否已经有所准备？
		","鲁先生:
您好!您的咨询（查询编号：20170320-3916-6078081）收悉。经研究，现答复如下：
您提出的“为什么深圳不出台关于新政出台前已出生两孩的新旧衔接的处理办法”的问题，鉴于新政出台前已出生两孩如何处理的问题属于国家、省级事权，我市无权作出规定。按照法不溯及既往的规定，新法未涉及的事项，应当按照事件发生时有效法律的规定执行。如国家、广东省今后出台关于新政出台前已出生两孩的新旧衔接的处理办法，则按国家、广东省出台的新旧衔接政策执行。
感谢您对政府法制工作的关心。
?
深圳市法制办
2017年3月31日
"
1567,对于2016年前第一胎未婚先孕怎么处理,深圳市人民政府法制办公室,2017.03.24,2017.04.01,"深圳市计生条例于3月份开始废止，新的管理办法还未出炉，我大概看了一下新的管理办法，里面规定了未婚先孕第一胎已经不再征收社会抚养费，请问这一条例是否也适用于2016年前的未婚先孕？
		","钟耿华:???? 
您好!您的咨询（查询编号：20170324-5045-6089664）收悉。经研究，现答复如下：
对于您咨询的“新的管理办法中规定的未婚先孕第一胎已经不再征收社会抚养费是否适用于2016年前的未婚先孕”的问题，《深圳市人口与计划生育服务管理办法（征求意见稿）》（以下简称《办法》）作为征求意见稿属于未经法定程序审定的建议稿，尚未发生法律效力。因此，不能将该《办法》作为不再征收社会抚养费的法定依据；同时，在《深圳经济特区人口与计划生育条例》废止后，社会抚养费的征收按照《广东省人口与计划生育条例》的有关规定执行。
感谢您对政府法制工作的关心。
?
深圳市法制办
??????????????????????????????2017年3月31日
"
1931,新的《深圳市生产经营单位安全生产主体责任规定》什么时候能颁布,深圳市人民政府法制办公室,2017.03.20,2017.03.24,"新的《深圳市生产经营单位安全生产主体责任规定》什么时候能颁布，流程如何？现在到那一步了？
		","田重东：
??? 您好！您关于咨询生产经营单位安全生产主体责任立法进展情况的来函（查询编号：20170320-1453-6078093）收悉。现将该立法进展情况答复如下：
《深圳市生产经营单位安全生产主体责任规定（草案）》（以下简称《规定》）作为市政府规章立法项目，已由市安全生产监督管理局起草并报送我办审查。我办将按照《深圳市人民政府制定规章和拟定法规草案程序规定》的规定进行审查并提请市政府审议。目前已完成公开征求意见程序，正汇总、研究来自社会各界的意见和建议，接下来将会同主管部门进行反复修改和完善，待《规定》修改完善后报请市政府常务会议审议，待市政府常务会议审议通过后，将以政府令的形式颁布实施。计划在年内完成该立法工作。
感谢您对特区立法工作的关注与支持！
此复
????????????????????????深圳市法制办
2017年3月24日
"
2084,《深圳经济特区人口与计划生育条例》（修订征求意见稿）42条是否还有效？,深圳市人民政府法制办公室,2017.03.10,2017.03.22,"该条例于2016年11月14日在政府在线上公开征求意见，但此后并未明确正式废止该条例。因此，本人二胎休产假在即，特想咨询，烦请明确一下：该条例42条是否还可适用，即深圳女性是否可以增加产假30天？?
		","赵米娅:???? 
您好!您的咨询（查询编号：20170310-5937-6035754）收悉。经研究，现答复如下：
对于您咨询的“《深圳经济特区人口与计划生育条例（修订征求意见稿）》42条是否还有效”，作为征求意见稿属于未经法定程序审定的建议稿，均无法律效力；同时，鉴于《深圳经济特区人口与计划生育条例（修订征求意见稿）》在征求意见结束后，广东省于2016年9月29日再次修正了《广东省人口与计划生育条例》（以下简称《省条例》），我市将按照《省条例》执行并拟废止《深圳经济特区人口与计划生育条例》。目前市政府《关于提请审议废止<深圳经济特区人口与计划生育条例>的议案》已提请市人大常委会审议。
感谢您对政府法制工作的关心。
?
深圳市法制办
??????????????????????????????2017年3月20日
"
2087,咨询如何查看被申请人答复及其他行政复议事项,深圳市人民政府法制办公室,2017.03.15,2017.03.22,"深圳市人民政府法制办公室： 申请人于2017年3月3号申请了行政复议，后通过案件受理情况查询电话得知行政复议已受理。根据《行政复议法》第二十三条第二款，申请人可以查阅被申请人提出的书面答复，请问应该通过什么渠道查询呢？ 根据《行政复议法》第三十一条，行政复议机关应当自受理申请之日起六十日内做出行政复议决定，请问六十日包括周末及节假日吗？ 另外，如何查询行政复议进度呢？ 谢谢！
		","林彦彤：
你于2017年3月15日向本机关咨询“如何查看被申请人答复及其他行政复议事项”(查询编号为：20170315-2777-6067994), 现答复如下：
1、您想查看被申请人答复及其他事项可以申请查阅行政复议案卷材料。请参照附件：《查阅行政复议材料须知》。
2、你所询问的“六十日是否包括周末及节假日”问题，答复是包括。
3、查询行政复议进度可以拨打本办人工服务电话：0755-88125272。
?
?
? ??????????????????????? 深圳市人民政府法制办公室
???????????????????????????????? 2016年3月21日
?
?
附件：《查阅行政复议材料须知》
?
?
?
附：
查阅行政复议材料须知
?
1、行政复议材料查阅范围以《中华人民共和国行政复议法》、《中华人民共和国行政复议实施条例》的相关规定为限。
2、为充分保证你的查阅权利，请提前三个工作日与本机关工作人员进行电话预约（联系电话：0755-88122145、0755-88125272；阅卷地址：深圳市福田区同心路1号信访大厅）。
3、查阅手续：
申请人系自然人的，须持本人有效身份证件；申请人是法人或非法人组织的，须出具盖有单位印章或法人签名的授权委托书、营业执照、法人代表证明书，并提供查阅人的有效证件。
代理人查阅案卷，须提供复议申请人的授权委托书、律师事务所函、复议申请人的有效身份证件及代理人本人有效证件。
"
2100,农转非,深圳市人民政府法制办公室,2017.03.17,2017.03.22,"我跟小孩农业户口转入深圳后，老家宅基地已经盖了新房，以后是否会收回？妻子还是农业户口她可以继承吗？
		","王海涛：
您好!您于2017年3月17日通过网络咨询信访系统向我办提交的题为“农转非”的信件收悉。经认真研究，现对您的来函答复如下：
根据您来函的描述，您咨询所涉及事项不属于我办的职责范围，建议您向宅基地所在地土地房产主管部门咨询。
感谢您对我办工作的信任和理解！
特此函复。
?
深圳市人民政府法制办公室
2017年3月21日
"
2308,保释金,深圳市人民政府法制办公室,2017.03.13,2017.03.17,"因打架斗殴在派出所交了两万保释金，但没有出收据给我，如果对方当事人一直不出面解决保释金如何拿回来？对方还未验伤，应该属于轻微伤，也一直不出面调解，连派出所也没去。
		","方茵：
您好!您于2017年3月13日通过网络咨询信访系统向我办提交的题为“保释金”的信件收悉。经认真研究，现对您的来函答复如下：
根据您来函的描述，您来信所涉及事项不属于我办的职责范围，建议您向相关派出所咨询保释金退还事宜。若您认为上述单位涉嫌违法，建议您依法向其上级公安机关或者纪检监察部门反映情况。 
感谢您对我办工作的信任和理解！
特此函复。
?
??????????????? 深圳市人民政府法制办公室
????????? ?????2017年3月17日
"
2312,关于农村城市化股份合作公司股东身份的咨询,深圳市人民政府法制办公室,2017.03.09,2017.03.17,"领导好,我是来自龙华弓村的一位本村外嫁女的子女,想咨询一下,我村股份公司在确定村民股东身份的问题上,以我妈是外嫁女出嫁女)为由,不给我确定股东身份,我了解了一下,一般村民的股东身份都是以户口登记为主,我从小户口一直跟我的母亲名下,在村生活工作.请问我可以起诉股份公司吗??他们重男轻女的做法对吗? 我上访有用吗.
		","李先生：
你好，我办近日收到您递交的题为“关于农村城市化股份合作公司股东身份的咨询”的咨询材料（查询编号：20170309-5087-6033861）。经认真研究，现对咨询事项答复如下：
您所反映与股份合作公司的争议问题，建议您与该公司协商，并循法律途径依法解决。关于您咨询的“可否起诉股份公司”的事情，建议向法院咨询解决。
感谢您对政府法制工作的信赖和理解。
专此答复。
深圳市人民政府法制办公室
2017年3月17日
"
2317,深圳龙华新区2017年学位申请中的计生比对以家庭为单位，这样做是否合理合法？,深圳市人民政府法制办公室,2017.03.13,2017.03.17,"2017年深圳学位申请：2017深圳龙华区入学积分标准有变！2017年龙华区秋季学生申请计生审核将以家庭为单位。 2017年该区秋季学位申请计生政策将有调整。根据新计生政策，明年该区秋季学生申请计生审核将以家庭为单位，即家庭子女有政策外生育的，该家庭中所有子女包括政策内子女申请入学时，计生将不再计分；“有政策外生育的需要处理完毕，否则家庭中所有子女申请学位时计生比对将不合格。” 深圳龙华新区2017年学位申请中的计生比对以家庭为单位，这样做是否合理合法？
		","高小兵：
??? 您好!您的咨询（查询编号：20170313-1944-6037011）收悉。经研究，现答复如下：
关于“龙华区新调整的积分入学标准”的问题，根据市教育局《关于义务教育公办学校试行积分入学办法的指导意见》（深教〔2013〕100号）的规定，“各区教育行政部门…推进积分入学实施工作，制定切实可行的积分入学操作办法或实施细则，报区政府或新区管委会审批，并报市教育局备案”，制定辖区义务教育公办学校积分入学标准属于龙华区的事权。经查，由原龙华新区教育管理办公室于2016年4月8日公布的《关于做好龙华新区2017年秋季义务教育阶段公办学校新生入学相关事宜的通知》（以下简称《通知》）中并未规定“有政策外生育的需要处理完毕，否则家庭中所有子女申请学位是计生比对将不合格”相关内容；且该《通知》说明了“2017年的招生政策可能根据省、市相关文件做相应调整”。因此，请径向负责该职能的龙华区教育行政部门或者市教育局咨询了解确定的积分入学标准。
感谢您对政府法制工作的关心。
?深圳市法制办
? 2017年3月16日
"
2541,双非深户生二胎 已经缴纳罚款 是否可迁入深圳,深圳市人民政府法制办公室,2017.03.01,2017.03.14,"你好 之前网上看政策要求非深圳超生二胎罚款满五年才可以迁入深圳， 2016年二胎已经全面开放， 请问现在是否取消了五年的限制 我全家非深圳，二胎在13年出生，17年已经全部双方缴纳罚款，现在是否能迁入深圳户口 盼回复
		","罗成：
您好！您于2017年3月1日向我办提交的网上来信（来文编号：20170301-6005-6020386）收悉。现就有关咨询事项回复如下：
《深圳经济特区人口与计划生育条例》(2013年1月1日起施行，以下简称《条例》)明确规定对于超生的，自依法处理完毕之日起未满五年的，超生人员及其子女户口不得迁入本市，且目前《条例》尚未废止。在《条例》有效期间，应当执行《条例》的有关规定。
此复
?
???????????????????????????? ??市法制办
???2017年3月13日
"
2687,关于深圳晚育假的问题,深圳市人民政府法制办公室,2017.03.02,2017.03.10,"您好！我在网上看到目前深圳拟废止《深圳经济特区人口和计划生育条例》，但还没经市人大通过，目前还在征收群众意见，但我们公司已把晚育假这条去除，也就是从2017.3月开始，不能再享有晚育假，这做法是否合理？我想确认在市法规还没正式颁布前，是否依然能享有晚育假？或者如果我在晚育假正式取消前生了孩子还能享受到这个假期吗？望答复，谢谢！
		","杨义:
您好!您的咨询（查询编号：20170228-6733-6020058）收悉。经研究，现答复如下：
您咨询的“2016年1月1日前超生二胎如何定性”的问题，按照法不溯及既往的规定，新法未涉及的事项，应当按照事件发生时有效法律的规定执行。如国家、广东省今后出台关于新政出台前已出生两孩的新旧衔接的处理办法，则按国家、广东省出台的新旧衔接政策执行。
感谢您对政府法制工作的关心。
?
深圳市法制办
2017年3月8日
"
2705,2016年一月一日前超生的二胎，现在如何定性？,深圳市人民政府法制办公室,2017.02.28,2017.03.10,"现在算超生吗？要罚款吗？可以录用为公务员或入事业编吗？
		","杨义:
您好!您的咨询（查询编号：20170228-6733-6020058）收悉。经研究，现答复如下：
您咨询的“2016年1月1日前超生二胎如何定性”的问题，按照法不溯及既往的规定，新法未涉及的事项，应当按照事件发生时有效法律的规定执行。如国家、广东省今后出台关于新政出台前已出生两孩的新旧衔接的处理办法，则按国家、广东省出台的新旧衔接政策执行。
感谢您对政府法制工作的关心。
?
深圳市法制办
2017年3月8日
"
2721,关于二孩,深圳市人民政府法制办公室,2017.02.20,2017.03.10,"想咨询一下，深圳户口，已育有一男孩，怀二胎时发现是双胞胎，算超生吗？
		","王珍英:
您好!您的咨询（查询编号：20170220-7885-5987093）收悉。经研究，现答复如下：
您咨询“已育有一男孩，怀二胎时发现是双胞胎，算不算超生”的问题，如您符合现计划生育相关政策生育二胎的，二胎是双胞胎不属于超生。
感谢您对政府法制工作的关心。
?
深圳市法制办
2017年3月8日
"
2722,提前生二胎是否还处罚,深圳市人民政府法制办公室,2017.02.20,2017.03.10,"您好！ 在国家正式放开二胎之前，我的侄子因在深圳市国有企业上班，当时为了生二胎与夫人办理了离婚手续，离婚后原夫人生了一个男孩。目前为了让孩子正常办理入户手续，夫妻已复婚。请问这种情况在国家放开二胎后，是否还会追究我侄子的法律责任?是否仍然会按违反国家计划生育政策开除我侄子的国有企业工作？谢谢。
		","林生:
您好!您的咨询（查询编号：20170220-6887-5987302）收悉。经研究，现答复如下：
您咨询的“提前生二胎是否还处罚”的问题，按照法不溯及既往的规定，新法未涉及的事项，应当按照事件发生时有效法律的规定执行。如国家、广东省今后出台关于新政出台前已出生两孩的新旧衔接的处理办法，则按国家、广东省出台的新旧衔接政策执行。您提出的是否会受到其所在国有企业处理的问题，由于涉及企业的具体规章制度及实施等事宜，请径向其所在企业咨询。
感谢您对政府法制工作的关心。
?
深圳市法制办
2017年3月8日
"
2769,对违章停车的处罚如何异地申诉,深圳市人民政府法制办公室,2017.03.01,2017.03.09,"2017年2月19日11点10分，本人驾驶车牌号为粤T0D956的小轿车在太白路位号016137停车位停车。12点多回来时发现了一张违规停放机动车告知单，是在25分的时候被贴上的，主要内容是告知本车在允许停放时间段外停放。本人在四周仔细查看，并没有注明什么时段允许停放。过了几天，收到违章通知，罚款500元。现在已经缴费。本人对此处罚很是不理解，停在停车位内，四周没注明允许停车时段，不能明确知道当时能不能停车，想申请撤消处罚。网上查找信息，只能到深圳固定地点处理，对于人在异地相当不方便，想咨询一下如何办理？谢谢。
		","叶智鑫：
您好！您向我办提交的咨询来信（来文编号：20170301-9420-6021568）收悉。对您来信咨询事项，回复如下：
来信反映有关撤销违法停车处罚的问题。根据《深圳市机动车道路临时停放管理办法》（市政府令第263号，以下简称《办法》）第二十四条规定，设置有道路停车设施的路段，道路停车管理单位应当在显著位置设置标牌，向社会公示道路停车位的设置地点、停车种类、收费时段、收费模式、收费标准、监督投诉电话、操作规程及其他规定事项，接受社会监督。同时《办法》第二十八条规定，市交通运输管理部门应当建立投诉处理机制，受理社会公众对道路停车管理单位及其工作人员的投诉举报，并按照有关规定将处理情况及时答复投诉人。根据以上规定，如您认为道路停车管理单位未执行《办法》第二十四条规定，您可向深圳市交通运输管理部门投诉。如您对行政处罚决定不服，可根据《深圳经济特区道路交通安全违法行为处罚条例》规定，向处罚决定机关的上一级主管机关申请复议。
此复
?
?
深圳市人民政府法制办公室
2017年3月8日
"
3395,关于收养的问题,深圳市人民政府法制办公室,2017.02.20,2017.02.27,"领导好！ 目前已允许生育二个小孩，但收养政策还未改变，已生育一个小孩的还不能收养第二个小孩，请问何时相应的收养政策也改变，已生育一个小孩也可再收养一个小孩，以考虑由一些家庭的需求？ 谢谢！
		","李廷增：
您好！您向我办提交的咨询来信（来文编号：20170220-3524-5987118）收悉。对您来信咨询事项，回复如下：
来信反映有关收养政策的问题，经查，我国《收养法》第六条明确规定“收养人应当无子女”。已生育一名小孩的，不符合《收养法》关于收养条件的要求。但是，《收养法》第七条第二款规定“华侨收养三代以内同辈旁系血亲的子女，还可以不受收养人无子女的限制”，第八条第二款规定“收养孤儿、残疾儿童或者社会福利机构抚养的查找不到生父母的弃婴和儿童，可以不受收养人无子女和收养一名的限制”。如您符合上述例外规定，则可在已生育一名小孩的情况下再收养小孩。具体事宜您可直接向我市民政部门咨询。
鉴于收养政策属国家事权，深圳无权对有关收养政策进行规定或调整。
感谢您的来信！
?
深圳市人民政府法制办公室
2017年2月27日
"
3501,请问农民房重新装修，要办理什么手续，按照哪个法律条款,深圳市人民政府法制办公室,2017.02.08,2017.02.23,"请问农民房重新装修，要办理什么手续，按照哪个法律条款
		","杨先生：
??? 您通过网上提交我办的《请问农民房重新装修，要办理什么手续，按照哪个法律条款》咨询收悉。经研究，我办答复如下：
依照《深圳市人民代表大会常务委员会关于农村城市化历史遗留违法建筑的处理决定》（以下简称《决定》）、《〈决定〉试点实施办法》、《深圳市关于全面疏导从源头遏制违法建设的若干措施》（深办发〔2015〕14号）等规定，我市以2009年6月2日作为时间节点，将农村城市化所产生的违法建筑分为历史违建和存量违法建筑，并制定了相应的疏导管制措施。从您所提供的材料看，我们尚不清楚您所描述的“农民房”的具体情况。建议您完善相关材料后，向规划土地监察、住房建设等主管部门提出咨询。
专此答复。感谢您对政府法制工作的关注和支持！?? 
市法制办
??????????????????????????2017年2月22日
"
3522,二胎办理随迁深户2017年立即能放开吗,深圳市人民政府法制办公室,2017.02.20,2017.02.23,"我市原有二胎随迁政策为交完罚款五年。我两个小孩，超生一个，2013年计生处罚完结，现想积分入户并随迁一胎小孩，其上初三，去年咨询多个部门，说你罚款不满五年无法随迁，说再等等，2017年会放开。但是今年只见以下新闻，就是没具体执行，，能否今年3月放开二胎随迁，不用等交完罚款五年，让好事尽快进入千万家，把好事办好，谢谢。 新闻：为保障我市计划生育工作的继续有效推进，市卫生计生委在原《深圳经济特区人口与计划生育条例（修订征求意见稿）》的基础上起草了《深圳市人口与计划生育服务管理办法（送审稿）》（以下简称《办法》）并送我办审查。为广泛听取社会公众的意见，现将《办法》征求意见稿及说明全文公布，征求社会各界意见。有关单位和社会各界人士可以在2017年3月16日前。
		","闫德州同志：
您好！来函收悉。经征询公安户籍管理部门，我市相关小孩随迁政策已就二孩随迁等问题作了具体规定。您的超生小孩只要按计生政策作出了处理，小孩是可以随迁入户的。由于从您来函中未能全面了解小孩的有关具体情况，因此无法给予您有关小孩随迁入户的具体指引。建议您径向拟入户的当地公安派出所咨询。
?
深圳市法制办
2017年2月22日
"
3550,深圳市人民政府法制办公室关于公开征求废止《深圳经济特区人口与计划生育条例》意见,深圳市人民政府法制办公室,2017.02.14,2017.02.23,"请问什么时候可以发正式文件废止《深圳经济特区人口与计划生育条例》？如果发文，在哪个网站上公示？
		","欧阳小姐:
您好! 您的咨询（查询编号：20170214-6121-5964238）收悉。经研究，现答复如下：
您咨询何时可以正式废止《深圳经济特区人口与计划生育条例》（以下简称《条例》）。目前《关于提请审议废止<深圳经济特区人口与计划生育条例>的议案》已经市政府常务会议审议通过并拟提请市人大常委会审议。根据《中华人民共和国立法法》和《深圳市制定法规条例》等法律、法规的规定，《条例》废止需经市人大常委会审议通过并公布后实施。关于您提出的如果废止，在哪个网站上公示的问题，如果该《条例》经市人大常委会审议确定废止后，将会通过常务委员会公报、深圳人大网（http://www.szrd.gov.cn/）等媒体公布。
感谢您对政府法制工作的关心。
?
深圳市法制办
2017年2月22日
"
3724,关于二孩随迁问题,深圳市人民政府法制办公室,2017.02.07,2017.02.20,"尊敬的各位领导：想咨询一个问题，恳请你们在百忙中能回复：我家第二个小孩为2011年1月20日出生，在国家2016年1月1日全面放开2孩之前，社会类似情况都称“抢生二孩”。目前第二孩的户口入湖南某地农村户口，当地没有接受计生罚款，我们夫妻及第1小孩为深户。我小孩即将于2017年3月份申请南山区小学一年级公立学位，鉴于我家第2小孩目前不是深圳户口，申请学位恐怕有一定难度。目前咨询了计生、派出所等，都无法解决小孩随迁问题。请问最近是否会有新的政策出台，解决小孩随迁入学问题？ 恳请尽快能回复下！！ 
		","吴欣同志：
您好！来函收悉。经征询公安户籍管理部门，我市相关小孩随迁政策就二孩随迁等问题作了具体规定。您的小孩户口在内地，只要按计生政策作出了处理，小孩是可以随迁入户的。由于从您来函中未能全面了解小孩的有关具体情况，因此无法给予您有关小孩随迁入户的具体指引。建议您径向拟入户的当地公安派出所咨询。
感谢您对政府法制工作的支持。
?
深圳市法制办
2017年2月17日
"
3794,卫生行政处罚中合议使用标准,深圳市人民政府法制办公室,2017.02.13,2017.02.17,"您好，在卫生行政处罚中，我们会有合议这一程序，目前只有国家卫计委出台的《卫生处罚程序》在一般程序中提到，但没有具体标准，也没有其他资料查询，再具体工作中执行有困难，请问深圳有没有相关法律法规。在深圳执行要具体依据什么法规。或者有指引作用的案列。谢谢
		","市民郭永飞：
您好！您的来信（查询编号：20170213-6924-5963292）收悉。就您在来信中咨询的“卫生行政处罚中合议使用标准”问题，我办已和您电话沟通、研究，并商市卫生监督部门将相关的办案流程规定发给您邮箱，请您查收，供参考。
此复。
?
?
?
市法制办?????????????????????????? 2017年2月15日
"
4456,二孩事宜,深圳市人民政府法制办公室,2017.01.14,2017.01.22,"2015年8月底生的二孩，现在如何处理？
		","洪海生:
您好!您的咨询（查询编号：20170114-8321-5929694）收悉。经研究，现答复如下：
您咨询的“2015年8月底生的二孩，现在如何处理”的问题，按照法不溯及既往的规定，新法未涉及的事项，应当按照事件发生时有效法律的规定执行。如国家、广东省今后出台关于新政出台前已出生两孩的新旧衔接的处理办法，则按国家、广东省出台的新旧衔接政策执行。
感谢您对政府法制工作的关心。
?
深圳市法制办
2017年1月22日
"
4467,何时能够废止计生条例,深圳市人民政府法制办公室,2017.01.10,2017.01.22,"7月份的意见征稿说好的随迁不要计生证明突然又改成要废止计生条例，《深圳市计划生育条例》废止后，深圳市相关的办理随迁入户的前置把关规定是否取消？一年了还没有消息，多少家庭等着这个政策，说变就变，希望能够尽快出台
		","张鑫:
您好!您的咨询（查询编号：20170110-0645-5877154）收悉。经研究，现答复如下：
您咨询的“何时能够废止计生条例”的问题，目前《关于提请审议废止〈深圳经济特区人口与计划生育条例〉的议案（草案送审稿）》已经上报市政府，待市政府常务会议审议通过后，将提交市人大常委会审议。根据《中华人民共和国立法法》和《深圳市制定法规条例》等法律、法规的规定，《条例》废止需经市人大常委会审议通过并公布后生效。
感谢您对政府法制工作的关心。
?
深圳市法制办
2017年1月22日
"
4477,住宅区建设停车场,深圳市人民政府法制办公室,2017.01.12,2017.01.20,"请问：住宅区停车位紧张，需要加建立体停车场，需要在哪些部门办理哪些手续？政府有没有补贴政策？ 谢谢！
		","朱先生：???????????????? 
您好！您于2017年1月12日通过网络咨询信访系统提交的主题为“住宅区建设停车场”的咨询收悉。我办经研究，答复如下：
根据您来函的描述，您可就有关问题向市建设部门、市公安交管部门等相关主管部门咨询了解。
感谢您对我办工作的信任和理解！
特此函复
?
深圳市人民政府法制办公室
2017年1月18日
?
"
4480,住宅区建设停车场,深圳市人民政府法制办公室,2017.01.12,2017.01.20,"请问：住宅区停车位紧张，需要加建立体停车场，需要在哪些部门办理哪些手续？政府有没有补贴政策？ 谢谢！
		","朱先生：???????????????? 
您好！您于2017年1月12日通过网络咨询信访系统提交的主题为“住宅区建设停车场”的咨询收悉。我办经研究，答复如下：
根据您来函的描述，您可就有关问题向市建设部门、市公安交管部门等相关主管部门咨询了解。
感谢您对我办工作的信任和理解！
特此函复
?
深圳市人民政府法制办公室
2017年1月18日
?
"
4588,违法吊销驾驶证,深圳市人民政府法制办公室,2017.01.10,2017.01.13,"你好，本人在2012年7月发生交通事故。人民法院于2012年11月判决生效，2013年11月执行完毕。2016年我的驾驶证到期换证，深圳交警部门却以2012年的交通事故，我没有受到处罚为由吊销了我的驾驶证。交警部门的解释是，他们2016年5月才到法院调取到我2012年事故的判决书。想咨询交警是否违法，我该如何维护我的权益。
		","魏建平同志：
您好！现就被吊销驾驶证有关问题函复如下：
一、《道路交通安全法》第一百零一条规定，违反道路交通安全法律、法规的规定，发生重大交通事故，构成犯罪的，依法追究刑事责任，并由公安机关交通管理部门吊销机动车驾驶证。如您属于上述规定的情形，则交警部门可以依法吊销机动车驾驶证。
二、《道路交通安全违法行为处理程序规定》第四十九条规定，……处以吊销机动车驾驶证的，应当自违法行为人接受处理或者听证程序结束之日起七日内作出处罚决定，交通肇事构成犯罪的，应当在人民法院作出判决后及时作出处罚决定。由于您来函中未明晰具体情形，建议您向拟处罚的交警部门咨询。
三、吊销机动车驾驶证属于行政处罚种类之一，属于具体行政行为。如您对该决定不服，可以依法提起行政复议或行政诉讼，以维护自己的合法权益。
以上函复，供参考。
感谢您对政府法制工作的关心和支持。
?
深圳市法制办
2017年1月12日
"
4704,积分入户的问题,深圳市人民政府法制办公室,2016.12.13,2017.01.05,"尊敬的各位领导，您们好！ 我是一位来深建设者，现在一个关于积分入户的问题非常困惑，根据老的计划生育政策，我属于超生一孩，目前是2个孩子，我已在户口所在地全额缴清超生罚款，并已开具了深圳计划生育证明，两个孩子均已在深圳办理了少儿医保。按新的计划生育政策，我不属于超生。目前我想办理积分入户手续，经测评，积分有190分左右（不计算超生的情况下），我想咨询的是：人社局办理在办理积分入户时，目前是按哪种计划生育政策标准执行？如果按老计划生育政策，可国家老计划生育法规已作废，政策无法可依，按理是新发覆盖旧法，如果按新法，而人社局积分入户条例仍然依据的是已经不符合国家层面的计划生育法律。在公安部门入户政策已经修改的情况下，所以，我想咨询的人社局办理在办理积分入户时，按哪种计划生育法律政策标准执行？
		","杨会军:
您好!您的咨询（查询编号：20161213-6769-5679090）收悉。经研究，现答复如下：
您提出的“人社局办理积分入户时按哪种计划生育法律政策标准执行”的问题，按照法不溯及既往的规定，新法未涉及的事项，应当按照事件发生时有效法律的规定执行。如国家、广东省今后出台关于新政出台前已出生两孩的新旧衔接的处理办法，则按国家、广东省出台的新旧衔接政策执行。如您对积分入户的具体事宜有疑问，请径向市人力资源保障局咨询。
感谢您对政府法制工作的关心。
?
深圳市法制办
2017年1月5日
"
4707,关于废止《深圳市计划生育条例》的时间,深圳市人民政府法制办公室,2016.12.21,2017.01.05,"1.听说深圳市要废止计划生育条例，何时废止？有没有时间表？废止后对2016年1月1日前的未婚生育一孩的情况如何处理？是否适用《广东省计划生育条例》？《深圳市计划生育条例》废止后，深圳市相关的办理随迁入户的前置把关规定是否取消？（我的想法：全国各个省市都早已出台了新的计生条例，深圳，做为改革开放的前沿阵地，我们引以为傲的“深圳速度”，为何在这个早就改废止的《计生条例上》难产？2016.1.1至今整整一年了，人生有多少个“一年”？？？
		","田贞学:
您好!您的咨询（查询编号：20161221-0523-5755094）收悉。经研究，现答复如下：
您提出的关于深圳计生条例废止的问题，我办于2016年11月9日在深圳政府法制信息网（http://www.fzb.sz.gov.cn/）和深圳政府在线（http://www.sz.gov.cn/cn/）上发布了《关于公开征求废止<深圳经济特区人口与计划生育条例>有关意见的通告》，目前《关于提请审议废止〈深圳经济特区人口与计划生育条例〉的议案（草案送审稿）》已经上报市政府，待市政府常务会议审议通过后，将提交市人大常委会审议。关于您提出的2016年1月1日前未婚生育一孩的情况如何处理的问题，即使该条例废止，对于条例有效期间发生的不符合规定事项的处理仍适用条例的相关规定；如涉及具体业务办理事项，请径向负责该职能的市卫生和计划生育委员会咨询。
感谢您对政府法制工作的关心。
?
深圳市法制办
2017年1月5日
"
4766,深圳经济特区计划生育条例废止,深圳市人民政府法制办公室,2016.12.14,2016.12.30,"在2016年11月有公告废止深圳经济特区计划生育条例的计划，1请问什么时候可以废止？
		","
马金明:
您好!您的咨询（查询编号：20161214-2696-5696874）收悉。经研究，现答复如下：
您咨询的“《深圳经济特区人口与计划生育条例》什么时候可以废止”的问题，目前《关于提请审议废止〈深圳经济特区人口与计划生育条例〉的议案（草案送审稿）》已经上报市政府，待市政府常务会议审议通过后，将提交市人大常委会审议。根据《中华人民共和国立法法》和《深圳市制定法规条例》等法律、法规的规定，《条例》废止需要市人大常委会审议通过并公布后实施。
感谢您对政府法制工作的关心。
?
深圳市法制办
2016年12月26日
?"
4767,关于2016年以前生育二孩的子女随迁问题,深圳市人民政府法制办公室,2016.12.09,2016.12.30,"你好，原拟修订的深圳计生条例近期又征询要废止了。原计生条例中关于原超生人员禁止随迁的条款是否会作废，是否会放开相应随迁限制？另外，对于2016年前违反原政策生育二孩的问题，随着新政策放开，是否还会征收社会抚养费?如果会，则会怎么征收？这些问题都关系到我们这个普通工薪家庭未来的规划，影响明年小孩的入学安排和家庭的发展方向。相关政策请政府千万不要再拖了，尽快定下来。感谢解答。
		","陈喜松:
您好!您的咨询（查询编号：20161209-7985-5662924）收悉。经研究，现答复如下：
一、关于《深圳经济特区人口与计划生育条例》废止的问题。
您提出的关于深圳废止计生条例的问题，我办于2016年11月9日在深圳政府法制信息网（http://www.fzb.sz.gov.cn/）和深圳政府在线（http://www.sz.gov.cn/cn/）上发布了《关于公开征求废止<深圳经济特区人口与计划生育条例>有关意见的通告》，目前《关于提请审议废止〈深圳经济特区人口与计划生育条例〉的议案（草案送审稿）》已经上报市政府，待市政府常务会议审议通过后，将提交市人大常委会审议。
二、关于“2016年以前生育二孩征收社会抚养费”的问题。
您咨询“2016年前违反政策生育二孩征收社会抚养费”的问题，按照法不溯及既往的规定，新法未涉及的事项，应当按照事件发生时有效法律的规定执行。如国家、广东省今后出台关于新政出台前已出生两孩的新旧衔接的处理办法，则按国家、广东省出台的新旧衔接政策执行。关于您提出的要不要交社会抚养费以及如何交的问题，涉及具体业务办理事项，请径向负责该职能的市卫生和计划生育委员会咨询。
感谢您对政府法制工作的关心。
?
深圳市法制办
2016年12月26日
"
4768,关于深圳市人民政府法制办公室关于公开征求废止《深圳经济特区人口与计划生育条例》意见通告,深圳市人民政府法制办公室,2016.12.12,2016.12.30,"你好，贵网站首页通知公告中“深圳市人民政府法制办公室关于公开征求废止《深圳经济特区人口与计划生育条例》意见通告”无法打开，请问这个意见征集是什么时候结束？怎么进行意见反馈呢？今天问了卫计委才知道原来是你们在征求意见，之前在卫计委和深圳市政府的网站上一直没有找到相关的意见征集信息。谢谢！
		","吴慧珊:
您好!您的咨询（查询编号：20161212-1409-5672370）收悉。经研究，现答复如下：
您提出的关于公开征求《深圳经济特区人口与计划生育条例》意见通告的问题，我办于2016年11月9日在深圳政府法制信息网（http://www.fzb.sz.gov.cn/）和深圳政府在线（http://www.sz.gov.cn/cn/）上发布了《关于公开征求废止<深圳经济特区人口与计划生育条例>有关意见的通告》，您可通过深圳政府法制信息网或深圳政府在线“信息公开――通知公告”进行查询。我办公开征求废止《深圳经济特区人口与计划生育条例》意见的时间已于2016年11月23日结束。目前《关于提请审议废止〈深圳经济特区人口与计划生育条例〉的议案（草案送审稿）》已经上报市政府，待市政府常务会议审议通过后，将提交市人大常委会审议。
感谢您对政府法制工作的关心。
?
深圳市法制办
2016年12月26日
?
"
4829,关于适用法律、法规的咨询,深圳市人民政府法制办公室,2016.12.13,2016.12.22,"我公司是一家40人以下规模小型印刷企业，区安全生产监督管理局要求我们按照《企业安全生产费用提取和使用办法》（财政部、安监总局（2012）16号令）第十一条的规定提取安全管理专项经费。我们认为该办法中没有对本公司所属行业及规模经费提取的规定，本属“轻工”的印刷企业不应归入“机械制造企业”。另要求我公司按照《深圳市工业和商贸企业安全生产主体责任规定》（深圳市人民政府令244号）第39条及《生产安全事故应急预案管理办法》（安监总局第88号令）第12条、第21条、第26条之规定，对已编制的应急预案进行专家评审并报区安监部门备案。我们认为国家法律、法规、行政规章等上位法中并无要求本公司行业及规模的企业，应急预案必须组织专家评审（因评审要1.5万元左右费用，增加本已艰难的制造行业企业负担），只在市政府244号令中有并不十分明确的规定。以上两点疑虑，我们认为基层执法部门片面理解及适用法律、法规错误，请法制部门给予专业权威解答，以明是非。谢谢，盼复！
		","唐仕洪先生：
您好！来函收悉。现就有关问题函复如下：
一、《企业安全生产费用提取和使用办法》（财政部、安监总局（2012）16号令）第十一条的法律适用问题。该办法第十一条规定了机械制造企业安全生产费用的取费标准。同时，该办法第四条第九款就何为“机械制造”作出了具体规定：“机械制造是指各种动力机械、冶金矿山机械、运输机械、农业机械、工具、仪器、仪表、特种设备、大中型船舶、石油炼化装备及其他机械设备的制造活动。”推而广之，机械制造企业应是指从事这些活动的企业。从这一规定看，我们认为，小型印刷企业不属于该办法规定的“机械制造企业”。
二、关于《深圳市工业和商贸企业安全生产主体责任规定》第三十九条的适用问题。该规定第三十九条规定，“企业应当根据有关法律、法规、规章的规定，结合本企业实际情况编制生产安全事故应急救援预案，按规定进行评审后报区安全生产监督管理部门备。”从该规定看，企业应结合本企业情况编制生产安全事故应急救援预案冰雹区安全生产监督管理部门备案。据此，贵企业应当按照上述规定执行。
三、关于《生产安全事故应急预案管理办法》第十二、二十一、二十六条的适用问题。该办法第十二条规定，“生产经营单位应当根据有关法律、法规、规章和相关标准，结合本单位组织管理体系、生产规模和可能发生的事故特点，确立本单位的应急预案体系，编制相应的应急预案，并体现自救互救和先期处置等特点。”第二十一条规定，“矿山、金属冶炼、建筑施工企业和易燃易爆物品、危险化学品的生产、经营（带储存设施的，下同）、储存企业，以及使用危险化学品达到国家规定数量的化工企业、烟花爆竹生产、批发经营企业和中型规模以上的其他生产经营单位，应当对本单位编制的应急预案进行评审，并形成书面评审纪要。”“前款规定以外的其他生产经营单位应当对本单位编制的应急预案进行论证。”第二十六条规定，“生产经营单位应当在应急预案公布之日起20个工作日内，按照分级属地原则，向安全生产监督管理部门和有关部门进行告知性备案。”
从上述规定可以看出以下几点：一、生产经营单位应当结合自身特点编制应急预案；二、部分企业的应急预案应当对应急预案进行评审，这些企业包括矿山、金属冶炼、建筑施工企业和易燃易爆物品、危险化学品的生产、经营（带储存设施的，下同）、储存企业，以及使用危险化学品达到国家规定数量的化工企业、烟花爆竹生产、批发经营企业和中型规模以上的其他生产经营单位；三、除第二十一条第一款规定以外的生产经营单位，则仅需对编制的预案进行论证即可；四、预案应按属地原则向有关主管部门进行“告知性备案”。
据此，我们认为，贵企业如属于小型印刷企业，则应适用上述办法第二十一条第二款的规定，就应急预案组织专家评审并非法定要求,即企业所编制的应急预案经论证即可。
以上是我们对有关规定的理解。按照“谁立法，谁解释”、“谁制定，谁解释”的原则，上述有关规定的解释权在其制定机关。以上意见，供参考。
感谢您对政府法制工作的关心和支持。
?
深圳市法制办
2016年12月15日
"
4844,关于适用法律、法规的咨询,深圳市人民政府法制办公室,2016.12.13,2016.12.22,"我公司是一家40人以下规模小型印刷企业，区安全生产监督管理局要求我们按照《企业安全生产费用提取和使用办法》（财政部、安监总局（2012）16号令）第十一条的规定提取安全管理专项经费。我们认为该办法中没有对本公司所属行业及规模经费提取的规定，本属“轻工”的印刷企业不应归入“机械制造企业”。另要求我公司按照《深圳市工业和商贸企业安全生产主体责任规定》（深圳市人民政府令244号）第39条及《生产安全事故应急预案管理办法》（安监总局第88号令）第12条、第21条、第26条之规定，对已编制的应急预案进行专家评审并报区安监部门备案。我们认为国家法律、法规、行政规章等上位法中并无要求本公司行业及规模的企业，应急预案必须组织专家评审（因评审要1.5万元左右费用，增加本已艰难的制造行业企业负担），只在市政府244号令中有并不十分明确的规定。以上两点疑虑，我们认为基层执法部门片面理解及适用法律、法规错误，请法制部门给予专业权威解答，以明是非。谢谢，盼复！
		","唐仕洪先生：
您好！来函收悉。现就有关问题函复如下：
一、《企业安全生产费用提取和使用办法》（财政部、安监总局（2012）16号令）第十一条的法律适用问题。该办法第十一条规定了机械制造企业安全生产费用的取费标准。同时，该办法第四条第九款就何为“机械制造”作出了具体规定：“机械制造是指各种动力机械、冶金矿山机械、运输机械、农业机械、工具、仪器、仪表、特种设备、大中型船舶、石油炼化装备及其他机械设备的制造活动。”推而广之，机械制造企业应是指从事这些活动的企业。从这一规定看，我们认为，小型印刷企业不属于该办法规定的“机械制造企业”。
二、关于《深圳市工业和商贸企业安全生产主体责任规定》第三十九条的适用问题。该规定第三十九条规定，“企业应当根据有关法律、法规、规章的规定，结合本企业实际情况编制生产安全事故应急救援预案，按规定进行评审后报区安全生产监督管理部门备。”从该规定看，企业应结合本企业情况编制生产安全事故应急救援预案冰雹区安全生产监督管理部门备案。据此，贵企业应当按照上述规定执行。
三、关于《生产安全事故应急预案管理办法》第十二、二十一、二十六条的适用问题。该办法第十二条规定，“生产经营单位应当根据有关法律、法规、规章和相关标准，结合本单位组织管理体系、生产规模和可能发生的事故特点，确立本单位的应急预案体系，编制相应的应急预案，并体现自救互救和先期处置等特点。”第二十一条规定，“矿山、金属冶炼、建筑施工企业和易燃易爆物品、危险化学品的生产、经营（带储存设施的，下同）、储存企业，以及使用危险化学品达到国家规定数量的化工企业、烟花爆竹生产、批发经营企业和中型规模以上的其他生产经营单位，应当对本单位编制的应急预案进行评审，并形成书面评审纪要。”“前款规定以外的其他生产经营单位应当对本单位编制的应急预案进行论证。”第二十六条规定，“生产经营单位应当在应急预案公布之日起20个工作日内，按照分级属地原则，向安全生产监督管理部门和有关部门进行告知性备案。”
从上述规定可以看出以下几点：一、生产经营单位应当结合自身特点编制应急预案；二、部分企业的应急预案应当对应急预案进行评审，这些企业包括矿山、金属冶炼、建筑施工企业和易燃易爆物品、危险化学品的生产、经营（带储存设施的，下同）、储存企业，以及使用危险化学品达到国家规定数量的化工企业、烟花爆竹生产、批发经营企业和中型规模以上的其他生产经营单位；三、除第二十一条第一款规定以外的生产经营单位，则仅需对编制的预案进行论证即可；四、预案应按属地原则向有关主管部门进行“告知性备案”。
据此，我们认为，贵企业如属于小型印刷企业，则应适用上述办法第二十一条第二款的规定，就应急预案组织专家评审并非法定要求,即企业所编制的应急预案经论证即可。
以上是我们对有关规定的理解。按照“谁立法，谁解释”、“谁制定，谁解释”的原则，上述有关规定的解释权在其制定机关。以上意见，供参考。
感谢您对政府法制工作的关心和支持。
?
深圳市法制办
2016年12月15日
"
4853,关于适用法律、法规的咨询,深圳市人民政府法制办公室,2016.12.13,2016.12.22,"我公司是一家40人以下规模小型印刷企业，区安全生产监督管理局要求我们按照《企业安全生产费用提取和使用办法》（财政部、安监总局（2012）16号令）第十一条的规定提取安全管理专项经费。我们认为该办法中没有对本公司所属行业及规模经费提取的规定，本属“轻工”的印刷企业不应归入“机械制造企业”。另要求我公司按照《深圳市工业和商贸企业安全生产主体责任规定》（深圳市人民政府令244号）第39条及《生产安全事故应急预案管理办法》（安监总局第88号令）第12条、第21条、第26条之规定，对已编制的应急预案进行专家评审并报区安监部门备案。我们认为国家法律、法规、行政规章等上位法中并无要求本公司行业及规模的企业，应急预案必须组织专家评审（因评审要1.5万元左右费用，增加本已艰难的制造行业企业负担），只在市政府244号令中有并不十分明确的规定。以上两点疑虑，我们认为基层执法部门片面理解及适用法律、法规错误，请法制部门给予专业权威解答，以明是非。谢谢，盼复！
		","唐仕洪先生：
您好！来函收悉。现就有关问题函复如下：
一、《企业安全生产费用提取和使用办法》（财政部、安监总局（2012）16号令）第十一条的法律适用问题。该办法第十一条规定了机械制造企业安全生产费用的取费标准。同时，该办法第四条第九款就何为“机械制造”作出了具体规定：“机械制造是指各种动力机械、冶金矿山机械、运输机械、农业机械、工具、仪器、仪表、特种设备、大中型船舶、石油炼化装备及其他机械设备的制造活动。”推而广之，机械制造企业应是指从事这些活动的企业。从这一规定看，我们认为，小型印刷企业不属于该办法规定的“机械制造企业”。
二、关于《深圳市工业和商贸企业安全生产主体责任规定》第三十九条的适用问题。该规定第三十九条规定，“企业应当根据有关法律、法规、规章的规定，结合本企业实际情况编制生产安全事故应急救援预案，按规定进行评审后报区安全生产监督管理部门备。”从该规定看，企业应结合本企业情况编制生产安全事故应急救援预案冰雹区安全生产监督管理部门备案。据此，贵企业应当按照上述规定执行。
三、关于《生产安全事故应急预案管理办法》第十二、二十一、二十六条的适用问题。该办法第十二条规定，“生产经营单位应当根据有关法律、法规、规章和相关标准，结合本单位组织管理体系、生产规模和可能发生的事故特点，确立本单位的应急预案体系，编制相应的应急预案，并体现自救互救和先期处置等特点。”第二十一条规定，“矿山、金属冶炼、建筑施工企业和易燃易爆物品、危险化学品的生产、经营（带储存设施的，下同）、储存企业，以及使用危险化学品达到国家规定数量的化工企业、烟花爆竹生产、批发经营企业和中型规模以上的其他生产经营单位，应当对本单位编制的应急预案进行评审，并形成书面评审纪要。”“前款规定以外的其他生产经营单位应当对本单位编制的应急预案进行论证。”第二十六条规定，“生产经营单位应当在应急预案公布之日起20个工作日内，按照分级属地原则，向安全生产监督管理部门和有关部门进行告知性备案。”
从上述规定可以看出以下几点：一、生产经营单位应当结合自身特点编制应急预案；二、部分企业的应急预案应当对应急预案进行评审，这些企业包括矿山、金属冶炼、建筑施工企业和易燃易爆物品、危险化学品的生产、经营（带储存设施的，下同）、储存企业，以及使用危险化学品达到国家规定数量的化工企业、烟花爆竹生产、批发经营企业和中型规模以上的其他生产经营单位；三、除第二十一条第一款规定以外的生产经营单位，则仅需对编制的预案进行论证即可；四、预案应按属地原则向有关主管部门进行“告知性备案”。
据此，我们认为，贵企业如属于小型印刷企业，则应适用上述办法第二十一条第二款的规定，就应急预案组织专家评审并非法定要求,即企业所编制的应急预案经论证即可。
以上是我们对有关规定的理解。按照“谁立法，谁解释”、“谁制定，谁解释”的原则，上述有关规定的解释权在其制定机关。以上意见，供参考。
感谢您对政府法制工作的关心和支持。
?
深圳市法制办
2016年12月15日
"
4872,关于适用法律、法规的咨询,深圳市人民政府法制办公室,2016.12.13,2016.12.21,"我公司是一家40人以下规模小型印刷企业，区安全生产监督管理局要求我们按照《企业安全生产费用提取和使用办法》（财政部、安监总局（2012）16号令）第十一条的规定提取安全管理专项经费。我们认为该办法中没有对本公司所属行业及规模经费提取的规定，本属“轻工”的印刷企业不应归入“机械制造企业”。另要求我公司按照《深圳市工业和商贸企业安全生产主体责任规定》（深圳市人民政府令244号）第39条及《生产安全事故应急预案管理办法》（安监总局第88号令）第12条、第21条、第26条之规定，对已编制的应急预案进行专家评审并报区安监部门备案。我们认为国家法律、法规、行政规章等上位法中并无要求本公司行业及规模的企业，应急预案必须组织专家评审（因评审要1.5万元左右费用，增加本已艰难的制造行业企业负担），只在市政府244号令中有并不十分明确的规定。以上两点疑虑，我们认为基层执法部门片面理解及适用法律、法规错误，请法制部门给予专业权威解答，以明是非。谢谢，盼复！
		","唐仕洪先生：
您好！来函收悉。现就有关问题函复如下：
一、《企业安全生产费用提取和使用办法》（财政部、安监总局（2012）16号令）第十一条的法律适用问题。该办法第十一条规定了机械制造企业安全生产费用的取费标准。同时，该办法第四条第九款就何为“机械制造”作出了具体规定：“机械制造是指各种动力机械、冶金矿山机械、运输机械、农业机械、工具、仪器、仪表、特种设备、大中型船舶、石油炼化装备及其他机械设备的制造活动。”推而广之，机械制造企业应是指从事这些活动的企业。从这一规定看，我们认为，小型印刷企业不属于该办法规定的“机械制造企业”。
二、关于《深圳市工业和商贸企业安全生产主体责任规定》第三十九条的适用问题。该规定第三十九条规定，“企业应当根据有关法律、法规、规章的规定，结合本企业实际情况编制生产安全事故应急救援预案，按规定进行评审后报区安全生产监督管理部门备。”从该规定看，企业应结合本企业情况编制生产安全事故应急救援预案冰雹区安全生产监督管理部门备案。据此，贵企业应当按照上述规定执行。
三、关于《生产安全事故应急预案管理办法》第十二、二十一、二十六条的适用问题。该办法第十二条规定，“生产经营单位应当根据有关法律、法规、规章和相关标准，结合本单位组织管理体系、生产规模和可能发生的事故特点，确立本单位的应急预案体系，编制相应的应急预案，并体现自救互救和先期处置等特点。”第二十一条规定，“矿山、金属冶炼、建筑施工企业和易燃易爆物品、危险化学品的生产、经营（带储存设施的，下同）、储存企业，以及使用危险化学品达到国家规定数量的化工企业、烟花爆竹生产、批发经营企业和中型规模以上的其他生产经营单位，应当对本单位编制的应急预案进行评审，并形成书面评审纪要。”“前款规定以外的其他生产经营单位应当对本单位编制的应急预案进行论证。”第二十六条规定，“生产经营单位应当在应急预案公布之日起20个工作日内，按照分级属地原则，向安全生产监督管理部门和有关部门进行告知性备案。”
从上述规定可以看出以下几点：一、生产经营单位应当结合自身特点编制应急预案；二、部分企业的应急预案应当对应急预案进行评审，这些企业包括矿山、金属冶炼、建筑施工企业和易燃易爆物品、危险化学品的生产、经营（带储存设施的，下同）、储存企业，以及使用危险化学品达到国家规定数量的化工企业、烟花爆竹生产、批发经营企业和中型规模以上的其他生产经营单位；三、除第二十一条第一款规定以外的生产经营单位，则仅需对编制的预案进行论证即可；四、预案应按属地原则向有关主管部门进行“告知性备案”。
据此，我们认为，贵企业如属于小型印刷企业，则应适用上述办法第二十一条第二款的规定，就应急预案组织专家评审并非法定要求,即企业所编制的应急预案经论证即可。
以上是我们对有关规定的理解。按照“谁立法，谁解释”、“谁制定，谁解释”的原则，上述有关规定的解释权在其制定机关。以上意见，供参考。
感谢您对政府法制工作的关心和支持。
?
深圳市法制办
2016年12月15日
"
5118,关于《深圳市员工工资支付条例》（2009修正）属于特区条例还是属于较大的市地方法规问题,深圳市人民政府法制办公室,2016.12.08,2016.12.15,"1.关于《深圳市员工工资支付条例》（2009修正）属于特区条例还是属于较大的市地方法规？ 2.《深圳经济特区企业技术秘密保护条例》及《深圳经济特区和谐劳动关系条例》是否因由深圳人大常委会制定并且法规名称及适用范围均有“经济特区”字样就意味着属于特区条例，其他深圳法规若无特区字样的就是作为较大的市地方法规对待并进行区分。 3.《深圳市员工工资支付条例》（2009修正）第二十八条提及的非因员工本人过错，用人单位部分或者整体停产、停业导致停工工资规定与《广东省工资支付条例》（实施日期：2005.5.1）第三十五条规定不一致的地方，应该按照深圳规定执行还是省条例执行？
		","郑新战：
您好。您的咨询（查询编号：20161208-0364-5624201）收悉。经研究，现答复如下：
您的建议涉及深圳经济特区法规与较大市法规（现称设区市法规）的区别及涉及《深圳市员工工资支付条例》法律效力的问题。
关于深圳经济特区法规与较大市法规的区别，最简单的区分办法在于制定主体不同，深圳经济特区法规有深圳市人大或其常委会制定，而较大市法规由深圳市人大或其常委会通过后需报广东省人大或其常委会批准。据此，深圳市人大《深圳市员工工资支付条例》属于较大市法规，其制定、修订过程如下：2004年8月27日深圳市第三届人民代表大会常务委员会第三十三次会议通过，2004年9月24日广东省第十届人民代表大会常务委员会第十三次会议批准，2009年5月21日深圳市第四届人民代表大会常务委员会第二十八次会议修正，2009年7月30日广东省第十一届人民代表大会常务委员会第十二次会议批准。根据特别法优于普通法的法理，本市有关工资支付的问题优先适用《深圳市员工工资支付条例》。如您对《深圳市员工工资支付条例》具体条文的适用有疑问，根据《深圳市法规制定条例》的规定，法规的解释权由市人大常务委员会行使，请径向市人大常委会反映。
感谢您对政府法制工作的理解与支持。
?
深圳市法制办
2016年12月15日
?
?
"
5231,深圳市海上休闲船舶运营安全管理办法有关条款的解释,深圳市人民政府法制办公室,2016.12.06,2016.12.13,"“办法”中第一章第二条中“娱乐等休闲活动”所含内容指的是哪些项目？
		","曹一培：
??? 您好！您咨询编号为：20161206-5612-5610333“深圳市海上休闲船舶运营安全管理办法有关条款的解释”的来函收悉。经研究，现答复如下：
来函咨询《深圳市海上休闲船舶运营安全管理办法》（以下简称《办法》）第二条中“娱乐等休闲活动”所含内容指哪些项目，我们认为，《办法》第二条分四款对适用范围进行了解释，第一款是对适用范围的概括表述，其中“等休闲活动”的表述是对休闲活动外延的概括表述，立法技术上采用了兜底式的表述方式，所谓休闲活动包括但不仅限于前面所述的旅游、观光、娱乐三项。第二、第三款实际上是对适用范围内涵的具体表述，也就是对第一款“等休闲活动”进行了具体阐释，主要分为两大类，一类是从事水上垂钓、捕捞、观光、采集、体验渔业生产等与渔业有关的休闲渔业活动；一类是从事海上旅游、观光、娱乐等休闲旅游活动。
感谢您的来函！
?
市法制办
2016年12月12日
"
5448,小孩入户问题,深圳市人民政府法制办公室,2016.11.24,2016.12.09,"部门负责工作人员 你们好! 我想咨询一下小孩入户的问题.我的第一个小孩2003年出生,第二个小孩2008年出生.两胎出生时父母双方其中一方深户,另一方非深户.第二胎出生时出生证明监护人姓名用的是别人的,且入户在别人名下.现在已经通过法律鉴定部门将原来的出生证明监护人改为自己,即小孩的亲生父母.现在想以随迁的方式将小孩的户口迁回深圳自己的户口名下.小孩母亲的户口是在第二个小孩出生后2012年迁来深圳的.像我这种情况还要不要交社会抚养费?如要交,怎样得交法?近期深圳不是想废止计生条例吗,我的情况符合吗?期盼回复,谢谢!
		","熊春员:
您好!您的咨询（查询编号：20161124-6751-5394086）收悉。经研究，现答复如下：
您提出的关于深圳废止计生条例的问题，我办于2016年11月9日在深圳政府法制信息网（http://www.fzb.sz.gov.cn/）和深圳政府在线（http://www.sz.gov.cn/cn/）上发布了《关于公开征求废止<深圳经济特区人口与计划生育条例>有关意见的通告》，目前《关于提请审议废止〈深圳经济特区人口与计划生育条例〉的议案（草案送审稿）》已经上报市政府，待市政府常务会议审议通过后，将提交市人大常委会审议。关于您提出的要不要交社会抚养费以及如何交的问题，涉及具体业务办理事项，请径向负责该职能的市卫生和计划生育委员会咨询。
感谢您对政府法制工作的关心。
?
深圳市法制办
2016年12月8日
"
5796,想知道行政复议资料怎么寄,深圳市人民政府法制办公室,2016.11.25,2016.12.02,"想问一下复议深圳市市场监督管理局福田分局可以在你市政府申请吗？你们邮寄地址跟电话能说一下嘛？
		","王飞：
你通过网上信访的方式向我办咨询有关行政复议的问题（查询编号：20161125-3933-5411995）收悉，现答复如下：
一、你可以通过邮寄方式提交行政复议申请，也可以到我办受案室现场提交申请。我办行政复议收案室联系地址：深圳市福田区同心路1号深圳市信访大厅B103室，电话：075588132145。
二、我市2015年进行机构改革后，原“深圳市市场监督管理局福田分局”的职责由深圳市市场和质量监督管理委员会福田市场监督管理局和深圳市市场和质量监督管理委员会福田食品药品监督管理局承担。如申请行政复议，请选择正确的被申请人。
??? 此复。
?
?
??????????????????????? 深圳市人民政府法制办公室
??????????????????????????? 2016年11月30日
?
"
5797,国家实施全面两孩政策，《中华人民共和国人口与计划生育法》和《广东省人口与计划生育条例》相继修订，但是条例均没有提及2016.1.1前已经生育二孩的家庭,深圳市人民政府法制办公室,2016.11.11,2016.12.02,"国家实施全面两孩政策，《中华人民共和国人口与计划生育法》和《广东省人口与计划生育条例》相继修订，但是因为条例均没有提及2016.1.1前已经生育二孩的家庭计生问题如何处理，目前办理夫妻子女随迁入户、安居房等计划生育证明街道办不予办理，请求深圳政府尽快帮助我们二孩家庭团聚，我们不要做留守儿童！
		","杨胜周:
您好!您的咨询（查询编号：20161111-1725-5271055）收悉。经研究，现答复如下：
您提出的“2016.1.1前已经生育二孩的家庭计生问题如何处理”的问题，按照法不溯及既往的规定，新法未涉及的事项，应当按照事件发生时有效法律的规定执行。如国家、广东省今后出台关于新政出台前已出生两孩的新旧衔接的处理办法，则按国家、广东省出台的新旧衔接政策执行。关于您提出的街道办不予办理计划生育证明的问题，涉及具体业务办理事项，请径向负责该职能的市卫生和计划生育委员会咨询。
感谢您对政府法制工作的关心。
?
深圳市法制办
2016年11月30日
?
"
6199,政策前的二胎是否还需缴纳社会抚养费，标准是什么,深圳市人民政府法制办公室,2016.11.14,2016.11.22,"政策前的二胎现在的政策是什么样？现在是要取消深圳人口与计生条例，那么请问政策前的二胎知悉什么样的政策规定？上学，就业以及保障房的影响有是如何？
		","胡先生:???? 
您好!您的咨询（查询编号：20161114-0824-5276754）收悉。经研究，现答复如下：
您咨询“政策前的二胎现在的政策是什么样”的问题，可能是国家出台允许生育二胎政策之前生育的二胎是否适用新政策的问题。根据法律适用的一般原则，在新的立法没有明确规定溯及既往的情况下，新法实施之前发生的行为适用该行为发生时有效的立法的规定，无论该立法是否目前是否已经废止。因此，结合您咨询的“取消深圳人口与计生条例，政策前二胎执行什么政策”的问题，国家出台允许生育二胎政策之前生育的二胎政策，按照国家、广东省和《深圳经济特区人口与计划生育条例》的有关规定执行；若国家、广东省出台关于新政出台前已出生两孩的新旧衔接的处理办法，则按新旧衔接的处理办法执行。
感谢您对政府法制工作的关心。
?
深圳市法制办
??????????????????????????????? 2016年11月22日
"
6234,早期来深建设者群体希望深圳法制办对养老补缴具体办法进行合理性科学性风险评估,深圳市人民政府法制办公室,2016.11.05,2016.11.22,"深圳人社局在承担制定养老补缴具体办法职责近3年后终于上媒体政务公开了！（2016年11月4日深圳新闻网深圳要闻头条醒目位置报道）但我仔细阅读这篇报道后对深圳人社局的所谓详释依然是一头雾水？例如：补缴具体办法是怎么一揽子解决早期来深建设者的工龄认定？外省来深的如何解决？除了农民工，原先的事业单位，工程技术人员身份来深建设难道也是农民工？补缴如果不分青红皂白都按万分之五的滞纳金加以惩罚，是否科学和合理？？？人社局只是从自己的立场角度阐述参保人群体如何不履行参保义务偷、逃、漏、少地缴费。有没有客观、公正全面地看待早期来深建设群体的结构、分布构成和历史成因。把立法滞后，体制束缚，特区早期引入人才编制指标的人为设限，采用非市场化双轨制等等因素都归咎来深参保人，并采用惩罚性单一制措施加以应对，违背制定民生保障类政策的精准化，合理性，科学性有失公允，更有甚者迟迟不出具体办法，拖延导致相当数量的人群失去，损失合理退休养老金待遇。造成深圳及其特殊和罕见的社会矛盾和问题。急需深圳法制办按程序进行相关审查。这样才不辜负国家授予深圳法制政府评估报告排列全国亚军的荣誉。
		","程庆：
您好。您的咨询（查询编号：20161105-8858-5228886）收悉。经研究，现答复如下：
您的建议主要涉及养老补缴具体办法。根据《〈深圳经济特区社会养老保险条例〉实施细则》（市政府令第257号）的规定，关于养老保险补缴的具体办法由市人力资源保障部门另行制定。如市人力资源保障部门以部门规范性文件形式发布，则按照程序需报送我办进行审查，我办将在收到市人力资源保障部门有关养老保险补缴规范性文件的审查要求后依法审查。如您对养老保险补缴的具体事宜有异议，请径向市人力资源和社会保障部门反映。
感谢您对政府法制工作的理解与支持。
?
深圳市法制办
2016年11月22日
"
6368,行政复议,深圳市人民政府法制办公室,2016.11.09,2016.11.16,"尊敬的领导你好, 我因被冤枉为非法营运，现要申请行政复议请问我要携带些什么资料，详细地址在哪，找哪个部门组，谢谢
		","吴勇平先生/女士：
您通过网上咨询的方式向我办询问有关行政复议的问题（查询编号:20161109-2730-5265515）收悉。现答复如下：
一、我市履行查处非法营运行为的行政机关为深圳市交通运输委员会。若深圳市交通运输委员会以非法营运为由作出《行政处罚决定书》，根据法律规定，您有权申请行政复议。对深圳市交通运输委员会作出的行政处罚决定不服，可以选择向深圳市人民政府或者广东省交通运输厅申请行政复议。
二、向市政府申请行政复议需提交材料有：1.行政复议申请书（两份原件，需要有您本人签名）。2.被申请人作出《行政处罚决定书》（核原件，收复议件一份）。3.本人身份证（核原件，收复议件一份）。4.委托他人办理的，还须提交：授权委托书原件、被委托人的身份证复印件（律师代理的，须提交律师所函原件、律师执业证复印件）。5.其他必要的证据材料。
三、行政复议的法定申请期限为60日，自您知道或应当知道该行政处罚决定之日起算。请在行政复议申请期限内提出行政复议申请。
四、向市政府申请行政复议的方式有两种：一、现场提交行政复议申请材料；二、邮寄提交行政复议申请材料。我办行政复议收案室联系方式：深圳市福田区同心路1号深圳市信访大厅B103室，电话：075588132145。申请行政复议所需文书参考格式可在深圳政府法制信息网（http://www.sz.gov.cn/fzb/）下载，或者前往我办行政复议收案室领取。
如有不明之处，建议尽早向我办进行电话咨询，电话号码：075588101165、075588120397。
??? 此复。
?
?
?
??????????????????????? 深圳市人民政府法制办公室
??????????????????????????? 2016年11月15日
"
6433,关于学生使用网络游戏的规定,深圳市人民政府法制办公室,2016.11.01,2016.11.11,"你好!我想咨询学生使用网络游戏的规定,如年龄、需要监护人知情等。因为现在太多学生沉迷于游戏，而网络游戏运营商，如腾讯等未能有效根据规定采取法律规定的措施。盼复！
		","郑勇：
您好！您关于学生使用网络游戏规定的咨询收悉（查询编号：20161101-0917-5180740）。您来函咨询关于学生使用网络游戏的相关规定，经过查询，对您的咨询回复如下：
一、2010年8月1日起施行的《网络游戏管理暂行办法》（文化部令第49号），对从事网络游戏研发生产、网络游戏上网运营、网络游戏虚拟货币发行、网络游戏虚拟货币交易服务等形式的经营活动进行了规范。其中第十六条规定：“网络游戏经营单位应当根据网络游戏的内容、功能和适用人群，制定网络游戏用户指引和警示说明，并在网站和网络游戏的显著位置予以标明。以未成年人为对象的网络游戏不得含有诱发未成年人模仿违反社会公德的行为和违法犯罪的行为的内容，以及恐怖、残酷等妨害未成年人身心健康的内容。网络游戏经营单位应当按照国家规定，采取技术措施，禁止未成年人接触不适宜的游戏或者游戏功能，限制未成年人的游戏时间，预防未成年人沉迷网络”。第三十一条规定：“网络游戏经营单位违反本办法第十六条、第十七条、第十八条规定的，由县级以上文化行政部门或者文化市场综合执法机构责令改正，没收违法所得，并处10000元以上30000元以下罚款”。根据上述规定，网络游戏运营商出现违反第十六条情形，未对未成年人采取保护措施的，应当由文化行政部门予以处罚。
???? 二、2016年9月底国家互联网信息办公室在官网发布《关于<未成年人网络保护条例（草案征求意见稿）>公开征求意见的通知》，专门就保障未成年人网络空间安全，保护未成年人合法网络权益，进行一系列的规范。该征求意见稿第二十三条规定：“网络游戏服务提供者应当建立、完善预防未成年人沉迷网络游戏的游戏规则，对可能诱发未成年人沉迷网络游戏的游戏规则进行技术改造。网络游戏服务提供者应当按照国家有关规定和标准，采取技术措施，禁止未成年人接触不适宜其接触的游戏或游戏功能，限制未成年人连续使用游戏的时间和单日累计使用游戏的时间，禁止未成年人在每日的0:00至8:00期间使用网络游戏服务”。但该条例尚未正式出台实施。
关于网络游戏及互联网相关法律、法规、规范性文件等信息，您也可以登录国家互联网信息办公室官网（http://www.cac.gov.cn/）“政策法规”一栏进行查阅。
感谢您的来函！
?
?
?
市法制办
2016年11月9日
"
6446,关于学生使用网络游戏的法规内容,深圳市人民政府法制办公室,2016.11.05,2016.11.11,"你好！我想咨询国家、地方在学生使用网络游戏的法规内容，如多大年龄可以不由成人监护注册、使用网络游戏？如果学生未在成人监护的情况下注册、使用网络游戏，而运营商未制止，该负什么责任？我该如何维权？谢谢！
		","郑勇：
您好！您关于学生使用网络游戏规定的咨询收悉（查询编号：20161101-0917-5180740）。您来函咨询关于学生使用网络游戏的相关规定，经过查询，对您的咨询回复如下：
一、2010年8月1日起施行的《网络游戏管理暂行办法》（文化部令第49号），对从事网络游戏研发生产、网络游戏上网运营、网络游戏虚拟货币发行、网络游戏虚拟货币交易服务等形式的经营活动进行了规范。其中第十六条规定：“网络游戏经营单位应当根据网络游戏的内容、功能和适用人群，制定网络游戏用户指引和警示说明，并在网站和网络游戏的显著位置予以标明。以未成年人为对象的网络游戏不得含有诱发未成年人模仿违反社会公德的行为和违法犯罪的行为的内容，以及恐怖、残酷等妨害未成年人身心健康的内容。网络游戏经营单位应当按照国家规定，采取技术措施，禁止未成年人接触不适宜的游戏或者游戏功能，限制未成年人的游戏时间，预防未成年人沉迷网络”。第三十一条规定：“网络游戏经营单位违反本办法第十六条、第十七条、第十八条规定的，由县级以上文化行政部门或者文化市场综合执法机构责令改正，没收违法所得，并处10000元以上30000元以下罚款”。根据上述规定，网络游戏运营商出现违反第十六条情形，未对未成年人采取保护措施的，应当由文化行政部门予以处罚。
???? 二、2016年9月底国家互联网信息办公室在官网发布《关于<未成年人网络保护条例（草案征求意见稿）>公开征求意见的通知》，专门就保障未成年人网络空间安全，保护未成年人合法网络权益，进行一系列的规范。该征求意见稿第二十三条规定：“网络游戏服务提供者应当建立、完善预防未成年人沉迷网络游戏的游戏规则，对可能诱发未成年人沉迷网络游戏的游戏规则进行技术改造。网络游戏服务提供者应当按照国家有关规定和标准，采取技术措施，禁止未成年人接触不适宜其接触的游戏或游戏功能，限制未成年人连续使用游戏的时间和单日累计使用游戏的时间，禁止未成年人在每日的0:00至8:00期间使用网络游戏服务”。但该条例尚未正式出台实施。
关于网络游戏及互联网相关法律、法规、规范性文件等信息，您也可以登录国家互联网信息办公室官网（http://www.cac.gov.cn/）“政策法规”一栏进行查阅。
感谢您的来函！
?
?
?
市法制办
2016年11月9日
"
6683,深圳人口与计划生育条例什么时间能发布？,深圳市人民政府法制办公室,2016.10.26,2016.11.07,"深圳人口与计划生育条例已征求意见，网站咨询答复均是在研究讨论待人大常委会审议，鉴于新的深圳人口与计划生育条例未发布，目前办理夫妻随迁入户，计划生育证明街道办不予办理，严重影响了随迁办理进度。能否公布一下新的条例发布时间计划表？
		","李江:
您好!您的咨询（查询编号：20161026-0551-5014864）收悉。经研究，现答复如下：
您咨询的“公布新的计生条例发布时间计划表”的问题，目前《深圳经济特区人口与计划生育条例》（以下简称《条例》）修订稿正在进一步研究论证中，尚未提交市人大常委会审议。根据《中华人民共和国立法法》和《深圳市制定法规条例》等法律、法规的规定，《条例》修订需要市人大常委会审议通过并公布后实施。
感谢您对政府法制工作的关心。
?
深圳市法制办
2016年10月31日
"
6687,关于随迁入户计划生育证明的咨询,深圳市人民政府法制办公室,2016.10.23,2016.11.07,"你好，我老婆，小孩四年前已入深户，我现在准备办理随迁入户。现在我老婆怀上二胎。随迁入户需要办理《计划生育证明》，深圳布吉街道办需要我在老家办理“三级计划生育证明”，就是需要村，镇，县都要盖章。 这有一定的困难，因为镇上的工作人员说现在流动人口已在全国统一的网络上进行发函处理，无需开证明。县里面说现在要减化老百姓办事流程，没有这个业务。 我看到报道说新版的《深圳计划生育条例》已经规定随迁无需办理这个证明了，请问此新规是否生效？何时生效？ 感谢你的回复！
		","肖军:
您好!您的咨询（查询编号：20161023-3931-5007085）收悉。经研究，现答复如下：
您咨询的“《深圳计划生育条例》是否生效，何时生效”的问题，目前《深圳经济特区人口与计划生育条例》（以下简称《条例》）正在进一步研究论证中，尚未提交市人大常委会审议。根据《中华人民共和国立法法》和《深圳市制定法规条例》等法律、法规的规定，《条例》修订需要市人大常委会审议通过并公布后实施。
感谢您对政府法制工作的关心。
?
深圳市法制办
?????????????? ????????????????2016年10月31日
"
6841,9月29日新计划生育条例下，深圳的晚育假15天，还保留吗？,深圳市人民政府法制办公室,2016.10.24,2016.11.01,"广东省9月29日审议通过《广东省人口与计划生育条例修正案)》，广东产假增加50天，即，产假为983050=178天。原来产假为9830=128天，深圳保留15天晚育假，即一胎假期为143天。那请问新条例下，深圳还是否保留15天晚育假，如果保留，假期是否为17815=193天。
		","梁小姐:
您好!您的咨询（查询编号：20161024-2685-5010732）收悉。经研究，现答复如下：
关于您咨询的深圳是否保留15天晚育假的问题，如您符合现《深圳经济特区人口计划生育条例》(2013年1月1日起施行)晚育条件生育的，仍可按现行规定享受15日晚育假。
感谢您对政府法制工作的关心。
?
深圳市法制办
????????????????????????????????? 2016年10月27日
"
6896,关于卫计委《特区人口与计划生育条例》修订案的咨询,深圳市人民政府法制办公室,2016.10.08,2016.11.01,"您好！请问深圳卫计委《深圳经济特区人口与计划生育条例（修订征求意见稿）》何时公开落地实施？虽然9月14日深圳卫计委已经在官网上挂出了公开征求意见采纳情况，但是还没有公开以法制条文的形式落地实施，导致当前怀孕生产的深圳特区女职工无法依据新的修订案享受政策。请予以尽快公布实施为盼，谢谢！
		","Judy:
您好!您的咨询（查询编号：20161008-9229-4974130）收悉。经研究，现答复如下：
您咨询“《深圳经济特区人口与计划生育条例（修订征求意见稿）》何时公开落地实施”，目前《深圳经济特区人口与计划生育条例》（以下简称《条例》）修订稿正在进一步研究论证和修改完善中，尚未提交市人大常委会审议。根据《中华人民共和国立法法》和《深圳市制定法规条例》等法律、法规的规定，《条例》修订需经市人大常委会审议通过并公布后实施。
感谢您对政府法制工作的关心。
?
深圳市法制办
????????????????????????????????? 2016年10月27日
"
6998,2016年以前抢生二胎罚款标准,深圳市人民政府法制办公室,2016.10.08,2016.10.28,"您好，请问2016年以前抢生二胎罚款标准何时出台？
		","蔡福发:???? 
您好!您的咨询（查询编号：20161008-5425-4973642）收悉。经研究，现答复如下：
您咨询“2016年以前抢生二胎罚款标准”的问题，鉴于广东省尚未出台关于新政出台前已出生两孩的新旧衔接的处理办法，有关“抢生二胎罚款标准”的规定，需待广东省的相关政策出台后才能明确。
感谢您对政府法制工作的关心。
?
深圳市法制办
??????????????????????????????? 2016年10月27日
?
"
6999,新计生条例何时提交深圳人大审议呢,深圳市人民政府法制办公室,2016.10.02,2016.10.28,"深圳新计生条例何时提交深圳人大审议呢？我比较关心随迁、保障房与超生脱钩，希望能尽早通过并施行。
		","陈喜松:
您好!您的咨询（查询编号：20161002-4752-4972929）收悉。经研究，现答复如下：
您咨询“深圳新计生条例何时提交深圳人大审议”，目前《深圳经济特区人口与计划生育条例》（以下简称《条例》）修订稿正在进一步研究论证和修改完善中，根据《中华人民共和国立法法》和本市有关法规制定程序的规定，我办按照有关规定进行审查、论证、修改，形成法规草案送审稿提请市政府常务会议审议；待市政府常务会议审议通过后，将以市政府议案形式提请市人大常委会审议。
感谢您对政府法制工作的关心。
?
深圳市法制办
2016年10月27日
"
7000,深圳计生条例修订版几时颁布,深圳市人民政府法制办公室,2016.10.07,2016.10.28,"目前广东省计生条例修订版已经颁布，请问目前正在修订中的深圳计生条例几时颁布？
		","范先生：
您好!您的咨询（查询编号：20161007-4820-4973369）收悉。经研究，现答复如下：
您咨询“正在修订中的《深圳经济特区人口与计划生育条例》什么时间颁布”，目前《深圳经济特区人口与计划生育条例》（以下简称《条例》）修订稿正在进一步研究论证和修改完善中，尚未提交市人大常委会审议。根据《中华人民共和国立法法》和《深圳市制定法规条例》等法律、法规的规定，《条例》修订需经市人大常委会审议通过并公布后实施。
感谢您对政府法制工作的关心。
?
深圳市法制办
???????????????????????????????? 2016年10月27日
"
7001,随迁什么时候放开？孩子明年要上小学了！,深圳市人民政府法制办公室,2016.09.28,2016.10.28,"请问，今年7月15日征集的 深圳经济特区人口与计划生育条例（修订征求意见稿），进展如何？程序具体到哪一步了？什么时间会公布实施？随迁到底什么时候放开？孩子明年要上小学了！麻烦给出详尽具体的答复，请不要给出类似“还在研究讨论中”这种大而空的没有半点诚意的回复，谢谢！
		","江北:
您好!您的咨询（查询编号：20160928-2982-4969965）收悉。经研究，现答复如下：
您咨询“《深圳经济特区人口与计划生育条例（修订征求意见稿）》进展如何，程序具体到哪一步以及什么时间会公布实施”，目前《深圳经济特区人口与计划生育条例》（以下简称《条例》）修订稿正在进一步研究论证和修改完善中，尚未提交市人大常委会审议。根据《中华人民共和国立法法》和《深圳市制定法规条例》等法律、法规的规定，《条例》修订需经市人大常委会审议通过并公布后实施。
感谢您对政府法制工作的关心。
?
深圳市法制办
2016年10月27日
?
?
"
7205,关于小学教师周课时量,深圳市人民政府法制办公室,2016.10.18,2016.10.21,"特向有关部门咨询小学（专职）教师一周的具体课时量，是否有专门关于此项适宜的法律文件、政策法规可以参读，谢谢
		","黄益民：
您好！您的咨询（查询编号：20161018-9720-4995086）收悉。经研究，现答复如下：
您的咨询涉及小学教师工作量方面的问题。深圳市教育局《关于进一步做好中小学教师绩效考核工作的指导意见》（深教〔2016〕124号）（以下简称《指导意见》）对本市义务教育学校、普通高中等学校的在编教职工有关工作量事项进行了规定：具体的各学科课时工作量标准由各中小学根据本校实际制定；公办中小学其他人员及民办中小学教职工考核可参照《指导意见》执行。因此，您对小学教师工作量方面的具体问题，建议径向市教育主管部门和所在学校咨询。
感谢您对政府法制工作的理解与支持。
?
?
深圳市法制办
2016年10月20日
"
7620,未婚生育，已领结婚证，初婚初育，还是要交社会抚养费,深圳市人民政府法制办公室,2016.09.23,2016.10.08,"我与爱人于2011年生育第一个小孩，但是因为我的户口在深圳集体户，公司假也不好请，所以在11年年底春节回老家后，在爱人老家领了结婚证。领结婚证时我26岁，爱人24岁，两人都是初婚初育。今年年初爱人办理调户，小孩随迁手续，我到街道办申请开具深圳市计划生育证明，被告知我要罚款社会抚养费6万多元，这个数字真的让我们无比压抑。房子按揭、小孩读书、老人赡养已经压力很大了，再加上这笔数额不小的罚款，真不知道该怎么生存。我们也不是刻意违反计生，一是工作不稳定，想在春节时再处理，拖了快7个月，二是确实不知晓这些政策规定，不是刻意违反。三是老家这种情况不处罚，补领结婚证就行，户口在老家的兄弟姐妹都是春节回老家再补领的结婚证，我却因为转了深户，反而违反了这项法律。我们都是本本份份的居民，难到只有滚回老家生活才是我们唯一的出路吗？期望领导们能考虑一下我们这类百姓的困难。 
		","谢振庭:
您好!您的咨询（查询编号：20160923-3968-4964018）收悉。经研究，现答复如下：
您提出的“未婚生育、已领结婚证，初婚生育，还要交社会抚养费”的问题，按照《中华人民共和国计划生育法》和《深圳经济特区人口与计划生育条例》的规定，对于是否超生的认定按照女方户籍地的生育政策确定，具体事宜请径向计划生育主管部门咨询。有关本市超生政策问题，我们将在《深圳经济特区人口与计划生育条例》修订过程中予以认真研究。
感谢您对政府法制工作的关心。
?
深圳市法制办
2016年9月28日
?
"
7628,关于产假,深圳市人民政府法制办公室,2016.09.21,2016.10.08,"请问新的产假158天什么时侯实行
		","李艳平:
您好!您“关于产假”的咨询（查询编号：20160921-0320-4951324）收悉。经研究，现答复如下：
您咨询“新的产假158天什么时候实行”，目前《深圳经济特区人口与计划生育条例》（以下简称《条例》）修订稿正在进一步研究论证和修改完善中，尚未提交市人大常委会审议。根据《中华人民共和国立法法》、《深圳市制定法规条例》等法律、法规的规定，《条例》的修订需经市人大常委会审议通过并公布后实施。
感谢您对政府法制工作的关心。
?
深圳市法制办
2016年9月28日
"
7629,深圳经济特区人口与计划生育条咧,深圳市人民政府法制办公室,2016.09.21,2016.10.08,"目前新的条咧还没有实施之前，深圳的产假是多少天？如果在休产假期间新的条咧颁布实施了，那可以享受新的条咧增加的产假天数吗?
		","陆菊:
您好!您关于“深圳经济特区人口与计划生育条例”的咨询（查询编号：20160921-7623-4950975）收悉。经研究，现答复如下：
一、关于“新的条例还没有实施之前，深圳的产假是多少天”的问题。
根据《女职工劳动保护特别规定》和2016年新修订的《广东省人口与计划生育条例》的相关规定，除正常98天产假之外，符合法律、法规规定生育子女的夫妻，女方享受30日的奖励假，男方享受15日的陪产假。难产的可再增加30日产假，生育多胞胎的每多生育一个子女增加15日产假。另外，符合现《深圳经济特区人口计划生育条例》晚育条件生育的，还有15日晚育假。
二、关于“如果在休产假期间新的条例颁布实施了，是否可以享受新的条例增加的产假天数”的问题。
根据《中华人民共和国立法法》第九十二条的规定，同一机关制定的立法，新的规定与旧的规定不一致的，适用新的规定；同时按照“谁制定、谁解释”的原则，建议您待该《条例》经市人大常委会审议修订通过后，径向市人大常委会咨询。
感谢您对政府法制工作的关心。
?
深圳市法制办
2016年9月28日
?
?
"
7631,《深圳经济特区人口与计划生育条例》实施时间？,深圳市人民政府法制办公室,2016.09.19,2016.10.08,"《深圳经济特区人口与计划生育条例》?什么时间可以审议通过并实施？征求意见8月15号就截止了。
		","杨宗华:
您好!您的咨询（查询编号：20160919-7196-4939030）收悉。经研究，现答复如下：
您咨询“《深圳经济特区人口与计划生育条例》什么时间可以审议通过并实施”，目前《深圳经济特区人口与计划生育条例》（以下简称《条例》）修订稿正在进一步研究论证和修改完善中，尚未提交市人大常委会审议。根据《中华人民共和国立法法》和《深圳市制定法规条例》等法律、法规的规定，《条例》修订需经市人大常委会审议通过并公布后实施。
感谢您对政府法制工作的关心。
?
深圳市法制办
2016年9月28日
"
7633,关于新的人口与计划生育法规,深圳市人民政府法制办公室,2016.09.12,2016.10.08,"你好，7/15～8/15征集关于新人口和计划生育的法规后面的Schedule是怎样的呀？预计何时可以执行呢？产假的增加会追溯到什么时候开始休产假的妈妈呢？谢谢！
		","Sally:
您好!您的咨询（查询编号：20160912-4456-4920544）收悉。经研究，现答复如下：
一、关于“新的人口与计划生育法规后面的时间表及预计何时可以执行”的问题。
目前《深圳经济特区人口与计划生育条例》（以下简称《条例》）修订稿正在进一步研究论证和修改完善中，尚未提交市人大常委会审议。根据《中华人民共和国立法法》和《深圳市制定法规条例》等法律、法规的规定，《条例》修订需要市人大常委会审议通过并公布后实施。
二、关于“产假的增加会追溯到什么时候开始休产假”的问题。
关于您提出的产假追溯到什么时候的问题，除非《条例》有特别规定，一般不溯及既往。建议您待该《条例》经市人大常委会审议修订通过后，按照“谁制定、谁解释”的原则，径向市人大常委会咨询。
感谢您对政府法制工作的关心。
?
深圳市法制办
2016年9月28日
"
7636,深圳产假,深圳市人民政府法制办公室,2016.08.24,2016.10.08,"你好！关于深圳新的生育条例已经征求意见结束了，增加30天产假请问何时可以实施？关系到休假与生育津贴申领，现在很多正在休产假或者即将休产假的深圳准妈妈上班族特别关心这个问题，那么请问这段空白期休的产假到时可以补休？生育津贴申领天数在实施前是按照现行条例？产假马上到了，请尽快实施！谢谢！
		","黄小娜:
您好!您的咨询（查询编号：20160824-5096-4318133）收悉。经研究，现答复如下：
一、关于“增加30天产假何时可以实施”的问题。
目前《深圳经济特区人口与计划生育条例》（以下简称《条例》）修订稿正在进一步研究论证和修改完善中，尚未提交市人大常委会审议。根据《中华人民共和国立法法》和《深圳市制定法规条例》等法律、法规的规定，《条例》修订需要市人大常委会审议通过并公布后实施。
二、关于“空白期休的产假到时是否可以补休”的问题。
关于您提出的条例修订前的空白期休的产假到时能否补休的问题，除非《条例》有特别规定，一般不溯及既往。建议您待该《条例》经市人大常委会审议修订通过后，按照“谁制定、谁解释”的原则，径向市人大常委会咨询。
三、关于“生育津贴申领天数在实施前是否按照现行条例”的问题。
目前我市有关产假按照《女职工劳动保护特别规定》、2016年新修订的《广东省人口与计划生育条例》以及现《深圳经济特区人口与计划生育条例》(2013年1月1日起施行)的相关规定执行。生育津贴的计算按照生育保险的有关规定，由市人力资源保障局负责并支付给用人单位。如您对生育津贴的具体事宜有疑问，请径向市人力资源保障局咨询。
感谢您对政府法制工作的关心。
?
深圳市法制办
2016年9月28日
?
"
7752,请问如何提起行政复议,深圳市人民政府法制办公室,2016.09.23,2016.09.29,"请教市法制办，如何提起行政复议？能不能在市政府网上信访12345平台提起，就是像这个咨询件一样在网上提起？提起行政复议需要准备什么材料？如果要现场提交的话，应该到哪里提交？
		","郝先生：
你通过网上信访的方式向我办咨询有关行政复议的问题，收悉。我办答复如下：
一、原则上，只要符合行政复议法规定的条件，均可申请行政复议。《行政复议法》第六条对行政复议管辖范围做了规定，请根据法律规定申请行政复议。当然，一般情况下，对行政机关作出的具体行政行为不服，既可以申请行政复议，也可以向人民法院提起行政诉讼。
二、向市政府申请行政复议需提交材料有：1.行政复议申请书（两份原件，需要有你本人签名）。2.被申请人作出具体行政行为的证据材料。3.本人身份证复印件一份。4.委托他人办理的，还须提交：授权委托书原件、被委托人的身份证复印件（律师代理的，须提交律师所函原件、律师执业证复印件）。5.其他必要的证据材料。
三、行政复议的法定申请期限为60日，自你知道或应当知道具体行政行为之日起算。请在行政复议申请期限内提出行政复议申请。
四、向市政府申请行政复议的方式有两种：一、现场提交行政复议申请材料；二、邮寄提交行政复议申请材料。我办行政复议收案室地址：深圳市福田区同心路1号深圳市信访大厅B103室，联系电话：0755-88132145。申请行政复议所需文书参考格式可在深圳政府法制信息网（http://www.sz.gov.cn/fzb/）下载，或者前往我办行政复议收案室领取。目前，市政府尚未建立起网上申请行政复议的平台，尚不能通过网上申请行政复议。
如有不明之处，建议尽早向我办进行电话咨询，电话号码：0755-88101165、0755-88120397。
??? 此复。
?
?
??????????????????????? 深圳市人民政府法制办公室
???? ???????????????????????2016年9月28日
?
"
8066,积分入户新旧规定变化诠释,深圳市人民政府法制办公室,2016.09.07,2016.09.20,"我在深圳唯学教育机构报名考证，专业：客户服务管理师（高级）。准备积分入户深圳。12月就要考试了，但唯学教育机构说，收到上级通知，明年1月政策有变，开始实行新的积分计法。本专业不一定有积分或者积多少分，都不确定。现咨询：是否政策真的有变？果真要变，我们是旧政策下报名的，新规下来前也考试完毕了，不是应试按旧政策的承诺标准执行吗？不然，不是有欠公允吗？请回复，谢谢！
		","万生：
您好！您关于“积分入户新旧规定变化诠释”的咨询（查询编号：20160907-8620-4568268）收悉。经研究，现答复如下：
您来信咨询积分入户政策是否有变以及新旧规定的衔接问题。深圳市人民政府于2016年8月8日印发了《深圳市户籍迁入若干规定》（深府〔2016〕59号），其中对办理人才引进迁户作了规定。据了解，市人力资源保障局正在根据上述文件研究调整人才引进积分入户政策。关于该政策的出台时间、与旧政策如何衔接的建议等问题，请径向市人力资源保障局咨询或者提出意见、建议。
感谢您对我市法制工作的支持！
?
?
深圳市法制办
2016年9月19日
"
8093,超生已征收社会抚养费的计生政策咨询,深圳市人民政府法制办公室,2016.09.08,2016.09.19,"深圳法制办领导，您好！现咨询按原计生政策为超生一孩，并且已经征收了社会抚养费。现2016年国家放开二孩，但是对于现入户深圳的计生规定中（三）自依法处理完毕之日起未满五年的，超生人员及其子女户口不得迁入本市；的这款规定什么时间进行修订？修订结果何时公布？谢谢！
		","张明:
您好!您关于“超生已征收社会抚养费的计生政策”的咨询（查询编号：20160908-9953-4697045）收悉。经研究，现答复如下：
您提出的“对于自依法处理完毕之日起未满五年，超生人员及其子女户口不得迁入本市的规定什么时间进行修订”的问题，我们将在《深圳经济特区人口与计划生育条例》修订稿的审查修改过程中，对您提出的问题进行认真研究。
关于您咨询的修订结果何时公布的问题，目前《深圳经济特区人口与计划生育条例》（以下简称《条例》）修订稿正在进一步研究论证和修改完善中，尚未提交市人大常委会审议。根据《中华人民共和国立法法》和本市有关法规制定程序的规定，《条例》修订需要市人大常委会审议通过后，才能正式公布实施。
感谢您对政府法制工作的关心。
?
深圳市法制办
2016年9月18日
"
8094,深圳经济特区人口与计划生育条例修正条例实施时间,深圳市人民政府法制办公室,2016.08.31,2016.09.19,"目前了解到深圳公立医院休产假的时间都不一样，想知道新条例什么时候可以正式实行？这个条例没有正式出来时，深圳职员的产假是按照什么条例休，是否已经取消一胎晚育假？哪里有正式的关于目前产假的红头文件？谢谢！
		","陈海芯:
您好!您关于“深圳经济特区人口与计划生育条例实施时间”的咨询（查询编号：20160831-0516-4400511）收悉。经研究，现答复如下：
一、关于“新条例什么时候可以正式实行”的问题。
目前《深圳经济特区人口与计划生育条例》（以下简称《条例》）修订稿正在进一步研究论证和修改完善中，根据《中华人民共和国立法法》和本市有关法规制定程序的规定，《条例》修订需要市人大常委会审议通过后，才能正式公布实施。
二、关于“条例没出台之前深圳职员的产假按什么条例休以及是否已经取消一胎晚育假”的问题。
目前我市有关产假按照《女职工劳动保护特别规定》、2016年新修订的《广东省人口与计划生育条例》以及现《深圳经济特区人口与计划生育条例》(2013年1月1日起施行)的相关规定执行。如符合现《深圳经济特区人口计划生育条例》晚育条件生育的，仍可按现行规定享受15日晚育假。
三、关于“哪里有正式的关于目前产假的红头文件”的问题。
《女职工劳动保护特别规定》您可以通过国务院公报、中国政府法制信息网等进行查询；《广东省人口与计划生育条例》您可以通过广东省常务委员会公报、广东省人大网等进行查询；《深圳经济特区人口与计划生育条例》您可通过常务委员会公报或深圳人大网（http://www.szrd.gov.cn/）等进行查询。
感谢您对政府法制工作的关心。
?
深圳市法制办
2016年9月18日
"
8095,深圳经济特区人口与计划生育条例（修订征求意见稿）,深圳市人民政府法制办公室,2016.09.07,2016.09.19,"请问，7月15日征集的??深圳经济特区人口与计划生育条例（修订征求意见稿），什么时间会公布实施
		","龚文举:
您好!您关于“深圳经济特区人口与计划生育条例（修订征求意见稿）”的咨询（查询编号：20160907-7014-4566985）收悉。经研究，现答复如下：
您咨询的“7月15日征集的深圳经济特区人口与计划生育条例（修订征求意见稿），什么时间会公布实施”的问题，目前《深圳经济特区人口与计划生育条例》（以下简称《条例》）修订稿正在进一步研究论证和修改完善中，尚未提交市人大常委会审议。根据《中华人民共和国立法法》和本市有关法规制定程序的规定，《条例》修订需要市人大常委会审议通过后，才能正式公布实施。
感谢您对政府法制工作的关心。
?
深圳市法制办
2016年9月18日
"
8096,深圳会不会实行158天产假？什么时候开始实行？,深圳市人民政府法制办公室,2016.09.07,2016.09.19,"您好，请问深圳会不会实行158天产假？什么时候开始实行？如果在实行之前女职工已经在休产假了，期间，新政策落实实行的话，女职工是否能享受新政策延长产假期限？
		","黄运芬:
您好!您关于“深圳会不会实行158天产假，什么时候开始实行”的咨询（查询编号：20160907-0071-4567974）收悉。经研究，现答复如下：
一、关于“深圳会不会实行158天产假，什么时候开始实行”的问题。
目前《深圳经济特区人口与计划生育条例》（以下简称《条例》）修订稿正在进一步研究论证和修改完善中，尚未提交市人大常委会审议。根据《中华人民共和国立法法》和本市有关法规制定程序的规定，《条例》修订需要市人大常委会审议通过后，才能正式公布实施。
二、关于“如果在实行之前已经在休产假，期间，新政策落实实行的话，女职工是否能享受新政策延长产假期限”的问题。
根据《中华人民共和国立法法》第九十二条的规定，同一机关制定的立法，新的规定与旧的规定不一致的，适用新的规定；同时按照“谁制定、谁解释”的原则，建议您待该《条例》经市人大常委会审议修订通过后，径向市人大常委会咨询。
感谢您对政府法制工作的关心。
?
深圳市法制办
2016年9月18日
"
8304,关于深圳市难产假的有关规定,深圳市人民政府法制办公室,2016.09.04,2016.09.14,"您好，我想咨询下我市有关制度中关于难产假规定是多少天，谢谢
		","黄巧娱：
您好。您的咨询（查询编号：20160904-8695-4412068）收悉。经研究，现答复如下：
您的咨询中涉及难产假的相关问题。截止目前，我市有关女职工难产的假期，均按国家有关规定执行。根据《女职工劳动保护特别规定》的规定，难产的增加假期15天。如您对休难产假的具体事宜有疑问，请径向市卫生和计划生育委员会咨询。
感谢您对政府法制工作的理解与支持。
?
?
深圳市法制办
2016年9月13日
"
8443,如何确认村民是否有资格购买股份,深圳市人民政府法制办公室,2016.08.19,2016.09.08,"母亲是50年代土生土长的原居民，于1980年与来深的父亲结婚后，产下两80年代儿子并获得深圳户口。一家四口一直在村里居住工作生活。村内的说法是外嫁女只有她本人享受村里的所有福利（股份公司分红、村委分红、山代分红、出售土地赔偿）。我们三人都只能通过购买股份公司的股份得到单一的股份公司分红。具了解其他村的村民像我们这样情况的也能获得（股份公司分红、村委分红、山代分红、出售土地赔偿）等福利 我们三人是否有权获与母亲一样的权利？如何获得？
		","徐金鹏同志：
您好，您于2016年8月19日向我办以电子邮件形式递交的题为：“如何确认村民是否有资格购买股份”的信访材料收悉。经认真研究，现对您的信访咨询答复如下：
我市于1994年4月29日市一届人大第二十二次会议通过《深圳经济特区股份合作公司条例》（以下简称《条例》）。由于我市股份合作公司的差别较大，各股份合作公司情况有别，很难整齐划一、一刀切。宝安、龙岗都出台了相应的股改文件。《条例》和相关文件均明确股东资格及利润分配方法由股份合作公司章程进行规定，并经股东代表大会决定。您所提出的能否成为股东并享受相应的权利与义务以及取得方式等应当由股东代表大会依章程规定决定。因此，您所反映的问题属于股份合作公司自主决定的内部事务，股份合作公司股东大会或者代表大会对此有自主决定权。
感谢您对政府法制工作的信赖和理解。
专此答复。
?
深圳市人民政府法制办公室
2016年9月7日
"
8444,关于生育医疗保险报销政策,深圳市人民政府法制办公室,2016.08.24,2016.09.08,"你好！我们公司有给我买生育医疗保险，而且我还是综合医疗保险。今年4月我在湖南老家生孩子，住院7天，出院结算时医院按照农村医疗保险报销了百分之25，可是当时把住院收费依据上交了，现在只有加盖章的收据复印件跟费用清单等等单据，有计划生育证明，那么请问我还可以按照深圳医疗政策报销余下百分之75？如果不能报销，那么所交的生育医疗保险是不是没有意义了；另外产后复查费用有收费单据可以报销？要满足什么条件？是不是产后一年内产生的费用都可以报销？是不是一定要公立医院才能报销？请解释一下报销政策，谢谢！
		","黄小娜：
您好。您的咨询收悉。经研究，现答复如下：
您的咨询中涉及生育保险参保和报销的相关问题。《广东省职工生育保险规定》规定，用人单位及其职工按照属地管理原则在用人单位注册登记地参加生育保险。根据上述规定，参保人依法不得在两地重复参保、享受待遇。此外，《广东省职工生育保险规定》、《深圳市人力资源和社会保障局关于<广东省职工生育保险规定>的实施办法》对职工享受的生育保险费用待遇、报销程序和条件、申请报销需提交的材料和证明等内容作出了明确规定。您对于生育保险的具体报销事宜，请径向市人力资源和社会保障部门咨询。
感谢您对政府法制工作的理解与支持。
?
深圳市法制办
2016年9月7日
"
8543,交警机训大队有权封路查车吗？,深圳市人民政府法制办公室,2016.08.29,2016.09.05,"事由：8月28日晚，公明南环大队松宝大家居广场路口，一名警察带4个机训队员封路查车（属于光明交警大队），警戒线刚好把进入明景园小区路口圈在内，导致开车市民需要绕行其他入口进入。针对 本次执法我有以下疑问？ 1：机训大队有权封路查车吗？ 我查看深圳交警网站，描叙 机训大队职责主要为负责交通警卫任务及交通安全保卫工作，保障道路安全畅通负责支队轮值轮训工作。并没有描述关于交通管理，车辆管理及违例处罚方面的内容。 2：一名民警带4到5个巡防队员封两条道查车，是否符合行为规范? 我见过的交警查车现场都会有至少两名交警在现场。 3：警戒线刚好把方便市民进出的小区路口圈在内，对执法地点的选择是否合适？ 
		","市民王文帆：
您好！查询编号为20160829-2369-4359186的来信收悉。现答复如下：
针对您在来信中所咨询的问题，市公安局交通警察局（支队）机动训练大队的执法职责和权限（维护交通安全和交通秩序，处理交通事故；法律、法规规定的其他职责）已在《深圳市人民政府公报》作了行政执法主体公告，您可以通过深圳政府在线的信息公开专栏查询；对于行政执法，一般程序依法应当至少由两名行政执法人员进行，简易程序依法可以由一名执法人员进行；至于地点的选择，根据您的表述，难以判断当时的合理性。综上，如果您认为交警部门的行为侵犯了您的合法权益，您可以依法申请行政复议或者提起行政诉讼。
此复。
?
?
?
市法制办
2016年9月5日
"
8628,关于产假与深圳经济特区人口与计划生育条例,深圳市人民政府法制办公室,2016.08.23,2016.09.01,"请问产假158天大概多久会实施执行？符合新政策者，若产假在新政策出台前结束后是否可补休少了的15天？
		","李先生（女士）:
您好!您关于“产假与深圳经济特区人口与计划生育条例”的咨询（查询编号：20160823-8226-4317611）收悉。经研究，现答复如下：
一、关于“产假158天大概多久会实施执行”的问题。
目前《深圳经济特区人口与计划生育条例》（以下简称《条例》）修订稿正在进一步研究论证和修改完善中，根据《中华人民共和国立法法》和本市有关法规制定程序的规定，《条例》修订需要市人大常委会审议通过后，才能正式公布实施。
二、关于“符合新政策者，若产假在新政策出台前结束后是否可补休少了的15天”的问题。
关于您提出的出台以后能否补休的问题，除非《条例》有特别规定，一般不溯及既往。建议您待该《条例》经市人大常委会审议修订通过后，按照“谁制定、谁解释”的原则，径向市人大常委会咨询。
感谢您对政府法制工作的关心。
?
深圳市法制办
2016年8月31日
"
8631,深圳现在产假具体按多少天执行？,深圳市人民政府法制办公室,2016.08.10,2016.09.01,"请问，现在深圳机关单位产假具体按多少天执行？新计生条例具体什么时候能出台正式文件？没出台之前产假按多少天执行？出台以后可以补休吗？谢谢。
		","何霞:
您好!您关于“深圳现在产假具体按多少天执行”的咨询（查询编号：20160810-2240-4277069）收悉。经研究，现答复如下：
一、关于“现在深圳机关单位产假及条例没出台之前产假具体按多少天执行”的问题。
根据《女职工劳动保护特别规定》和2016年新修订的《广东省人口与计划生育条例》的相关规定，除正常98天产假之外，符合法律、法规规定生育子女的夫妻，女方享受30日的奖励假，男方享受15日的陪产假。难产的可再增加30日产假，生育多胞胎的每多生育一个子女增加15日产假。另外，符合现《深圳经济特区人口计划生育条例》晚育条件生育的，还有15日晚育假。
二、关于“新计生条例具体什么时候能出台正式文件”的问题。
目前《深圳经济特区人口与计划生育条例》（以下简称《条例》）修订稿正在进一步研究论证和修改完善中，根据《中华人民共和国立法法》和本市有关法规制定程序的规定，《条例》修订需要市人大常委会审议通过后，才能正式公布实施。
三、关于“出台以后能否补休产假”的问题。
关于您提出的出台以后能否补休的问题，除非《条例》有特别规定，一般不溯及既往。建议您待该《条例》经市人大常委会审议修订通过后，按照“谁制定、谁解释”的原则，径向市人大常委会咨询。
感谢您对政府法制工作的关心。
?
深圳市法制办
2016年8月31日
"
9145,关于产假与深圳经济特区人口与计划生育条例,深圳市人民政府法制办公室,2016.07.25,2016.08.09,"新的条例征集意见之后，大概多久会实施执行？如果新条例实施之前已开始休产假，实施之后，还在产假中，是否还享有增加的30天产假？谢谢 
		","张思思:
您好!您关于“关于产假与深圳市经济特区人口与计划生育条例”的咨询（查询编号：20160725-4659-4249321）收悉。经研究，现答复如下：
一、关于“新条例征集意见之后，多久会实施执行”的问题。
目前《深圳经济特区人口与计划生育条例》（以下简称《条例》）修订稿正在进一步研究论证和修改完善中，根据《中华人民共和国立法法》和本市有关法规制定程序的规定，《条例》修订需要市人大常委会审议通过后，才能正式公布实施。
二、关于“如果新条例实施之前已开始休产假，实施之后，还在产假中，是否还享有增加的30天产假”的问题。
根据《中华人民共和国立法法》第九十二条的规定，同一机关制定的立法，新的规定与旧的规定不一致的，适用新的规定；同时按照“谁制定、谁解释”的原则，建议您待该《条例》经市人大常委会审议修订通过后，径向市人大常委会咨询。
感谢您对政府法制工作的关心。
?
深圳市法制办
2016年8月5日
"
9317,请尽快出台再婚再生育规定,深圳市人民政府法制办公室,2016.07.21,2016.08.02,"从今年的2月份到最近深圳市法制办公开征求《深圳经济特区人口与计划生育条例（修订征求意见稿）》的意见，作为普通大众的一员，认为这是尊重民生、顺从民意的好举措。但细看所谓的修订稿，却发现老百姓真正关注的再生育政策依然是一字未见修改：第二十四条中“符合法律、法规规定条件的，经批准，可以再生育。”中的相关规定条件依然没有没有细化； 第二十五条 中依然是“生育登记、再生育审批办法由市主管部门另行制定。” 修订稿中几次征询稿中都没有涉及再婚生育政策这些民生迫切希望的，媒体还在大肆宣扬是计生的法律样本，这不是自己打自己的脸，也让苦苦等待的民众大失所望、心痛不已。纵观全国，唯有广东还未细化，请不违背上位法，请参考其他省市，尽快细化。 
		","薛海燕:
??? 您好!您关于“请尽快出台再婚再生育规定”的咨询（查询编号：20160721-5339-4221824）收悉。经研究，现答复如下：
您提出的“参考其他省市，尽快细化再婚再生育规定”的问题，根据《中华人民共和国人口与计划生育法》第十八条第二款的规定，再生育的具体办法由省、自治区、直辖市人民代表大会或者其常务委员会规定，本市无权作出规定，需待广东省明确再生育的相关政策。
感谢您对政府法制工作的关心。
?
深圳市法制办
2016年8月1日
"
9322,二胎妈妈的急切期望,深圳市人民政府法制办公室,2016.07.18,2016.08.02,"你好，我是一个即将生育的二胎妈妈，非常关心产假的问题。想咨询，现在深圳经济特区人口与计划生育条例（修订征求意见稿）正在征求意见中，从征求意见结束到正式发布还要经过几个程序才能最终发布呢?
		","刘晓红:
您好!您关于“《深圳经济特区人口与计划生育条例（修订征求意见稿）》发布程序”的咨询（查询编号：20160718-4715-4185824）收悉。经研究，现答复如下：
根据《中华人民共和国立法法》和本市有关法规制定程序的规定，我办在面向社会和市相关单位征求意见结束后，将按照有关规定进行审查、论证、修改，形成法规草案送审稿提请市政府常务会议审议；市政府常务会议审议通过后，将以市政府议案形式提请市人大常委会审议；待市人大常委会审议通过后，才能正式发布。
感谢您对政府法制工作的关心。
?
深圳市法制办
2016年8月1日
"
9324,深圳特区培产假规定,深圳市人民政府法制办公室,2016.07.25,2016.08.02,"深圳特区2016陪产假规定的是多少天？
		","段梦君:
您好!您关于“深圳特区陪产假规定”的咨询（查询编号：20160725-7300-4249185）收悉。经研究，现答复如下：
您咨询的“深圳特区2016陪产假天数”的问题，根据2016年新修订的《广东省人口与计划生育条例》第三十一条的规定，符合法律、法规规定生育子女的夫妻，女方享受三十日的奖励假，男方享受十五日的陪产假。
感谢您对政府法制工作的关心。
?
深圳市法制办
2016年8月1日
"
9326,再婚家庭生育二胎政策,深圳市人民政府法制办公室,2016.07.19,2016.08.02,"再婚家庭生育二胎怎么规定的
		","鲁文莉:
您好!您关于“再婚家庭生育二胎政策”的咨询（查询编号：20160719-3515-4187279）收悉。经研究，现答复如下：
您咨询的“再婚家庭生育二胎怎么规定”的问题，根据《中华人民共和国人口与计划生育法》第十八条第二款的规定，再生育的具体办法由省、自治区、直辖市人民代表大会或者其常务委员会规定。鉴于广东省尚未出台再生育的相关政策，有关“再婚家庭生育二胎”的规定，待省再生育的相关政策出台后才能明确。
感谢您对政府法制工作的关心。
?
深圳市法制办
2016年8月1日
"
9441,股权投资项目投资协议示范文本公布在哪里？,深圳市人民政府法制办公室,2016.07.15,2016.07.27,"按《深圳市财政产业专项资金股权投资管理办法（试行）》第十五条“市财政部门会同市法制部门和业务主管部门编制并发布股权投资项目投资协议示范文本。”示范文本哪里有？我公司想申报项目前阅读学习一下。
		","黄斐：
??? 您好！
您于2016年7月15日通过网络咨询信访系统提交的主题为“股权投资项目协议示范文本公布在哪里？”的咨询收悉。我办经研究，答复如下：
固定收益类股权投资项目协议示范文本已发布，您可前往深圳市科技创新委员会官方网站查看。
感谢您对我办工作的信任与理解！
特此函复。
?
?
深圳市人民政府法制办公室
2016年7月25日
"
9526,关于深圳市物价局 深价〔1999〕15号] 文件的效力,深圳市人民政府法制办公室,2016.07.19,2016.07.22,"请问，《关于规范房地产中介服务收费的通知》深圳市物价局 深价〔1999〕15号 现在是否还有效？
		","陈善茵：
您好！
您通过信访方式（查询编号：20160719-4290-4191546）向我办进行咨询，现根据您提供的信息答复如下：
《关于规范房地产中介服务收费的通知》（深价〔1999〕15号）已废止，现已无效力。
感谢您对政府法制工作的支持。
?
深圳市人民政府法制办公室
2016年7月20日
"
9625,行政决定被撤消，应在多长期限内作出新决定？,深圳市人民政府法制办公室,2016.07.11,2016.07.18,"市法制办的领导您好 在我市办理行政复议案件中，复议机关撤消了行政机关的行政决定或确认行政机关未在法定期限内履职违法后，行政机关应在多长期限内作出新的决定？请给予解答，谢谢!
		","张玉林：
您通过信访方式向我办进行咨询，现根据你提供的信息答复如下：
根据《中华人民共和国行政复议法实施条例》第四十九条规定，行政复议机关依照行政复议法第二十八条的规定，责令被申请人重新作出具体行政行为的，被申请人应当在法律、法规、规章规定的时限内重新作出具体行政行为；法律、法规、规章未规定期限的，重新作出具体行政行为的期限为60日。
感谢您对政府法制工作的支持。
?
?
深圳市人民政府法制办公室
2016年7月15日
"
9727,如何合法讨薪,深圳市人民政府法制办公室,2016.06.28,2016.07.12,"尊敬的领导：您好！！我于2013年10月在深圳市博胜高科技公司工作，直至2015年11月公司解散，公司一直拖欠我8、9、10、11月工资，多次和公司负责人沟通无果，2016年2月到石岩劳动办申请劳动仲裁，6月24日开庭，公司负责人没到庭，仲裁委要公告送达3个月后，让我回去等通知。之后我在网上查询公司负责人已被列为失信执行人名单，请问：我下一步如何合法讨薪成功呢？？谢谢！！
		","郭宝生：
???? 您关于“如何合法讨薪”（查询编号：20160628-0287-3727275）的咨询收悉。经研究，现答复如下：
《深圳经济特区欠薪保障条例》（以下简称《条例》）及其实施细则规定，用人单位发生欠薪，且有“人民法院依法受理其破产申请”或者“其法定代表人或者主要负责人隐匿或者逃逸”情形之一时，员工可以向所在区人力资源部门提出欠薪垫付申请。根据您来信提供的情况，若您所在单位发生《条例》规定的上述情形，您可以在等待劳动仲裁裁决的同时，按照《条例》规定向区人力资源行政部门提出欠薪垫付申请。关于申请欠薪垫付的具体事项，您可以向欠薪单位所在区的人力资源部门咨询。
感谢您对我市法制工作的关心和支持。
?
?
深圳市法制办
??????????????????????????????????? 2016年7月8日
"
15352,《关于进一步规范我市物业管理招标投标工作的通知》该文件是否过期？还有效力否？,深圳市人民政府法制办公室,2015.11.21,2015.12.01,"关于进一步规范我市物业管理招标投标工作的通知　　发布时间：2012-07-26　 　　各区住房和建设局，宝安区建设局、住宅局，光明、坪山新区城建局，市建设工程交易服务中心及各有关单位：　　为促进我市物业管理市场的公平、有序竞争，维护招标投标当事人的合法权益，推进物业管理行业健康发展，根据《中华人民共和国招标投标法》、《中华人民共和国招标投标法实施条例》、《物业管理条例》、《深圳经济特区物业管理条例》、《前期物业管理招标投标管理暂行办法》、《关于发布〈深化建设工程招标投标改革的若干措施〉的通知》（深建市场〔2012〕72号），现就进一步规范我市物业管理招标投标工作的有关事项通知如下：　　一、充分认识规范物业管理招标投标工作的重要意义　 （一）有利于提高物业服务企业市场竞争意识。　　通过规范物业管理招标投标工作，引导、鼓励物业服务企业积极参与市场竞争，激励企业完善经营管理制度和创新物业服务产品，提高企业的市场竞争能力和抵抗风险能力。　 （二）有利于构建物业管理市场良性竞争机制。　　招投标制度是现代物业管理基本制度之一，是构建物业管理市场良性竞争机制、维护市场秩序的重要保障。通过规范物业管理招标投标工作，为建设单位、物业服务企业、业主大会、业主委员会等市场主体提供开展物业管理招标投标工作的行为准则，构建并维护物业管理市场良性竞争机制。　 （三）有利于提升物业管理行业发展水平。　　招标投标制度的有效实行能够激励物业服务企业以市场需求为基础，创新服务内容和手段，提升服务质量，有利于物业管理行业形成积极创新与有序竞争的良好发展环境，逐步推动行业实现转型升级和做大做强。　 （四）有利于减少社区物业管理矛盾纠纷。　　物业服务企业的选聘活动是导致社区物业管理矛盾纠纷的重要因素之一。通过规范物业管理招标投标工作，有利于遏制违法违规、恶意竞标等行为，减少因选聘物业服务企业引致的社区物业管理矛盾纠纷，维护社区的和谐、稳定。　　二、进一步规范物业管理招标投标工作的主要事项　 （一）交易平台。　　从通知发布之日起，建设单位须进入深圳工程交易服务中心（含龙岗工程交易分中心和宝安工程交易分中心，以下简称交易中心）进行前期物业管理招投标活动（依法须通过政府采购中心进行的招投标活动除外）。　　提倡业主大会进入交易中心进行物业管理招投标活动。　 （二）招标时限。　　1.新建现售商品房项目应当在现售前30日完成；　　2.预售商品房项目应当在取得《商品房预售许可证》之前完成；　　3.非出售的新建物业项目应当在交付使用前90日完成。　 （三）招标人、投标人信息采集。　　进入交易中心进行物业管理招投标活动的，招标人需提前到交易中心办理企业信息备案，投标人需提前到交易中心办理企业信息卡和投标员信息采集。　 （四）招投标活动备案。　　建设单位在发布招标公告或者发出投标邀请书的10日前，　　应当填写《深圳市前期物业管理招投标备案表》报区物业管理主管部门备案。　 （五）招标公告的发布。　　进入交易中心进行物业管理招标活动的，应当在交易中心发布招标公告；未进入交易中心进行物业管理招标活动的，应当在深圳市物业管理协会网上发布招标公告。　 （六）招标文件的编制。　　招标人应根据市物业管理主管部门发布的物业管理招标文件示范文本，结合招标项目的特点和需要编制招标文件。　　招标文件确定的评标方法和评标标准不得违背相关法律、法规的规定。　 （七）评标委员会的组成。　　市物业主管部门对物业招投标专家进行监管及完善，委托交易中心负责日常管理。　　评标委员会由招标人代表和物业管理方面的专家组成，成员为5人以上单数，其中招标人代表以外的物业管理方面的专家为成员总数的三分之二。招标人在开标当天上午到交易中心抽取评标专家。　 （八）评标和定标方法。　　原则上要求招标人采用评定分离法；招标人也可根据招标项目实际情况选择综合评估法或抽签定标法，并选择下列方法定标：　　1.采用评定分离法的，由招标人从评标委员会推荐的合格候选人中确定中标人。（评标方法：综合评估法；定标方法：直接票决法，即由招标人组建定标委员会进行定标，定标细则和定标委员会的组建参照深建市场（2012）72号文）。　　2.采用综合评估法的，根据评标委员会评标报告中推荐的中标候选人顺次排序确定中标人。排名在前的中标候选人放弃中标的，招标人可以依序确定其他中标候选人为中标人。　　3.采用抽签定标法的，通过抽签方式确定中标人。　 （九）招投标服务费。　　招标过程中发生的交易服务费、招标代理费由招标人承担，但招标成功后依据招标文件的约定由中标人或者投标人承担的除外。　 （十）业主大会进行物业管理招投标活动的主要事项。　　1.业主大会通过招投标方式选聘物业服务企业的，业主大会应授权业主委员会负责开展各项具体工作。　　2.以下事项由业主大会决定：　 （1）是否通过对原物业服务企业的续聘方案；　 （2）是否通过业主委员会编制的招标文件；　 （3）是否进入交易中心进行物业管理招投标活动；　 （4）是否委托招标代理机构进行物业管理招标投标活动。　　3.在发布招标公告或者发出投标邀请书的10日前，业主委员会应填写《深圳市物业管理招投标活动信息采集表》，并经由物业所在地社区工作站及街道办事处签署意见后组织招投标工作。　　4.业主大会授权业主委员会自行组织招投标活动的，应当在开标当天到交易中心申请抽取评标专家，并自行组织评标工作。　　5.定标方法采用评定分离法的，由业主委员会组织召开业主大会会议确定中标人。　　6.中标结果应在物业管理区域内向业主公布。　　(十一）采取协议方式选聘物业服务企业的审批事项。　　符合《深圳经济特区物业管理条例》第七十四条第一款第（三）、（四）项条件的住宅物业，建设单位须填写《深圳市以协议方式选聘前期物业服务企业申请表》报区物业管理主管部门，经批准后可采取协议方式选聘物业服务企业。　　业主大会授权业主委员会进入交易中心进行物业管理招投标活动时，符合《深圳经济特区物业管理条例》第七十四条第一款第（四）项条件的，业主委员会凭交易中心出具的《投标单位报名一览表》，由业主大会采取协议方式选聘物业服务企业。业主大会授权业主委员会自行组织（未进入交易中心）物业管理招投标活动时，应当重新组织招标。　　进入交易中心进行物业管理招投标活动且采取协议方式选聘物业服务企业的，建设单位或业主委员会须取得交易中心出具的《招投标程序完成证明书》。建设单位或业主委员会在向区物业管理主管部门办理物业服务合同备案时，须提供《招投标程序完成证明书》。　　三、加强对物业管理招标投标工作的指导与监管　　市物业管理主管部门应加强对物业管理招投标活动的政策指导与行政监管，实现物业管理招投标工作的制度化、规范化。　　区物业管理主管部门应以前期物业管理招投标活动备案与物业服务合同备案为抓手，指导和监督物业管理招投标活动依法、有序进行，并依照《深圳经济特区物业管理条例》等相关法规对违法违规行为进行处罚。　　交易中心应依法为物业管理招投标活动提供服务，为建设单位、业主大会等招标人及投标人提供必要的技术、法规咨询服务。　　市物业管理协会应配合物业管理主管部门对参与物业管理　　投标活动的物业服务企业进行指导和监督，对违法违规的物业　　服务企业给予警告、业内通报批评或者公开谴责等制裁。　　四、生效日期及试用期限　　本通知自发布之日起试行，试用期6个月。以往发布的规定与本通知有冲突的，以本通知为准。　　五、联系方式　　1、交易中心　　联系电话：83787179 　　地址：福田区振华路8号设计大厦业务办理窗口　　2、宝安建设工程交易服务中心　　联系电话：29993882 　　地址：宝安区新安二路195号健华大厦A座4楼　　3、龙岗建设工程交易服务中心　　联系电话：28589112 　　地址：龙岗中心城黄阁路深圳市交易服务中心龙岗分中心1楼　　特此通知。　　附件：　　1.深圳市前期物业管理招投标备案表（建设单位）；　　2.深圳市物业管理招投标活动信息采集表（业主委员会）；　　3.深圳市以协议方式选聘前期物业服务企业申请表（建设单位）；　　4.深圳市物业管理招标投标程序及流程图；　　5.深圳市物业管理招标文件（示范文本）。深圳市住房和建设局　　　　　　　　　 　　　 　二一二年七月二十五日　　 
		","吴继鹏：
您好，您的来信（查询编号：20151121-2951-3363831）收悉。来信咨询《关于进一步规范我市物业管理招标投标工作的通知》的期限和有效性，我办答复如下：
依照我市规范性文件管理规定并结合《关于进一步规范我市物业管理招标投标工作的通知》中关于“生效日期及试用期限”的规定，由市住房和建设局发布的《关于进一步规范我市物业管理招标投标工作的通知》已经失效。
专此函复。
?
深圳市人民政府法制办公室
2015年11月30日
"
19375,关于深圳市海上休闲船舶运营安全管理办法的咨询,深圳市人民政府法制办公室,2015.06.12,2015.06.26,"您好，我想咨询下《深圳市海上休闲船舶运营安全管理办法》是否包含对摩托艇的管理？
		","陈俊楷：
您好！您于2015年6月12日向我办提交的网上来信（来文编号：20150612-1676-2917149）收悉。现就有关咨询事项回复如下：
《深圳市海上休闲船舶运营安全管理办法》适用于载客12人及以下，并经船舶检验、船舶登记取得相关船舶证书的船舶。如来信所称的摩托艇属于《中华人民共和国船舶登记条例》规定需要进行登记、《中华人民共和国船舶和海上设施检验条例》规定需要进行检验的船舶，应当遵守《深圳市海上休闲船舶运营安全管理办法》的规定。
此复
?
???? ???????????????????深圳市法制办
?????????????????????? 2015年6月26 ?日
"
20342,对待老年人的政策,深圳市人民政府法制办公室,2015.05.03,2015.05.12,"我想知道当地政府对待老年人的政策
		","
李俊贤：
您好！您向我办提交的咨询来信（来文编号：20150503-4457-2867946）收悉。经向市民政局和市老龄办了解，为切实给老年人办好事、办实事，我市一直致力于制定落实有关老年人优惠待遇的政策，包括景点门票优惠、乘车优惠和高龄老人津贴等。相关政策法规，您可登陆市民政局网站的“老龄服务”板块查询。如您需进一步了解有关情况，建议您向市民政局社会福利和社会事务处（电话：12349）和市老龄办（电话：25832626）咨询。
感谢您的来信！
?
?
深圳市人民政府法制办公室
2015年5月11日
?
?
"
20357,2014年深圳市引进人才住房补贴事宜,深圳市人民政府法制办公室,2015.05.05,2015.05.11,"2014年深圳市引进人才的住房补贴未申请，当时政策并没有告知，如果2015年1月1日前不申请，就不能再申请，请问2014年引进人次未申请住房补贴的人，现在如何申请？有相关政策吗？如果没有请告知如何可以申请？
		","李玉坤：
? 您好，来信《2014年深圳市引进人才住房补贴事宜》（查询编号：20150505-0961-2869210）收悉。经研究，答复如下：
?一、我市关于原高、中初级人才租房补贴的衔接规定。《深圳市人才安居办法》（深圳市人民政府令第273号）已就原高、中初级人才租房补贴政策与《深圳市人才安居暂行办法》作衔接安排，按照《深圳市人才安居办法》第三十九条的规定，原高、中初级人才租房补贴申请截至2014年12月31日，并且2014年受理的中初级人才可以按照原标准和条件发放至2015年12月。2015年1月1日后新引进人才可以按照相关规定申请新引进人才租房补贴。
二、关于人才的安居保障工作，我市先后出台了《深圳市保障性住房条例》、《深圳市安居商品房轮候与配售办法》、《深圳市公共租赁住房轮候与配租暂行办法》和《深圳市人才安居办法》等法规、规章和规范性文件，上述规定除向人才提供租房补贴外，还规定可通过个人轮候、面向重点企事业单位定向配租等方式对人才出租公共租赁住房，通过轮候的方式向人才出售安居型商品房。您可以根据规定相应申请，具体情况请咨询相关主管单位。
谢谢您对我办工作的信任和支持！
?
深圳市人民政府法制办公室
2015年5月11日
?
"
20932,《深圳市法制局关于我市行政机关行政执法适用法律的指导意见》,深圳市人民政府法制办公室,2015.03.16,2015.04.09,"问题一：
上述指导意见中第二条第（二）款，在特区外的宝安、龙岗两区（下称特区外两区），法律、行政法规、省及市地方性法规、省政府规章没有规定而特区法规有规定的，适用特区法规的规定。现特区已扩大至宝安、龙岗，请问，该两个区是否优先适用特区法规，即遵循第二条第（一）款的规定。
问题二：
政府及其工作部门所作出的《XXX指导意见》的法律效力如何，是否下级机关必须遵守执行，不执行的法律后果是什么？
以上，麻烦您抽空解答，万分感谢！
		","辛哲聪：??? 您好！您关于《深圳市法制局关于我市行政机关执法适用法律的指导意见》的咨询（查询编号：20150316-8640-2827311）收悉。经研究，现答复如下：??? 一、2010年深圳经济特区范围扩大到全市后，经过对经济特区法规的全面清理，对部分特区法规作了修改和废止，目前深圳经济特区法规已全面适用于包括宝安、龙岗两区在内的整个特区范围。因此，宝安、龙岗两区适用《深圳市法制局关于我市行政机关执法适用法律的指导意见》第二点“关于特区法规的适用 ”第（一）项“特区法规在特区内适用。特区法规与法律、行政法规、省地方性法规、部门规章、省政府规章对同一事项规定不一致的，在特区内适用特区法规的规定”。??? 二、您在咨询中提出的政府及其工作部门所作出的“《×××指导意见》”，从文件名称上不能确定其是否属于规范性文件。若符合《深圳市行政机关规范性文件管理规定》（市政府令第94号）的规定，属于规范性文件并按照规范性文件的制定程序发布，其具有普遍约束力，下级机关不执行应当依法追究相关单位或者个人的行政责任；若该文件不属于规范性文件，为政府内部的指导性文件，不具有强制执行性，则主要供有关单位参考。 ??? 特此答复。
"
20940,随迁入户问题,深圳市人民政府法制办公室,2015.03.24,2015.04.09,"本人2007年通过招调工入户深圳,老婆湖南户口,育有二胎三个子女,第一胎一个女儿,第二胎两个儿子,当时政策不能随本人入户我门下,户口上到了我老婆门下,现想问下政策可以随迁到我门下吗?
		","蒋受军同志：??? 来函收悉。来函所说子女户口随迁问题，经咨询公安户政部门，得到如下答复：按照现行政策，子女如随迁入户，超生的孩子按照两地的规定缴交社会抚养费，然后按规定办理随迁入户手续。你的爱人的户口也需一并办理随迁。由于你来函的信息有限，我们无法作进一步答复。你可以就有关情况直接咨询公安部门。??? 感谢你对政府法制工作的支持。
"
20989,不合法？,深圳市人民政府法制办公室,2015.03.20,2015.04.07,"我是一个法律崇拜者？我有个问题…如果一个市单纯的调高城镇职工养老保险的缴费基数而不提高最低工资标准！！这样做他合法吗？
		","陈亭：??? 您好。您的咨询（查询编号：20150320-1814-2829982）收悉。经研究，现答复如下：??? 《中华人民共和国社会保险法》第十二条规定：“职工应当按照国家规定的本人工资的比例缴纳基本养老保险费”。《深圳经济特区养老保险条例》第十条作出了具体规定，“职工每月缴纳基本养老保险费的缴费基数为其上月工资总额；新参加工作、重新就业和新成立用人单位的职工首月缴费基数为其首月工资总额。工资总额超过本市上年度在岗职工月平均工资百分之三百的，超过部分不计入缴费基数；缴费基数不得低于市政府公布的最低工资标准”。因此，职工基本养老保险的缴费基数，根据其自身工资总额决定的，并非由市政府负责调整。只有在缴费基数低于市政府公布的最低工资标准或者超过上年度在岗职工月平均工资百分之三百的情况下，才会随着最低工资标准或者上年度在岗职工月平均工资的公布，职工基本养老保险缴费基数才会相应调整。因此，不存在您提出的市政府调高城镇职工养老保险的缴费基数而不提高最低工资标准的情况。??? 感谢您对政府法制工作的理解与支持。
"
21030,关于《深圳经济特区规划土地监察条例》第十二条第一款第（三）项的解读,深圳市人民政府法制办公室,2015.03.11,2015.04.02,"《深圳经济特区规划土地监察条例》中规定如下：
第十二条 街道办事处规划土地监察机构履行下列职责：
（一）对公民、法人和其他组织遵守有关城市规划、土地管理法律、法规、规章的情况进行日常巡查；
（二）制止辖区内规划违法行为和土地违法行为并报告区规划土地监察机构；
（三）以区规划土地监察机构的名义开展规划土地监察工作；
（四）承办市、区规划土地监察机构交办的其他规划土地监察事项。
     其中第（三）项的规定，是否能解读为街道规划土地监察机构可以承担在第十一条中规定的应由区规划土地监察机构承担的以下职责“（二）查处辖区内规划违法行为和土地违法行为案件；（三）协调和执行辖区内违法用地清理和违法建筑物、构筑物、设施的强制拆除工作；”
   也就是说：街道规划土地监察机构的人员有无资格查处辖区内规划违法行为和土地违法行为案件，有无资格执行辖区内违法用地清理和违法建筑物、构筑物、设施的强制拆除工作？
    请给予书面答复。
		","罗聪先生：??? 您通过网上提交给我办的《关于〈深圳经济特区规划土地监察条例〉第十二条第一款第（三）项的解读》的咨询收悉。经研究，现作如下答复：??? 《深圳经济特区规划土地监察条例》第十二条第一款第（三）项规定街道办事处规划土地监察机构“以区规划土地监察机构的名义开展规划土地监察工作”，结合该条例第十一条规定的区规划土地监察机构的五项职责，包括“……（二）查处辖区内规划违法行为和土地违法行为案件；（三）协调和执行辖区内违法用地清理和违法建筑物、构筑物、设施的强制拆除工作……”等。因此，街道办事处规划土地监察机构有资格以区规划土地监察机构的名义查处辖区内规划违法行为和土地违法行为，依法执行辖区内违法用地清理和违法建筑物、构筑物、设施的强制拆除工作。??? 专此答复。感谢您对政府法制工作的关心和支持！
"
21330,《2014年9月修订的广东省职工生育保险规定》何时下发文件并执行,深圳市人民政府法制办公室,2015.03.09,2015.03.13,"2014年9月22日广东省人民政府第十二届32次常务会议修订通过《广东省职工生育保险规定》，并于11月6日以第203号政府令正式发布，将于2015年1月1日起施行。但龙岗区教育局以至今未收到相关文件为由，仍然按照旧规定中的产假计算方法执行，请问相关文件何时可以下发至龙岗区教育局？谢谢！ 

		","刘u：??? 您好！您关于“2014年9月修订的《广东省职工生育保险规定》何时下发文件并执行”（查询编号：20150309-2631-2824531）的咨询已收到。经研究，现答复如下：??? 您在来信中提到“《广东省职工生育保险规定》将于2015年1月1日起施行。但龙岗区教育局以至今未收到相关文件为由，仍然按照旧规定中的产假计算方法执行，请问相关文件何时可以下发至龙岗区教育局？”《广东省职工生育保险规定》系省政府规章，自其确定的施行日期实施，并不会发文至各单位。但该规定并非关于产假计算的规定，有关产假的计算按照国家、广东省和《深圳经济特区人口与计划生育条例》的有关规定执行。若您认为单位未执行现行产假规定，请径向上级主管部门或人力资源保障部门反映。
		
		"
22707,行政复议申请递交40天了，无音讯，是否受理了？,深圳市人民政府法制办公室,2014.11.24,2014.12.04,"10月10日向深圳市人民政府法制办挂号信（编号xa50261447833）寄出行政复议申请书，对深圳市市场监督管理局罗湖分局行政不作为提出行政复议，经查询邮政，显示单位收发章于10月14日签收。
但至今已过去40天了，仍未收到受理通知书，或不予受理通知书，也无任何电话沟通。敬请贵办核实该情况，并盼予以答复，避免出现让申请人误认为“官官相护”或“懒政腐败”的情形。
		","
刘鸿博：
你好，你从网上提交的《行政复议申请递交40天了，无音讯，是否受理了？》收悉，现将有关情况答复如下：
根据《行政复议法》第十七条的规定：“行政复议机关收到行政复议申请后，应当在五日内进行审查，对不符合本法规定的行政复议申请，决定不予受理，并书面告知申请人；对符合本法规定，但是不属于本机关受理的行政复议申请，应当告知申请人向有关行政复议机关提出。除前款规定外，行政复议申请自行政复议机关负责法制工作的机构收到之日起即为受理。”我办收到你寄来的行政复议申请材料后，在五个工作日内进行审查，你的复议申请符合受理条件并已立案。按照法律规定，只有对不符合规定的行政复议申请，决定不予受理，才书面告知申请人。另外，根据《行政复议法》第三十一条规定，行政复议机关应当在受理申请之日起六十日内作出行政复议决定。故，你的复议申请办理期限未到，请耐心等待。
以上情况，特此函复。
?


"
22718,《深圳市人才安居暂行办法》(修正草案送审稿)相关问题,深圳市人民政府法制办公室,2014.12.01,2014.12.04,"《深圳市人才安居暂行办法》(修正草案送审稿）已在贵单位公示1年有余，但现在却一直没有下文，请问该修正何时开始执行？
		","
黄东先生：您来信咨询《深圳市人才安居暂行办法》(修正草案送审稿)的相关问题（查询编号：20141201-6319-2715715）收悉。现答复如下：《深圳市人才安居办法》(市政府令第273号)将于2015年1月1日开始实施，建议您密切关注“深圳政府在线”网站和市法制办官方网站，以及时了解规章发布信息。感谢您对我市立法工作的关心和支持。 
?
?????????????????????????
?
?
?

"
22846,《深圳市清缴地价欠款工作有关意见》（深府法顾函<2007>355号,深圳市人民政府法制办公室,2014.11.18,2014.12.01,"     
    您好！
         我想查询一份文件，标题是：《深圳市清缴地价欠款工程有关意见》深府法顾函<2007>355号文件
		","何汝梅：您关于我办是否出具过《深圳市清缴地价欠款工作有关意见》的查询收悉，我办工作人员专门给您去电联系，了解到您已通过其他渠道取得该份文件，不再需要我办另行提供。感谢您对政府法制工作的信赖和支持！
"
22882,非法停车场,深圳市人民政府法制办公室,2014.11.19,2014.11.27,"龙岗区坂田街道东村，保安在其所属物业公司没有办理停车场登记的情况下收取住户停车费（110元/月），保安也不能做到敬职敬责，停车场出入口没有监控设备，没有打卡设施，有时候弄块石头放在社区门口，早上都要开车去上班，保安就出来收费，下午和晚上就没有人看守了。不交停车费，就对居民进行恐吓和辱骂，常因为停车费发生冲突。给广大居民生活带来极大的不便。请问这种情况 应该向哪一个部门反映？
		","刘祥民:你好！按照有关法律法规的规定，停车场的设立审批属于公安交通警察部分的职责范围，你反映的非法开设停车场收费的问题可以向交警部门反映。
"
23007,<深圳市特种委托收款结算办法>是否有此办法？并申请查阅,深圳市人民政府法制办公室,2014.11.04,2014.11.18,"因本人通过多种方式无法找到《深圳市特种委托收款结算办法》，现请核对是否有此办法？并申请查阅。谢谢
		","关于市民覃市舟查询事项的回复（查询编号：20141104-5213-2619953）
覃市舟：??? 您好！您通过网络向我办发来“《深圳市特种委托收款结算办法》是否有此办法？并申请查阅”的信件（查询编号：20141104-5213-2619953）收悉。经认真研究，现答复如下：我办经过多种途径查找及向相关部门咨询，无法找到该办法。??? 特此回复。
??? 感谢您对政府法制工作的信赖与支持！??????????????????????????????? 市法制办??????????????????????????????? 2014年11月17日
"
23083,塘朗山景区大门内停车接人不到2分钟被贴罚单。是否依法行政？,深圳市人民政府法制办公室,2014.10.26,2014.11.10,"今天10月26日去塘朗山接朋友，爬山人太多，车没地方停，下午3点35到，跟朋友聊两句，看到警察，马上去开车，刚停，我求南山交警大队魏F，说马上开走，还是贴了罚单，理论完我赶紧拍照，手表显示40分，就这样不到5分时间内，被贴了人生中第一个罚单，就算投诉到市政府，我也要维权到底，再说交警大队规定2010年4月开始违停10分钟开走不罚。公园内也不是繁忙路段，也没有影响车辆通行，况且我在现场马上开走，凭什么罚款？作为一名985大学毕业的法律学生，我南下特区深圳工作，看中的就是深圳特区的文明程度。一个普通老百姓周末爬山锻炼为何这么难？车位少，又没有停车场，是不是老百姓的错？？塘朗山公园周末车太多，我去接下人，停下车，到底错有多大？有法不依，如何依法治国？作为一名共产党员，我更加无法容忍这种行为。倘若我人不在，贴了我也认。我人在现场，一直遵守交通规则，为何这么刁难我？希望政府给我一个说法，我将维权到底。200元是小，深圳的形象不能就这样被抹黑了。
		","周雷先生：
您反映的问题收悉。根据我市道路交通违法行为处罚条例的相关规定，公安交警部门有权对路边违停行为给予相应的行政处罚。对于您提出的执法应当人性化的问题，我们认为很好，并将及时反馈给公安交警部门。如您对所受处罚不服，可以依法向相关部门投诉，申请行政复议或者直接向有管辖权的人民法院提起行政诉讼。
感谢您对政府法制工作的支持。
"
23233,深圳市人才安居暂行办法修正稿什么时侯生效,深圳市人民政府法制办公室,2014.10.15,2014.10.27,"深圳市人才安居暂行办法修正稿怎么到现在还没有任何消息,修正一个草案需要这么久吗?
		","高生：
您咨询深圳市人才安居暂行办法修正稿的生效时间一事答复如下：根据《深圳市人民政府制定规章和拟定法规草案程序规定》（市政府令第218号）的规定：“规章草案经市政府常务会议或者全体会议审议通过后，由市长签署市政府令予以发布，自公布之日起30日后施行”。目前，《深圳市人才安居办法》（修订草案）已经市政府常务会议审议原则通过，我们正在按照会议要求进一步修改完善，并按照规定程序报批。建议您密切关注市政府和市法制办官方网站，以及时了解规章发布信息。在《深圳市人才安居暂行办法》生效之日前，我市的人才安居工作仍按照《深圳市人才安居暂行办法》（深圳市政府令第229号）执行。
感谢您对我市立法工作的关心和支持。
"
23260,请问我国什么时候能够实行网络实名制及个人诚信认证及查询,深圳市人民政府法制办公室,2014.10.16,2014.10.23,"现在网络诈骗、网络犯罪，利用网络拐卖妇女儿童、利用网络散步恶意谣言等事件越来越多，受害人也越来越多，如果能实行网络实名制以及结合个人信用认证查询，网络获罪的机率应该会有所下降，不知道我国什么时候能实行？世界上其他国家有此先例吗？实行起来的利弊分别在哪里？难度有多大？多谢解答！
		","张三先生：您好！您于2014年10月16日通过网络向我办发来的“请问我国什么时候能够实行网络实名制及个人诚信认证及查询”的信件（查询编号：20141016-2772-2599342）收悉。经认真研究，现对您的来文答复如下：一、?关于网络实名制的情况根据《国务院办公厅关于实施<国务院机构改革和职能转变方案>任务分工的通知》（国办发〔2013〕22号）规定，网络实名登记制度要求在2014年6月底完成。互联网作为特定的虚拟空间，网络实名制主要体现在与“身份”相关的领域而不是在互联网上全面施行。现有的《中华人民共和国电子签名法》、《互联网新闻信息服务管理规定》、《第三方电子商务交易平台服务规范》、《即时通信工具公众信息服务发展管理暂行规定》等法律法规及规章也体现了网络实名登记制度的构建与实施提供依据支撑。二、?关于个人诚信认证及查询的情况?根据《中共深圳市委办公厅 深圳市人民政府办公厅关于印发<深圳市社会信用体系建设工作方案>和<深圳市市场监管体系建设工作方案>的通知》的规定，社会信用体系建设目前处于落实推进阶段。有关个人信用、企业信用的评级与查询请依照《个人信用信息基础数据库管理暂行办法》、《深圳市企业信用征信和评估管理办法》、《深圳市个人信用征信及信用评级管理办法》具体实施。感谢您对政府法制工作的信赖与支持！特此回复。
"
23697,行政复议,深圳市人民政府法制办公室,2014.08.21,2014.09.03,"对工商部门的行政行为不服提起行政复议，需要什么材料以及在市政府哪个办事窗口交，是市法制办还是信访大厅还是找行政复议办公室
		","文鑫诚：您好，您通过网上提交的咨询事项已收悉，现就有关问题答复如下：一、按照《中华人民共和国行政复议法》第十二条、第十五条的规定，对市工商管理部门（市市场监管部门）作出的具体行政行为不服，依法可选择向市政府或者省工商管理部门申请行政复议；对市工商管理部门的派出机构（各区分局）依照法律、法规或者规章的规定，以自己名义作出的具体行政行为不服的，依法可选择向市工商管理部门或者市政府申请行政复议。二、按照《深圳市人民政府行政复议工作规则》的规定，市行政复议办（与市法制办合署办公）作为市政府的行政复议机构，代表市政府具体负责行政复议日常事务。向市政府提出的行政复议申请，请直接提交至市行政复议办公室收案室（地址：福田区同心路1号市信访大厅B103室，联系电话：82102145），须提交的材料可在市法制办门户网站（http://fzj.sz.gov.cn）查询。特此答复。
		
		"
23811,深圳病假工资计算是否考虑工龄？详细条例是哪个？,深圳市人民政府法制办公室,2014.08.15,2014.08.21,"以前发布的《深圳经济特区企业工资管理暂行规定》有相关规定，病假是按工龄享受企业发放不同比例工资；请问2013年发布的《深圳市员工工资支付条例》是否不再考虑工龄长短，一律按60％，不低于最低工资标准80％发放？谢谢！
		","黄静：您好！查询编号为20140815-3530-2546631的来信收悉。现答复如下： 您在信中咨询《深圳经济特区企业工资管理暂行规定》（以下简称《暂行规定》）与《深圳市员工工资支付条例》（以下简称《条例》）有关病假期间工资的规定如何适用的问题。由于《暂行规定》是1992年发布实施的政府规范性文件，《条例》是2004年发布实施、2009年修订的法规，从时间上《条例》新于《规定》，从效力上法规高于规范性文件。因此，按照新法优于旧法、下位法服从上位法的原则，在《条例》与《规定》都就同一事项进行规范且内容不同时，应按《条例》的规定适用，即“用人单位应当按照不低于本人正常工作时间工资的百分之六十支付员工病伤假期工资，但不得低于最低工资的百分之八十”。
		
		"
23813,查核基本养老金调整数据的信访件,深圳市人民政府法制办公室,2014.08.12,2014.08.21,"查核基本养老金调整数据的信访件【2014-08-10】深圳市法制办公室：本人银行账户2014-06-09日社保拨入调整到位的养老金7964.25元, 比本人调整前社保拨入的养老金7429.25元增加了535元，（7964.25-7429.25=535）。 本人不知调整增加的535元的耒历，曾多次查询有关养老金调整数据，但多次网上回复均回避有关数据。本人根据；2014年深圳企业退休人员养老金调整文件《深人社规〔2014〕4号》及广东省《粤人社发〔2014〕8号》有关规定，核算本人2014年养老金调增额应为：152+【149+(7429.25+152-1947.7)×5％】+10=593元。593-535=58元。这说明养老金被侵权58元。 现将本人上述核算式所依据的调整文件及规定列出，供审查：（1）、《深人社规〔2014〕4号》文件规定：①“每人每月149元，加上本人本次调整前的月基本养老金的5％计发”（ 即是每人定额调整149元，再按本人调整前的月基本养老金的5％定比计算调整额）；②年满80周岁，高龄津贴累计超过190元/月，加发高龄津贴10元。（2）、《粤人社发〔2014〕8号》文件规定：“缴费年限津贴每年4元, 从2013年10月起发放。列入基本养老金的年度调整基数”。本退休人缴费年限为38年, 故缴费年限津贴为（38×4=152元）；纳入年度基本养老金调整基数。上述计算式中的数据内容为：本退休人2014年养老金调增额=缴费年限津贴152+基本养老金调整额（定额调整149+调整前基本养老金(7429.25+152-1947.7)×定比5％）+高龄津贴10元。由此构成计算式：152+【149+(7429.25+152-1947.7)×5％】+10。其中调整前基本养老金(7429.25+152-1947.7) =（前一年养老金总额7429.25+缴费年限津贴152-地方补充养老金1947.7）=5633.55元。关于(7429.25+152-1947.7)=5633.55 为2014年调整前基本养老金的根据：深社保福田分局养老科连续几年用作计算基本养老金调整额的年度“调整前基本养老金”，都是将退休人调整前一年度的养老金总额减去本人的地方补充养老金1947.7元，就称之为调整前基本养老金。详见本退休人2012，2013年《企业退休人员养老金查询》附表，便可知： 2012年调整前基本养老金为：（2011年养老金总额6447.25-地方补充养老金1947.7）=4499.55元。查附表中2012年调整前基本养老金正是4499.55。 2013年调整前基本养老金为：（2012年养老金总额6870.25-地方补充养老金1947.7）=4922.55元。查附表中2013年调整前基本养老金正是4922.55。 2014年调整前基本养老金无疑就是：（2013年养老金总额7429.25+缴费年限津贴152-地方补充养老金1947.7）=5633.55元。根据上述计算式152+【149+(7429.25+152-1947.7)×5％】+10核算出本退休人2014年养老金总额应调增为593元（152+【149+(7429.25+152-1947.7)×5％】+10=593）。但是，深社保给本人2014年调整到位的养老金总额为7964.25元，比调整前养老金总额7429.25元，只增加535元。593--535=58元，说明养老金被侵权58元。深社保必须对此侵权事件有所交代。必须交出其用来计算调整额的“调整前基本养老金”，及计算2014年基本养老金调整额的法律依数据。 本人曾多次在网上提交“查询养老金调整数据”信访件。但网上回复一直回避回复有关数据，为此，报请市法制办公室处理。深社保必须交出本退休人2014年调整数据《企业退休人员养老金查询》表，加盖公章予以回复。此致敬礼 深户企业退休人区日N2014年8月10日联系电话13316883779电子邮箱675246572@qq.com 联系地址：深圳龙岗布吉光华社区长发楼410号 附件①：2012年调整数据《企业退休人员养老金查询》附表： 企业休人员养老金查询 电脑号： 1027704 姓 名: 区日N 性别：男出生年月：1933 .12 退休时间： 1994 .5 是否高级职称；是身份证号：440301193312013838 户口所在地： 特区内城镇 2012年基本养老金调整前 基本养老金： 4499.55 其中以下两项不纳入待遇调整基敬， 历年高龄津贴调整累计： 331.00 历年高级职称龄津贴调整累计： 500.00 小计: 830.00 地方补充养老金： 1947.70 其中 工龄补助： 507.00 补充养老保俭： 131.15 生活补助： 724.00 生活补贴： 200.00 过渡性补贴： 385.55 2012年基本养老金调整后 基本养老金： 4922.55 基本养老金调整额： 313.00 地方补充养老金： 1947.70 高龄津贴调整额： 10.00 养老金合计： 6870.25 高级职称津贴调整额： 100.00 本次调整合计： 423.00 F3=退出 是否打印:Y (Y/ N ) 附件②：2013年调整数据《企业退休人员养老金查询》附表： 企业休人员养老金查询 电脑号： 1027704 姓 名: 区日N 性别：男出生年月：1933 .12 退休时间： 1994 .5 是否高级职称；是身份证号：440301193312013838 户口所在地： 特区内城镇 2013年基本养老金调整前 基本养老金： 4922.55 其中以下两项不纳入待遇调整基敬， 历年高龄津贴调整累计： 341.00 历年高级职称龄津贴调整累计： 600.00 小计: 941.00 地方补充养老金： 1947.70 其中 工龄补助： 507.00 补充养老保俭： 131.15 生活补助： 724.00 生活补贴： 200.00 过渡性补贴： 385.55 2013年基本养老金调整后 基本养老金： 5471.55 基本养老金调整额： 339.00 地方补充养老金： 1947.70 高龄津贴调整额： 10.00 养老金合计： 7419.25 高级职称津贴调整额： 200.00 本次调整合计： 549.00 F3=退出 是否打印:Y (Y/ N ) 附件③：曾经在市社保局网上提交的信访件：（一直查无回复）区日N，您于2014-07-29向市社会保险基金管理局网上提交咨询投诉，编号为：20140729-4219-2537333，您可依据此编号查询回复! 对深圳市社保局网上回复内容的咨询投诉信访件【2014-07-29】深圳市社保局、深圳市社保局养老处：本人银行账户2014-06-09日社保拨入调整后的养老金7964.25元, 比本人调整前社保拨入的养老金7429.25元增加了535元。本人不知调整增加的535元怎样计算出耒，更不知本人2014年基本养老金调整的有关数据及计算。一直见不到政府颁布的调整文件，不知调整的有关规定，直至2014-07-06日才从网上见到市人社局、市财政委2014年6月17日发布的《深人社规〔2014〕4号》文。本人曾多次在网上提交“查询养老金调整数据及调整文件”的信访件。均不见有调整的数据及文件的回复，只见到社保局在网上以一些莫需有的回复作为回复内容，其中依据提交咨询投诉的编号查得回复内容如下: 区日N，您于2014-06-16向市社会保险基金管理局网上提交咨询投诉，编号为：20140616-8260-2482375，您可依据此编号查询回复! 接收信箱： 市社会保险基金管理局咨询标题： 养 老 金 查 询提问日期： 2014.06.16 回复内容： 已处理完毕。回复单位： 市社会保险基金管理局 　2014.06.17 区日N，您于2014-06-21向市社会保险基金管理局网上提交咨询投诉，编号为：20140621-1260-2485712，您可依据此编号查询回复! 接收信箱： 市社会保险基金管理局 咨询标题： 查询调整养老金文件的信访件提问日期： 2014.06.21 回复内容： 重复件回复单位： 市社会保险基金管理局 　2014.06.24 区日N，您于2014-07-14向市社会保险基金管理局网上提交咨询投诉，编号为：20140714-5275-2522563，您可依据此编号查询回复! 接收信箱： 市社会保险基金管理局咨询标题： 查询2014年基本养老金调整的数据提问日期： 2014.07.14 回复内容： 相关业务处室已回复参保人。 回复单位： 市社会保险基金管理局 　2014.07.21 谨请社保局养老处查明上述回复内容到底是由社保局什么机构作出来的？为何多次对查询的数据及文件不愿如实回复, 竟一再耍弄“莫需有”的回复内容作为网上回复? 有何难言之忍？！当前调整文件已于2014-07-06从互联网上见到，还有查询的调整前、调整后的数据，必须查明，其中：（1）查询本人2014年基本养老金调整前有关数据：①调整前基本养老金是多少？②历年高级职称龄津贴调整累计是多少？③历年高龄津贴调整累计是多少？④地方补充养老金是多少？（2）查询本人2014年基本养老金调整后有关数据：①调整后基本养老金是多少？②2014年基本养老金调整额是多少？③高级职称津贴调整额是多少？④高龄津贴调整额是多少？上述数据 有待社保养老处查明，加盖公章给予回复，谢谢此致敬礼 深户企业退休人区日N2014年7月29日 电子邮箱675246572@qq.com联系地址：深圳龙岗布吉光华社区长发楼410号 
		","区日N：您好！来信收悉。现答复如下： 您在前次来信中提出要求查核有关自己基本养老金调整的数据。由于办理养老金调整具体事项的职能属于市人力资源保障部门，我们已建议您径向市社会保险基金管理局查询。如该局未能反馈到有关数据情况，建议您直接向市人力资源和社会保障局反映。
		
		"
23832,关于是否符合原村民“一户一栋”资格的继续咨询,深圳市人民政府法制办公室,2014.08.01,2014.08.18,"市法制办公室： 感谢贵办对本人上次提出的咨询(回执编号是20140714-4445-2519077)所做的回复！得到回复后，我到葵涌办事处进行反映，,葵涌办事处的答复是：坝光社区居民整体搬迁，是因为市政府要在坝光社区建设国际生物谷，原村民的搬迁和安置是深圳市政府行为，所以对于原村民是否符合“一户一栋”的资格认定是参照深府（2006）105号文执行的；还解释象我夫人廖秋香这样的家庭（他们称为“独户”,就是在2004年3月31日前，一个户口薄只有她自己一个人）,如果政府不对坝光进行征收，她是符合“一户一栋”的条件，是可以在原地申请建设一栋480平方米房子的；如果按深龙府办（2006）88号文的规定（2004年3月31日前，在公安部门登记分户的原村民家庭），她也可以在新建的坝光安置区按符合原村民“一户一栋”的资格配置480平方米的房子；现在按深府（2006）105号文的规定，能不能在安置区分配房子、能分置多少，他们要待政府批复。面对这样的情况，我们真不知是何道理？在政策不明确、不完善的情况下就征收了我们的宅基地，弄得我们现在是无家可归，我们内心的真实感受就是政府在强占民地，在忽悠百姓。因此，我希望贵办、政府能进一步明确“建设坝光国际生物谷,原村民是否符合“一户一栋”的资格认定该按哪一条政策执行?
		","刘总发先生：您好！您再次转来的《关于是否符合原村民“一户一栋”资格的继续咨询》收悉。我办承办人员第一时间与您取得了联系，与您进行了沟通。现就您的咨询作如下答复。根据深府〔2006〕105号文和深龙府办〔2006〕88号文的相关规定，葵涌街道办均有认定您夫人廖秋香是否符合“一户一栋”条件的权限，建议您直接向葵涌街道办或区主管部门咨询。专此答复。感谢您对政府法制工作的关心和支持！
		
		"
25023,深圳特区社会养老保险条例,深圳市人民政府法制办公室,2013.12.13,2013.12.24,"深圳特区社会养老保险条例今年1月1日实施，快一年了。请问，该条例实施细则何时出台？
		","郑生富：　　您好！您关于“《<深圳经济特区社会养老保险条例>实施细则》”（查询编号： 20131213-9818-2267845）的咨询收悉。现答复如下：　　《<深圳经济特区社会养老保险条例>实施细则》已经市政府五届九十七次常务会议审议通过,由市政府第257号令发布，定于2014年1月1日起实施（详见附件）。 ? ? 附件《深圳经济特区社会养老保险条例》实施细则 第一章 总则 　　　第一条? 根据《深圳经济特区社会养老保险条例》（以下简称《条例》）的规定，制定本细则。 　　　　第二条? 《条例》所称参加工作的时间是指缴费年限（含视同缴费年限）的起始计算时间。　　　　第三条? 参保人不得在两个以上统筹地区同时参加职工基本养老保险。已在市外参加居民养老保险的，经本人申请，可不参加本市职工基本养老保险。　　　　达到法定退休年龄后户籍迁入本市的人员，不纳入本市社会养老保险参保范围。居民养老保险另有规定的，从其规定。　　　　在市外已享受养老保险待遇的人员，不纳入本市社会养老保险范围。　　　　第四条? 参保人在两个以上统筹地区重复参加社会养老保险的，应按国家有关规定办理清退手续；选择清退本市重复缴费的，其个人缴费部分的本金和利息退还本人，其余划入本市基本养老保险统筹基金。　　　　参保人在本市重复参加职工基本养老保险的，由其本人选择保留一个养老保险关系，其他重复缴费部分予以清退，其中个人缴费部分的本金和利息退还本人，其余划入基本养老保险统筹基金。　　　　已缴纳的地方补充养老保险费不予清退。　　　　第五条? 在本市按月享受养老保险待遇时已在市外按月领取养老保险待遇的，停止享受本市养老保险待遇；已在本市享受的养老保险待遇，由市社会保险经办机构（以下简称市社保机构）追回；市社保机构追回相应待遇后，清退其在本市缴纳的养老保险费，其中个人缴费部分的本金和利息退还本人，其余划入基本养老保险统筹基金，已缴纳的地方补充养老保险费不予清退。　　　　在本市享受养老保险待遇后在市外按月领取养老保险待遇的，市社保机构停止发放其养老保险待遇；本人提供终止享受市外养老保险待遇的相关证明材料后，可申请恢复享受本市养老保险待遇，市社保机构核实后，自市外社保机构停止发放的次月恢复发放养老保险待遇。　　　　第六条? 职工基本养老保险与居民养老保险的衔接办法按国家有关规定执行。　　　　第七条? 参保人在《条例》适用范围内的用人单位与本市机关事业单位（不含企业化管理的事业单位）之间流动的，自流动次月起改按其流入单位所适用的规定参加养老保险。　　　　第八条? 用人单位由机关事业单位转制为企业（含企业化管理的事业单位、民办非企业单位，下同）或由企业转制为机关事业单位的，自转制下月起改按其转制后所适用的规定参加养老保险，转制前已退休人员的养老保险待遇按市政府有关规定执行。　　　　第九条? 市社保机构应当完善网上个人社会保险服务平台，方便参保人查询社会保险个人权益记录。参保人与市社保机构约定以传真、电子邮件、手机短信、纸质信件等形式获取个人权益记录的，市社保机构应当每年定期提供一次；未约定或约定所提供的联系信息不准确的，参保人可以直接向市社保机构获取。　　　　第二章? 缴费年限 　　　　第十条? 基本养老保险缴费年限包括基本养老保险实际缴费年限和基本养老保险视同缴费年限。基本养老保险视同缴费年限与基本养老保险实际缴费年限有重叠的，重叠部分的基本养老保险视同缴费年限不重复计算。　　　　第十一条? 基本养老保险实际缴费年限为企业和职工个人在当地实行养老保险个人缴费制度后按规定共同缴纳基本养老保险费的年限，包括本市基本养老保险实际缴费年限、按照国家及广东省相关规定办理养老保险关系转移接续手续转移到本市的市外基本养老保险实际缴费年限。　　　　第十二条? 基本养老保险视同缴费年限为当地实行养老保险个人缴费制度时仍在国有或者县以上集体所有制单位的固定职工，其在当地实行养老保险个人缴费制度前按国家规定计算的连续工龄。　　　　当地实行养老保险个人缴费制度后，未向当地社保机构缴纳养老保险费的固定职工，未缴费期间不计算为基本养老保险视同缴费年限。　　　　基本养老保险视同缴费年限，由市社保机构依据原固定职工本人档案记载、相关文件规定的应缴费起始时间以及转出地社保机构做出的记载等予以确认。　　　　第十三条? 在1997年12月31日前，参保人取得本市户籍并已参加本市养老保险的，其在原国有或者县以上集体所有制单位作为固定职工的工作年限，按本细则第十二条规定不能计算为视同缴费年限的，可一次性补缴养老保险费。　　　　第十四条? 职工从事国家规定的特殊工种的，其从事特殊工种期间的缴费年限在计算养老保险待遇时不予折算。　　　　　　　　第三章? 缴费指数　　　　　　　　第十五条? 按照《条例》第二十二条规定计算统筹养老金时，缴费年限未满1年的，每缴费1个月按1/12年折算缴费年限。　　　　第十六条? 本人指数化月平均缴费工资的计算办法为：参保人基本养老保险平均缴费指数×参保人退休时上年度本市在岗职工月平均工资。　　　　参保人基本养老保险平均缴费指数为：参保人退休时缴费年限的每月缴费指数之和÷缴费年限的月数。　　　　参保人基本养老保险每月缴费指数为：参保人每月缴费工资÷缴费时上年度本市在岗职工月平均工资。　　　　将基本养老保险关系转入本市的参保人，其缴费指数按本细则重新计算。　　　　第十七条? 下列情形的月缴费指数为：　　　　（一）1992年7月31日前在本市已参加基本养老保险的参保人，其1992年7月31日前本市基本养老保险缴费年限的月缴费指数均按1计算。　　　　（二）经本市县（区）级以上组织人事、劳动部门批准调入本市（以下称调入）的参保人，以及安置到本市的退役军人和部队在编职工，其参加工作至1992年7月31日前的基本养老保险缴费年限的各月缴费指数均按1计算。　　　　（三）非经调入而将基本养老保险关系转入本市的参保人，转入的1992年7月31日前的基本养老保险缴费年限的月缴费指数按0.4计算。　　　　（四）1992年8月1日至2001年1月31日期间调入且已按原规定补交共济基金或个人账户的参保人，其1992年8月1日至调入前基本养老保险缴费年限的各月缴费指数均按1计算；1992年8月1日至调入前已缴费且缴费指数高于1的月份，按实际缴费指数计算。　　　　（五）1996年7月1日至2012年12月31日期间已缴纳超龄养老保险费的参保人，其超龄年限中属于1992年8月1日后的缴费年限的各月缴费指数均按1计算；已缴费且缴费指数高于1的月份，按实际缴费指数计算。　　　　（六）1992年8月1日至2012年6月30日前安置到本市的退役军人和部队在编职工，其1992年8月1日至安置前基本养老保险缴费年限的各月缴费指数均按1计算；已缴费且缴费指数高于1的月份，按实际缴费指数计算。　　　　（七）2009年12月31日前将基本养老保险关系转入本市的参保人，1992年8月1日后没有转移缴费工资记录的基本养老保险缴费年限，月缴费指数按0.4计算；转移了缴费工资记录但按缴费工资计算缴费指数低于0.4的基本养老保险缴费年限，月缴费指数按0.4计算。2010年1月1日后将基本养老保险关系转入本市的参保人，没有转移缴费工资记录的1997年12月31日前的基本养老保险缴费年限，月缴费指数按0.4计算。　　　　（八）补缴基本养老保险费的人员，按其应缴费期间的工资补缴基本养老保险费的，补缴年份的月缴费指数为：月补缴工资基数÷应缴费期间上年度本市在岗职工月平均工资；非按其应缴费期间的工资总额而按补缴时的缴费基数补缴养老保险费的，补缴年份的月缴费指数为：月补缴工资基数÷补缴时上年度本市在岗职工月平均工资。补缴年份的月缴费指数最高不超过3。　　　　第十八条? 按广东省有关规定计发养老保险待遇的参保人，缴费指数按广东省有关规定执行。　　　　第四章? 基本养老保险待遇 　　　　第十九条? 达到法定退休年龄前未在本市缴纳基本养老保险费的本市户籍人员，依照国家、广东省有关规定确定待遇领取地在本市的，其待遇计发按广东省的有关规定执行。　　　　第二十条? 按照《条例》第二十九条规定调整基本养老保险待遇，上半年退休的人员，从退休当年开始参与基本养老保险待遇调整；下半年退休的人员，从退休下一年开始参与基本养老保险待遇调整。调整金额在基本养老保险统筹基金中支付。　　　　第二十一条? 供养亲属的范围参照《因工死亡职工供养亲属范围规定》（中华人民共和国劳动和社会保障部令第18号）执行。??????????????????????????????????????????????????????????????????????????????????????????????????????????????????????????????????????????????????????????????????????????????????????????????????????????????????????????????????????????? 　　　《条例》所规定的遗属是指参保人或者离退休人员的配偶、直系亲属以及法律法规规定的其他人员。????????? 　　　　第二十二条? 参加本市基本养老保险实际缴费年限累计满六个月的参保人或者离退休人员死亡的，其遗属领取丧葬补助金。丧葬补助金为其死亡时本市上年度在岗职工月平均工资的三倍。　　　　参加本市基本养老保险实际缴费年限累计满六个月的参保人或者退休人员死亡的，其死亡时符合供养条件的供养亲属领取抚恤金。抚恤金以其死亡时本市上年度在岗职工月平均工资为基数，供养亲属为一人的，支付基数的六倍；供养亲属为两人的，支付基数的九倍；供养亲属为三人及以上的，支付基数的十二倍。　　　　本细则实施后，国家对丧葬补助金、抚恤金的标准和享受条件出台新规定的，从其规定。　　　　第二十三条? 符合工伤保险、失业保险政策规定的丧葬补助金、抚恤金领取条件，或者在市外已领取由社会保险基金支付的丧葬补助金、抚恤金的，基本养老保险统筹基金不支付丧葬补助金、抚恤金。　　　　第五章? 地方补充养老保险待遇 　　　　第二十四条? 地方补充养老保险待遇包括过渡性补助和地方补助，由地方补充养老保险基金支付。　　　　第二十五条? 达到法定退休年龄前取得本市户籍，且具有地方补充养老保险缴费年限的退休人员享受地方补助。　　　　地方补助=地方补充养老保险缴费年限×参保人基本养老保险平均缴费指数×18.5+20（元）。　　　第二十六条? 达到法定退休年龄前具有本市户籍，且具有1992年7月前的地方补充养老保险缴费年限的退休人员，符合下列条件之一的享受过渡性补助：　　　　（一）1994年7月31日前在本市招录为固定职工和合同制工人的；　　　　（二）1994年7月31日前在市外招录为固定职工和合同制工人，经本市县（区）级以上组织人事、劳动部门批准调入本市的。　　　　过渡性补助=1992年7月31日前的地方补充养老保险缴费年限×参保人基本养老保险平均缴费指数×11+60（元）。　　　　第二十七条? 地方补充养老保险缴费年限为地方补充养老保险实际缴费年限与地方补充养老保险视同缴费年限之和。地方补充养老保险缴费年限以年为单位计算，不足一年的，每月按1/12计算。　　　　地方补充养老保险实际缴费年限为参保人2001年2月1日以后缴纳本市地方补充养老保险费的年限。　　　　地方补充养老保险视同缴费年限按照下列规定计算：　　　　（一）2001年1月31日前具有本市户籍且在本市已参加基本养老保险的参保人，其取得本市户籍之日至2001年1月31日期间的本市基本养老保险缴费年限。但不包括因调入、安置到本市而补缴基本养老保险共济基金或个人账户的年限；　　　　（二）调入本市且已经缴纳超龄养老保险费的参保人的超龄年限；　　　　（三）调入本市的参保人1992年7月31日前的基本养老保险缴费年限。　　　　以上年限重叠部分不重复计算。　　　第六章? 养老保险管理 　　　　第二十八条? 参保人符合按月领取基本养老金条件的，可向市社保机构提出申请。申请前本人应当核实其养老保险的缴费情况，对缴费情况有异议的，应当及时向市社保机构提出。　　　　市社保机构在受理申请后的30个工作日内按照受理当月的规定和标准核定养老保险待遇。因情况特殊不能如期核定的，经市社保机构负责人批准，可延期核定，但延期最长不超过30个工作日。　　　　市社保机构从受理的次月开始计发养老保险待遇，受理以前的不予补付。　　　　第二十九条? 符合《条例》第三十条规定的继续缴费人员，应当在达到法定退休年龄30日前由用人单位或者本人向市社保机构办理申报手续；未申请的，市社保机构从其达到法定退休年龄的次月停止其缴费，停止缴费后申请继续缴费的，从申请的次月恢复缴费。　　　　第三十条? 达到法定退休年龄前已在本市参加基本养老保险的本市户籍人员、在本市基本养老保险实际缴费满10年的非本市户籍人员继续缴费的，按《条例》第十条、第十一条的标准执行；其他继续缴费人员按广东省相关规定的继续缴费人员缴费标准执行。　　　　第三十一条? 参保人在办理基本养老金、病残津贴领取手续时，应当按市社保机构规定的指纹采集方式提供其本人的指纹，并在以后每年的相应月份内向市社保机构提供1次指纹；未提供的，市社保机构自次月起暂停支付基本养老保险待遇、地方补充养老保险待遇；补充提供指纹后，市社保机构自提供次月起继续支付，并补付暂停期间的基本养老保险待遇本金、地方补充养老保险待遇本金。　　　　市社保机构应当妥善保存退休人员、病残津贴领取人员的指纹资料，不得用于其他用途。　　　　退休人员、病残津贴领取人员无法提供指纹的，应当采取其他方式每年提供有效生存证明。　　　　第三十二条? 申请领取病残津贴的人员应当提交本市劳动能力鉴定机构出具的完全丧失劳动能力的鉴定结论。　　　　第三十三条? 在本市按月领取基本养老金或病残津贴的出国定居人员、外国人、港澳台人员，应当按照有关规定每年定期提供一次有效生存证明，或者到市社保机构自行证明其生存状况。　　　　在本市按月领取基本养老金或病残津贴的出国定居人员、外国人、港澳台人员，未按时提供有效生存证明或者自行证明的，市社保机构自次月起暂停支付其基本养老保险待遇、地方补充养老保险待遇；补充提供生存证明后，市社保机构自提供次月起继续支付，并补付暂停期间的基本养老保险待遇本金、地方补充养老保险待遇本金。　　　第三十四条? 市社保机构为符合领取条件的遗属、供养亲属发放丧葬补助金、抚恤金以及个人账户余额，其他遗属、供养亲属对上述金额的领取和分配有异议的，应循法律途径向领取人追索。　　　　　　　第七章? 个人账户管理　　　　　　　　第三十五条? 参保人个人账户每年按广东省规定的计息办法计算利息，利息划入个人账户。　　　　在广东省调整计息标准前终结个人账户的，按终结时的计息标准计算未计息期间的利息。　　　　第三十六条? 参保人在《条例》适用范围内的用人单位之间流动的，不更换养老保险个人账户。参保人停止缴纳基本养老保险费，但基本养老保险关系未转移出本市的，其个人账户积累额继续计息。　　　　第三十七条? 个人账户储存额不得提前支取。参保人或离退休人员死亡的，个人账户储存额或者余额可以依法继承，由办理养老保险关系终结手续的遗属领取。　　　第八章? 附则 　　　第三十八条? 港、澳、台人员和外籍人员参加本市基本养老保险按非本市户籍人员的标准执行。　　　　退休前出国或者赴港、澳、台地区定居的员工，基本养老保险关系保留在本市，重新返回本市就业并按规定继续缴纳基本养老保险费的，其基本养老保险实际缴费年限和个人账户积累额可以累积计算。　　　　外籍人员和港、澳、台人员女性年满50周岁、男性年满60周岁的，不参加本市社会养老保险。　　　　第三十九条? 《深圳市宝安区、龙岗区城市化人员基本养老保险过渡办法》中规定的城市化人员的养老保险按照《条例》和本细则执行。　　　第四十条? 本细则所称本市户籍人员是指达到法定退休年龄之日前取得本市户籍的人员。　　　第四十一条? 《条例》实施之日至《深圳市社会医疗保险办法》（深圳市人民政府令第256号）实施之前，在本市办理按月领取基本养老金手续的人员，其退休后享受的医疗保险待遇、医疗保险缴费标准和基金支付渠道按原规定执行。　　　　第四十二条? 《条例》实施之日至本细则实施之日期间办理按月领取养老金待遇手续的人员，其养老保险待遇按本细则重新计算。重新计算的待遇高于原待遇的，按新待遇发放并补发差额；重新计算的待遇低于原待遇的，按原待遇发放。　　　　第四十三条? 符合《条例》第五十三条情形的，依照本细则重新计发基本养老保险待遇，地方补充养老保险待遇不作调整。　　　　第四十四条? 参保人补缴养老保险费的，补缴不改变本人首次缴费时间和参加工作时间。　　　　第四十五条? 关于养老保险补缴的具体办法由市人力资源保障部门另行制定。　　　　第四十六条? 本细则自2014年1月1日起施行，2002年７月24日深圳市人民政府令第120号发布、2006年12月8日深圳市人民政府令第160号修改的《<深圳经济特区企业员工社会养老保险条例>若干实施规定》同时废止。
"
25031,掌握市民有无子女情况的权威机构是哪个部门,深圳市人民政府法制办公室,2013.12.16,2013.12.19,"掌握市民有无子女情况的权威机构是哪个部门？公安机关的户籍系统里是否能查到异地居民有无子女的情况？
		","请到公安机关和计生部门咨询。
"
25311,深圳市华译天讯拖欠员工工资，经营多年不签合同和买社保,深圳市人民政府法制办公室,2013.10.20,2013.10.21,"（1）深圳市华译天讯科技有限公司，注册号440307103479564，法人汪雪林手机号18774888851，不给员工签合同，所有在职员工均不予购买社保。望相关部门予以调查和纠正，规范深圳用工秩序。（2）拖欠我的7月份工资加上加班费4905元，至今拖欠，望相关部门予以调查谢谢
		","你发来编号为：20131020-8240-2225078来信已收到，请勿重复提交，谢谢。
"
25408,买房困局，不知如何继续,深圳市人民政府法制办公室,2013.09.18,2013.09.23,"简述一个噩梦般的买房经历，今年6月，于深圳北站附件看一楼盘，小区环境，物业管理，房价，等多方权衡比较后，遂决定出手购房。和房东签订购房合同后，付定金，资金监管等，一切顺利。 　　问题出在过户，到房管局过户时，得知房子被查封，是房东和其他债务人有债务纠纷。房东委托担保公司交涉，担保公司处理了债务纠纷，拿到法院解封令后再去房管局过户，得知房子再次被查封，往返有两次此类查封后，担保公司约业主到担保公司列举出其借债数目，得知其大量的债务，已经超过其房子资产总额% 问题补充：咨询了两个律师，结论截然不同，律师一表示：可以申请法院要求卖房继续履行合同，到时法院根据调解情况（目前债务人情况复杂，根本不知道怎么调解），看如何判，是否可以判优先购买权，或者强制过户，建一托管账户后，卖房后分配相应资金。 另外一律师说：卖方由于债务，无合同履行能力，告他继续履行没有意义，赢了也没什么，建议我直接到法院起诉其违约，要求赔偿违约金，然后后期看下是否能通过拍卖方式购房。（我是十分喜欢该房户型，所以一直是希望能继续购房）。目前不知道有没处理过此类案件的律师能提供点好的建议。 现在是有的律师给建议，可到法院主张要求强制执行（强制过户），主要基于以下几点理由： 1. 我的购房流程基本已经完成，银行贷款早已下来，就差最后一步过户。过户时才产生的查封，其他债权人要求偿债的要求。 2. 目前避免各方争议，将债权人的查封标的由房子改为我付款后的房款账户。这样是对所有各方伤害最小的方式，一，我不加入要求房主违约赔偿的债权人队伍，减少对房东求偿40多万，二，如果法院不能支持我继续购房，则各方需要等待各项债务宣判及后续法院拍卖后（肯定会低于以市场价购买的我的房款），一是时间成本，二是这样的行为增加了受害人数量，且问题迟迟得不到解决。 有以下问题想咨询大家：1. 我提告强制执行的可能性有多大？2. 提告是否要在房产标的所在管辖法院，宝安法院？3. 现在其他债务人的起诉是在罗湖，是否可以并案，并案如何处理？4.法院保障房子顺利交易后，将资金监管于法庭账户再根据案情判决情况予以分配，是否可行?
		","谢进学： 您好！您于2013年9月18日通过网络向我办发来的题为“买房困局，不知如何继续”的来文收悉。经认真研究，现对您的问题提出如下意见： 一、关于您提出的第一个问题，根据《中华人民共和国城市房地产管理法》第三十八条第（二）项的规定，司法机关、行政机关依法裁定、决定查封或者以其他形式限制房地产权利的房地产不得转让。因此，除非针对该房产的查封措施解除，否则，您的过户请求无法得到支持。 二、关于您提出的第二个问题，根据民事诉讼法第三十三条规定，因不动产纠纷提起的诉讼，由不动产所在地人民法院管辖。因此，如果您欲单独提起相关民事诉讼，涉案房产所在地人民法院拥有管辖权。 三、关于您提出的第三个问题，您信中提到其他债务人已经在罗湖提起诉讼，根据民事诉讼法第五十六条，“对当事人双方的诉讼标的，第三人虽然没有独立的请求权，但案件处理结果同他有法律上的利害关系的，可以申请参加诉讼。”因此，您也可以向受理其他债权债务纠纷的法院申请参加该案的诉讼。但以第三人身份参加诉讼无权对案件的管辖权提出异议。 四、关于您提到的是否可以在“法院保障房子顺利交易后，将资金监管于法庭账户再根据案情判决情况予以分配”，法律对此并无明文规定，您可以向法院及债权人就该处理方案提出建议。 以上意见，供参考。感谢您对政府法制工作的信赖和支持！ 专此答复
"
25411,我的钱被骗了,深圳市人民政府法制办公室,2013.09.18,2013.09.22,"江苏华建建筑集团深圳经理，黄夕华，，以合作包工程为名，骗钱赖着不还，上诉南山区检察院，扣车了，市检察院把车放行，案子没有下文。有钱人就可以借钱不还吗。。。
		","蔡先生： 您好！您于2013年9月18日通过网络向我办发来的题为“我的钱被骗了”的来文已收悉。经认真研究，现对您的来文答复如下： 您所反映的问题超出我办职责范围，我办无权径直处理。现根据相关法律规定，提出如下建议： 一、您可携相关证据材料（如合同书、付款凭证、往来邮件等）向有管辖权的人民法院（如被告住所地）提起民事诉讼，通过司法途径维护您的合法权益； 二、如您有证据证明对方涉嫌实施了诈骗行为，您可向当地公安机关进行报案。 感谢您对政府法制工作的信赖和支持！ 专此答复。
"
25412,2002年非婚生子,深圳市人民政府法制办公室,2013.09.06,2013.09.22,"2002年非婚生子，但在生子后60日内去拿了结婚证，之前没交社会抚养费，现在还要征收社会抚养费吗？现在违反计划生育政策吗？
		","何世任： 　　您好，您于2013年9月6日通过网络向我办发来的题为“2002年非婚生子”的咨询收悉。经研究，现答复如下： 　　根据《深圳经济特区人口与计划生育条例》第二十五条的规定，未依法办理结婚登记而生育第一胎且自生育之日起六十日内未补办结婚登记手续的，区主管部门应当征收社会抚养费。您所咨询的非婚生子行为，发生在2013年1月1日《条例》生效之前，根据立法生效时间的规定和有关法律适用原则，您所述的情形如果尚未处理完毕，可按照从新从优的原则，依照《条例》的规定进行处理。对您反映的问题是否要交社会抚养费，建议您径向深圳市卫生人口计生委咨询。 感谢您对政府法制工作的理解与支持！
"
25447,关于新的契税收费标准的建议,深圳市人民政府法制办公室,2013.09.03,2013.09.12,"各位领导您们好：新的契税收费标准于13年9月1日起实施，但在9月1日前，我们都买了期房（即未交房），若按旧标准，依然是要交3%，但新标准的话是1%，如果是按照备案时间或买卖合同时间计算，这样对我们这类买“期房”的人非常不公平，因此建议对于新规的生效时间和措辞作调整，谢谢。
		","黄磊辉： 您好！您于2013年9月3日通过网络向我办发来的题为“关于新的契税收费标准的建议”的来文，我们已经收悉。现对您的来文答复如下： 我们查阅了相关规定，可能对您反映的问题有所帮助。在“深圳政府在线（http://www.sz.gov.cn）-信息公开-通知公告”中查询到以下几个文件：《深圳市规划和国土资源委员会关于深圳市2013年享受优惠政策普通住房价格标准的通告》（深规土告〔2013〕7号，2013年8月23日发布）、《深圳市地方税务局转发市规划和国土资源委员会关于深圳市2013年享受优惠政策普通住房价格标准的通告的通知》（深地税发〔2013〕195号，2013年8月30日发布）、《深圳市地方税务局关于2013年享受优惠政策普通住房价格标准有关问题的补充通知》（深地税发〔2013〕197号，2013年9月4日发布）。 根据您所提供的信息，我们不能知晓您的详细具体情况，建议您根据自身实际情况对照是否符合相关规定，若有不详之处，您可向深圳市地税局和深圳市规划国土资源委员会进行咨询。 感谢您对政府法制工作的理解和支持！ 专此答复
"
25448,关于更换执法证的咨询,深圳市人民政府法制办公室,2013.09.02,2013.09.12,"我是龙岗区住房和建设局的工作人员，上个月我局统一更换新版执法证时，我的新证并未发放，经办人员告诉我因为法制办把我的个人资料搞错造成无法办理新证，由于旧执法证已上交，造成工作中的不便。请问这种情况能否及时得到处理补办新证？在此期间能否继续执法工作？发放执法文书是否有效？
		","宋嘉： 您好！您于2013年9月2日通过网络向我办发来的题为《关于更换执法证的咨询》来文，我们已经收到。现对您的来文答复如下： 经核对您的申请资料，并与龙岗区住房和建设局法制科确认，您未能换发新版行政执法证的原因是：不属于有关法律法规规章规定的可以颁发行政执法证的人员。 感谢您对政府法制工作的支持与理解。 专此答复
"
25455,诈骗8000元能管吗,深圳市人民政府法制办公室,2013.09.05,2013.09.10,"深圳普莱达皮草批发有限公司诈骗能管吗，数额8000元，打款后不发货，说是货发多了，要打到公司账户上才送货，8000元就杳无音信了，能管吗？回个信，打款证据和交谈证据都有
		","徐春红： 您好！您于2013年9月5日通过网络向我办发来的题为“诈骗8000元能管吗”的来文，我们已收悉。经认真研究，现对您的来文答复如下： 您所反映的问题超出了我办职责范围，我办无权直接进行处理。关于对您反映问题的处理，现提出建议如下： 一、您可携相关证据材料（如合同书、付款凭证、往来邮件等）向有管辖权的人民法院（如被告住所地）提起民事诉讼，通过司法途径维护您的合法权益； 二、如您有证据证明对方涉嫌实施了诈骗行为，您可向当地公安机关进行报案。 感谢您对政府法制工作的信赖和理解！ 专此答复
"
25506,国家认证颁发的“公证书”,深圳市人民政府法制办公室,2013.08.22,2013.08.29,"请问国家认证颁发的“公证书”是不是国家认可的一种有效证明和证据？
		","房红艳： 法制办公室函您好！您与2013年8月22日通过网络向我办发来的主题为“国家认证颁发的公证书”的来文，我们已经收到。经我办认真研究，现对您的咨询来文答复如下： 您询问“国家认证颁发的‘公证书’是不是国家认可的一种有效证明和证据”的问题，经查阅有关法律、法规，目前有关公证效力的规定包括：《中华人民共和国民事诉讼法》第六十九条“经过法定程序公证证明的法律事实和文书，人民法院应当作为认定事实的根据，但有相反证据足以推翻公证证明的除外。”和《中华人民共和国公证法》第三十六条“经公证的民事法律行为、有法律意义的事实和文书，应当作为认定事实的根据，但有相反证据足以推翻该项公证的除外。” 由于我办不是公证主管部门也不是司法部门，没有处理该类事务的职能，建议您向公证机关、司法行政部门或者人民法院咨询。 感谢您对政府法制工作的理解和支持。 转此答复
"
25508,小区内乱摆卖属于执法队管理吗,深圳市人民政府法制办公室,2013.08.13,2013.08.28,"你好，有物业管理的小区内乱摆卖属于执法队管理吗
		","杨少庆： 您好！您通过我办网站发来的咨询件“小区内乱摆卖属于执法队管理吗”（查询编号：20130813-4861-2182366）收悉。经研究，答复如下： 您认真研究执法实践中具体问题的精神，值得我们学习。我们已就您咨询的事情进行研究，并征询市城管局意见。我们也已与您电话沟通，鉴于您属于街道执法队工作人员，市城管局建议您就此事直接向市、区城管部门或街道执法队咨询。 感谢您对我们工作的理解和支持！ 专此函复。
"
25517,社保,深圳市人民政府法制办公室,2013.08.20,2013.08.26,"新的《深圳经济特区养老保险条例》已在元月1 日就开始实施了，时过8月了，但实施细则仍未缣ǎ我想咨询一下会不会有这样一个政策？我们多次打电话12333。他们说不会超过6个月的。
		","? 宋继光： 您好！您于2013年8月20日通过网络向我办发来的主题为“社保”的来文，我们已经收到。经认真研究，现对您的来文答复如下: 市人力资源保障局已草拟《<深圳经济特区社会养老保险条例>实施细则（草案）》，目前有关部门正就该草案进行论证和调查研究。 感谢您对我市法制工作的关心和支持！ 专此答复。
"
25580,关于社保补缴实施细则保时出台的咨询,深圳市人民政府法制办公室,2013.07.29,2013.08.12,"法制办负责人： 您好，最新的深圳市社会养老保险条例，已经于2013年1月1日起生效。按条例规定，半年内关于补缴的实施细则应在半年后出台公布。现在已经快8月份了，实施细则都没能出台，是不是和条例本身归定的时间相冲突。现到社保办到部门及12333、12345咨询，均无实际出台日期。请问这个细则的出台，到底要到何时？
		","舒长刚：您好！您《关于社保补缴实施细则何时出台》的咨询（查询编号：20130729-1923-2177289）收悉。现对您的来文答复如下：《<深圳经济特区社会养老保险条例>实施细则（草案）》已经我办审查并上报市政府，待市政府常务会议审议通过后，将正式公布实施。感谢您对我市法制工作的关心和支持！专此答复。
"
25583,市劳动局有权利改变政府文件的实施日期吗？,深圳市人民政府法制办公室,2013.07.29,2013.08.09,"<<深圳市人民政府关于进一步完善就业援助政策的通知》以深府（2013）60号文发布，其中规定这文件自发布之日起实施，下面的日期是2013年6月19日，是不是可以理解为实施日期就是6月19日？但劳动局就业服务中心却下文通知这政策自6月28日起实施，请问，这样做合适吗？
		","刘育彬：??? 您好！您于2013年7月29日通过网络向我办发来的题为 “市劳动局有权利改变政府文件的实施日期吗？”的来文，我们已经收到。经认真研究，现对您的来文答复如下：??? 经核实，《深圳市人民政府关于进一步完善就业援助政策的通知》（深府〔2013〕60号）于2013年6月28日在《深圳市人民政府公报》第24期（总第840期）公布，该通知第八条明确规定“本通知自发布之日起实施”。根据《深圳市人民政府公告管理规定》（市政府令第95号）第十条规定“规章、规范性文件和行政措施没有规定生效日期或者规定从发布之日起施行的，以实际公布之日为生效起始日期”；同时，该规定第六条还明确“以市政府名义制定的规范性文件以《市政府公报》为法定载体公布”。依据上述规定，《深圳市人民政府关于进一步完善就业援助政策的通知》（深府〔2013〕60号）施行的起始时间应为通过《市政府公报》实际对外公布之日，即6月28日，并非为文件的落款日期6月19日。因此，市劳动局就业服务中心下文通知政策自6月28日起实施，符合《深圳市人民政府公告管理规定》（市政府令第95号）的有关规定。??? 感谢您对政府法制工作的关心和支持。??? 专此答复。　　　　
"
25599,拆除工业区内乱搭建铁皮棚的处理程序,深圳市人民政府法制办公室,2013.07.26,2013.08.02,"工业区内发现堵塞消防通道的铁皮棚，，从发现到拆除，，在街道层面该是怎样的程序？？ 由哪个部门登记隐患？再移交给哪个部门进行拆除？是以街道执法队为主还是以街道安监部门为主？？
		","王原：　　　　您好！　　　　您通过我办网站发来的咨询件“拆除工业区内乱搭建铁皮棚的处理程序”（查询编号：20130726-8197-2176136）收悉。经研究，答复如下：　　　　您认真研究执法实践中具体问题的精神，值得我们学习。我们认为，如果工业区内乱搭建铁皮棚，违反了城市管理和安全生产相关法律法规，那么无论城管部门还是安全生产管理部门，只要发现了，均有职责依法处理。至于具体处理程序，请向市、区相关管理部门咨询。　　　　感谢您对我们工作的理解和支持！　　　　专此函复。
"
25623,养老保险征求意见稿什么时候正式下文,深圳市人民政府法制办公室,2013.07.18,2013.07.24,"深圳市社会养老保险征求意见稿上次看到已上报审批，什么时候正式下文，咨询下什么时候能下来。请回复，谢谢
		","鞠宝林：　　　您好！您于2013年7月18日发来题为“养老保险征求意见稿什么时候正式下文”的来文，我们已经收到。经认真研究，现对您的来文答复如下：　　　　《〈深圳经济特区社会养老保险条例〉实施细则》经我办征求意见后进行了修改完善，目前该实施细则已经提请市政府审定。待市政府常务会议审议通过后，该实施细则将以市政府令形式公布实施。　　　　感谢您对我市政府法制工作的理解和支持！
"
25638,《深圳市土地有偿使用金征收办法》是否正式对外颁布？,深圳市人民政府法制办公室,2013.07.10,2013.07.19,"深圳市人民政府法制办公室于2009年2月16日对外公告《深圳市土地有偿使用进征收办法（送审稿）》征集市民意见，我想知道现在这部办法是否有正式对外颁布并使用？
		","刘婷：　　　　您好！您于2013年7月10日通过网络向我办发来的题为“《深圳市土地有偿使用金征收办法》是否正式对外颁布实施”的来文，我们已经收到。经认真研究，现对您的来文答复如下：　　　　经核，《深圳市土地有偿使用金征收办法》未正式对外颁布实施。　　　　感谢您对政府法制工作的理解和支持！　　　　专此答复。　　　　　　　　　　　　深圳市人民政府法制办公室　　　　2013年7月19日
"
25652,再问户籍失业员工购买社保问题,深圳市人民政府法制办公室,2013.07.04,2013.07.12,"6月13日我用20130613-7162-2160161回执编号向你办询问了户籍失业员工购买社保问题，我对你办回复不满意。从国家到深圳市的法律文件都没有明文禁止领取失业金期间个人购买社保，领取失业金期间难道不能从事灵活就业吗？那个失业保险金够用吗？我查询过外地如天津市都是支持鼓励领取失业金期间个人购买社保的，为什么我们深圳市就要为难户籍失业员工？按现在社保的计算方法，如领取了两年失业金意味少交两年社保，那到时退休金将每月减少近200元。事实上深圳市个人交社保早已不以是否就业为前提了，许多终生残废没有劳动能力的户籍人员通过一次性交费方式办了退休，我觉得领取失业金并不能意味着购买社保权力的失去。我想知道，一，我要改变社保局这不合理的规定有什么途径，行政复议？还是上法院打官司？如行政复议，是不是向你办申请。二，深圳市社保局这项规定是根据什么作出的，是有专门的文件还是会议纪要？总不会是那个领导一拍脑袋就决定的吧？我只提以上两个问题，请你办书面形式回复。我的回邮地址是：深圳福田区福华路16号4栋602房，邮编518033。电话13613068388。恳请尽快回复。
		","刘育彬：　　您好，您与2013年7月10日通过网络向我办发来的题为“再问户籍失业员工购买社保问题”的来文，我们已经收到。经认真研究，现对您的来文答复如下：　　根据《中华人民共和国社会保险法》及《深圳经济特区社会养老保险条例》、《深圳经济特区失业保险若干规定》等本市有关社会保险的法规、规章的规定，社会保险分为职工社会保险和居民社会保险，职工社会保险缴纳的对象是用人单位及其职工，无雇工的个体工商户、未在用人单位参加职工社会保险的非全日制从业人员以及其他灵活就业人员。因此，参加职工社会保险是以已就业为前提的。在领取失业救济金期间，如果通过灵活就业方式实现就业的，应当停止发放失业救济金，可以灵活就业人员身份个人缴纳社会保险。市社保局对领取失业保险金期间的失业人员不予办理养老保险参保手续的依据是国家社会保险法律和本市养老保险、失业保险法规。如果您对相关法律、法规、规章有异议可向制定机关反映；如果您对行政机关的规范性文件有异议的，可以在对具体行政行为申请复议时，向复议机关提出对该具体行政行为依据的文件一并提出审查。　　　　感谢您对我市法制工作的关心和支持。　　　　
"
25731,户籍失业员工领取失业保险金期间个人缴交养老保险的问题,深圳市人民政府法制办公室,2013.06.13,2013.06.25,"法制办领导，你们好！现有一事咨询，现在深圳市社保局是不准失业员工在领取失业金期间或以后个人缴交或补交养老保险的，我不知这样做的理据何在？我认真学习了国家省市的社保法律，均没有发现有禁止性条文，不准在领取失业金期间或以后个人缴交养老保险，反而是不少省市是鼓励领取失业金期间个人缴交养老保险的。现在国家鼓励社会多渠道征集养老经费，个人缴交养老保险是应得到鼓励，而不是受到阻止，深圳市目前这种无非是出于私利，不想让更多的人领取失业金，假如有人因领取失业金期间不能缴交养老保险，而造成了不能按时退休，或不能退休，或退休待遇降低，这对构建和谐社会是不利的。请你们对目前社保局的做法发达意见，社保局这样做是依据什么条例的？我个人觉得很不合理，有什么办法让社保局改变这种做法？
		","关于刘育彬咨询事项的答复 刘育彬：　　　　您好！您于6月13日通过网络向我办发来的题为《户籍失业员工领取失业保险金期间个人缴交养老保险问题》的咨询来文，我们已收到。经研究，现对您的来文答复如下：　　　　根据《中华人民共和国社会保险法》和《深圳经济特区社会养老保险条例》的规定，参加养老保险的人员范围是职工、无雇工的个体工商户、未在用人单位参加基本养老保险的非全日制从业人员以及其他灵活就业人员。由于失业人员不属于上述法律、法规规定的参保人员范围之内，因此不能以个人身份参加养老保险。　　　　感谢您对政府法制工作的理解和支持！　　　　 深圳市法制办2013年6月24日
"
25747,用人单位的工资支付周期为一个月，工资支付日约定为每月28日发放上月工资，问该约定是否违反《深圳市员工工资支付条例》第十一条的规定？,深圳市人民政府法制办公室,2013.06.05,2013.06.18,"《深圳市员工工资支付条例》第十一条：工资支付周期不超过一个月的，约定的工资支付日不得超过支付周期期满后第七日；工资支付周期超过一个月不满一年的，约定的工资支付日不得超过支付周期期满后的一个月；问题：用人单位与员工约定工资支付日为下月28日，该约定是否违反以上规定？如违反，这将导致深圳大多数企业甚至一些国家机关事业单位均违法，员工可以此为由称被迫解除劳动合同，并要求用人单位经济补偿！ 求对以上法条作权威解释！！！
		","您好！??? 您于6月5日通过网络向我办递交的有关用人单位约定的工资支付日是否违反《深圳市员工工资支付条例》第十一条的咨询来文，我们已收到。经研究，现对您的咨询事项答复如下：??? 根据《深圳市员工工资支付条例》（以下简称《条例》）第十一条中“工资支付周期不超过一个月的，约定的工资支付日不得超过支付周期期满后第七日”的规定，对于用人单位约定的工资支付日是否违反该条规定，需要确定周期起算日；若从工资支付周期起算日开始计算，该用人单位约定的工资支付日不超过一个月工资支付周期期满后第七日的，符合《条例》的规定。??? 以上答复非法定解释。如有疑问，请根据《中华人民共和国立法法》的规定，径向《条例》的制定机关――市人大常委会请求解释。??? 感谢您对我办工作的理解和支持！??? 专此答复
"
25766,关于工龄，请问这个文件是否还有效，谢谢.1998-2005年攻读硕博，2005年在深圳国企工作。,深圳市人民政府法制办公室,2013.05.24,2013.06.08,"家教育委员会、劳动部、人事部关于博士生和在职人员考取硕士生学习期间工龄计算问题的通知?? （１９９０年１月１９日）教高〔１９９０〕００１号??近年来，一些地区和部门对博士生和在职人员考取硕士生，在学习期间的工龄计算提出一些问题。经研究，现通知如下：? ? 一、国内博士生学习期间计算工龄。出国攻读博士学位研究生工龄计算问题，仍按《国务院批转国家教育委员会〈关于出国留学人员工作的若干暂行规定〉的通知》（国发〔１９８６〕１０７号）有关规定办理。?? ? 二、在职人员国内硕士生，学习期间计算工龄。在职人员出国攻读硕士学位研究生，获得硕士学位回国工作后，在规定的学习年限内也计算工龄。? ? 三、本通知自发出之月起执行。过去与工龄有关的工资、保险、福利等待遇，不予追补。
		","PZL：??? 您好！??? 您于2013年5月24日通过网络向我办递交的有关工龄文件是否有效的咨询收悉。经查，原国家教育委员会、劳动部、人事部《关于博士生和在职人员考取硕士生学习期间工龄计算问题的通知》（教高〔1990〕001号）现行有效。如对工龄计算有疑问，请径向市人力资源和社会保障局咨询。??? 感谢您对我市政府法制工作的理解和支持！ 　　深圳市人民政府法制办公室　　2013年6月7日 ?
"
32042,权利,深圳市人民政府法制办公室,2008.01.03,2008.01.16,"请问派出所扣了一台电脑主机没有开任何凭证属于什么性质应该如何投诉
		","根据我国法律有关规定，公安民警查扣物品应当向当事人开具扣押凭证，对于你所投诉公安派出所查扣一台电脑主机未出具任何凭证的行为应属违法行为。对此，你可向公安机关督察机构反映此类问题。
		
		"
