编号,标题,接收信箱,询问日期,回复日期,询问内容,回复内容,情感值
17954,网络出租屋刚办了张网吧的营业执照就成网吧了吗,(已撤销)深圳市公安局消防监督管理局,2015.08.18,2015.08.24,"我2011年在沙井开了140平方间网络出租屋，是经派出所批准的，今年6月份由于上面通知要办理营业执照，我就去办了一张。但是现在网吧不能申请个体工商营业执照，就找了一间公司办了张分支机构的网吧营业执照。（只是办了营业执照，其他的全是网租的）营业执照办下来后，派出所的消防监督组过来说我这里网吧，要出示消防批文，但是我这幢楼是自建房，没房产证不能办。我要公司取消我的营业执照，但是流程的时间很长，派出所消防监督组给我时间不够办理，请问我现在该怎么办？请回复，谢谢！
		","您好，感谢您对消防工作的支持！建议您拨打宝安分局消防监督管理大队办事窗口电话：27660219进行咨询了解，地址：宝安区新安三路海关大厦9楼行政服务大厅6号窗口。
		
		",0.0
9121,房中房改建及消防安全问题咨询,(已撤销)深圳市公安局消防监督管理局,2016.06.24,2016.08.10,"你好，我原本租住的福田区南方国际广场B座1509号房，原为约40平米的单间商业用房，房东将其所有的1508-1511号房每间都改装成3到5间的隔断房出租，我想请问这种房间是否不能对外出租？该改造的房子中，有多个小的隔断洗手间，面积仅约1平方米，使用的是电热水器，花洒离热水器插座、灯泡及排风距离不足0.5米，洗浴时会溅到这些无防水罩保护的电器，请问这种是否存在重大安全隐患？另外我想请问这种情况是不是非法改建？如果需要改建需要得到哪些部门的文件批复？是否需要重新进行安全验收？因为居住在改隔断间的租客公约有15人，还请监管部门注意，谢谢！
		","您好，感谢您对消防工作的支持！对涉嫌改建的问题，建议向街道安监科和住建局反映。另，已要求南方国际广场管理处加强日常消防管理，严防消防事故发生。
		
		",0.0
9332,邻居防盗门外开 有消防和安全隐患 ,(已撤销)深圳市公安局消防监督管理局,2016.07.21,2016.08.01,"你好 我是深圳龙岗区平湖融湖中心城2E2603的业主 我的邻居2E2604防盗门外开 门完全打开的时候遮挡了进出通道的大部分空间 就剩一点点空间 物业说防盗门可以改为外开 但是前提是不影响消防安全和邻居的进出 如果坚持想外开 必须征得邻居同意 所以对我的邻居下过整改通知书 但是对方拒绝更改 我曾经在上个月在深圳消费管理局网站上投诉过 辅城派出所的工作人员曾经上门查看过说回去研究一下 但是等我之后去派出所了解进度时 办理此事的警官告诉我对方的门只有开关的时候挡住通道 不算消防隐患 不违法消防规定 只能劝对方 不能下整改 我不能理解 不接受这种说法 如果一个通道走廊 大家都以此门外开 如遇紧急状况 前面的人都从房间里面跑出去 不会想到还关门 那最里面那个人岂不是像走迷宫一样得左拐右绕跑出来 严重影响疏散速度啊 我也在网上查过案例 都是消防帮忙解决的此事 比如下面这个 http://szb.hynews.net/hhwb/html/2012-10/16/content_2471292.htm 是龙岗区的消防规则和深圳不一样 还是深圳和别的地方不一样啊 盼解决 谢谢
		","您好，感谢您对消防工作的支持！平湖街道融湖中心城2E2604号房住户安装的防盗门外开不会堵塞疏散通道。
		
		",0.0
20145,顶楼工厂消防水压和安全出口灯,(已撤销)深圳市公安局消防监督管理局,2015.05.21,2015.05.22,"您好：（派出所检查后第一次下发责令限期整改通知书） 请问：我公司在顶楼，有1000平米面积，消防栓6个，物业公司有深圳市公安局宝安分局消防大队颁发的《建筑工程消防验收意见书》，进驻后我们对消防设施未作任何改动，而且顶楼的消防水池也是满满的，请问水枪喷射的水压力不够怎么判断？ 2 门口安全出口指示牌和应急灯是二合一的，在有电的情况下都不亮，在停电的情况下应急灯灯和指示牌都发光，下边还有反光的安全出口标识牌，（不过我会及时更换成独立的指示牌和应急灯），这种情况合理的处罚是限期整改，不应该罚款吧。
		","您好，感谢您对消防工作的支持！您的咨询可拨打宝安办事窗口电话27660219进行咨询了解。
		
		",6.661338147750939e-16
9758,沙埔头大厦安全隐患严重,(已撤销)深圳市公安局消防监督管理局,2016.06.24,2016.07.11,"消防设备老旧且生锈灰尘等。甚至五楼六楼的消防栓都没有灭火设备，电源线路老化严重，出现乱接的情况。均会出现跳闸等情况，尤其是现在夏天用电多。6楼走廊上面位置放置了很多热水器或者空调等设备，掉下来就严重了。楼梯口防止自行车、破旧保险柜、梯子等情况、严重阻碍消防通道的使用，我不清楚该楼是怎么经过每年的消防检查的，但是这样隐患很严重，消防方面令人堪忧啊。
		","您好，感谢您对消防工作的支持！经核查，沙埔头大厦位于深圳市福田区爱华路，有4栋，该楼宇有7层，一、二楼作为商业楼层，3-7层为住宅楼层，楼高约21米。目前，沙埔头大厦3、4栋存在的隐患问题正由安监科牵头进行整治。
		
		",2.0872192862952943e-14
18403,网租出租屋拿了营业执照就成网吧了吗？,(已撤销)深圳市公安局消防监督管理局,2015.07.30,2015.08.06,"我在宝安沙井开了间网络出租屋，今年初上面要求我们办理营业执照。我就办了一张，由于现在办理网吧营业执照只能办企业的，所以办不了个体的工商营业执照。营业执照办下来后，派出所的消防警察过来说我的网络出租屋是网吧了，要办理消防批文，还要按规定进行处罚。请问这样合不合理。我应怎样做。我网络出租屋有前后门，消防指示标志也有，也配有灭火器的，
		","您好，感谢您对消防工作的支持！建议您拨打宝安办事窗口电话：27660219咨询了解，地址：宝安区新安三路海关大厦9楼行政服务大厅6号窗口。
		
		",1.13464793116691e-13
17895,因消防隐患查封的黑网吧现继续营业,(已撤销)深圳市公安局消防监督管理局,2015.08.11,2015.08.25,"深圳市龙岗区平湖街道福星街75号原“双龙网吧”现改名为“荣联网域三井综合服务店” ，该网吧无任何相关的消防合格批文、文化经营许可证。现场无任何消防设备环境非常挤迫，如发生火灾，根本来不及疏散，存在严重消防安全隐患。 当时投诉后平湖派出所电话回访，该网吧的确存在消防隐患，已勒令停业并查封。并让我监督该网吧如果开业通知平湖派出所。随后该网吧未作任何改动，现在在继续营业。我打电话到平湖派出所告知，但未得到任何回应。到底存在什么问题？希望相关执法部门秉公严格查处。
		","您好，感谢您对消防工作的支持！经核查，该场所二楼已被查封搬空，一楼面积60平方米，属于三小网吧，不需要消防批文，该场所有营业执照。已将核查情况反馈给举报投诉人。
		
		",1.567634910770721e-13
19946,照明电线敷设,(已撤销)深圳市公安局消防监督管理局,2015.05.29,2015.06.03,"您好，我公司在以前安装照明电线时，根据《宝安区安全生产“一岗双责”》系统网上申报的内容要求，（在通用检查项，电气安全，电气线路项目里面有以下内容）“水平敷设的低于2.5米，垂直敷设低于1.8米的电缆电线，应有保护导管或入线槽”。我们的电线在阻燃天花板上面，高度在3米以上，电线没有做穿管或入槽处理，按照上面的规定，是允许这样敷设的，还是必须作穿管或入线槽处理的？如果不管高度是多少，都必须穿管入槽，我马上整改。请指教。
		","您好，感谢您对消防工作的支持！关于您的咨询，建议拨打宝安分局办事窗口电话：0755-27660219进行了解。
		
		",6.181721801112872e-12
20632,投诉宝安24区的黑网吧,(已撤销)深圳市公安局消防监督管理局,2015.04.17,2015.04.28,"尊敬的施局长：您好，位于宝安24区三坊九巷4号有一家大型黑网吧，无任何消防及公安手续，消防隐患极大，该黑吧从14年开业至今，接受小学生上网，对周边居民产生了极坏的影，主管的宝民派出所不作为，任由其非法经营，我们不得不求助市局领导，希望施局长能制止此非法经营，还周边居民一个安全的生活环境。现在中央老虎苍蝇一起打，希望不要让这小小的苍蝇影响公安部门的公正严明。
		","您好，感谢您对消防工作的支持！经核查，已对该网吧存在消防违法行为的下发《责令限期改正通知书》并电话告知投诉人。
		
		",1.6956502868481493e-10
18071,光明新区公安分局2015年招聘的消防巡查员上岗情况f,(已撤销)深圳市公安局消防监督管理局,2015.08.06,2015.08.18,"尊敬的领导： 您们好！我想询问光明新区公安分局2015年6月份招聘的消防巡查员什么时候能上岗？今年6月30日至7月2日，150名消防巡查员从东莞培训回来，已经有1个多月之久！现在除了老队员回来正常上班以外，其他新队员都还没有签合同和正式上岗，我想询问一下什么时候能上岗？请上级领导给予答复！谢谢！！！
		","您好，感谢您对消防工作的支持！关于您的咨询回复如下：光明分局第一批消防巡查员招投标工作已经完成，即将签订相关工作合同，各派出所消防巡查员近日将上岗开展工作。
		
		",3.5959568656096508e-09
9008,关于电话约定消防检查,(已撤销)深圳市公安局消防监督管理局,2016.08.11,2016.08.12,"昨天、今天连着两天有个来电显示号码为020-66648297的电话自称为深圳宝安消防大队的工作人员，索要我公司法人手机号码，约定下周到我公司检查消防，两次约定时间不同，因为020开头今天接到电话才引起质疑，114查不到这个号码，请问下是否有这样的消防检查工作？是否有这样的约定方式？
		","您好，感谢您对消防工作的支持！深圳市宝安消防监督管理大队值班室电话：84456680，办事窗口电话：27660219，如您有消防检查方面的问题可打电话咨询，如遇诈骗电话，您可拨打“110”报警。
		
		",4.819440846404177e-09
20761,电气火灾监控系统（漏电报警）是否在消防验收内容之内？,(已撤销)深圳市公安局消防监督管理局,2015.04.14,2015.04.21,"项目为深圳某超高层住宅楼，因各种原因所有的配电箱内没有安装漏电监控，消防公司意见为根据07年消防验收规范电气火灾监控不在验收内容之内。请问该系统在消防验收中是否为必须验收的项目，还是可验可不验的项目？
		","您好，感谢您对消防工作的支持！不属必验项目，消防验收不验该项目。
		
		",4.903209616102799e-09
20178,消防喷淋系统安装,(已撤销)深圳市公安局消防监督管理局,2015.05.19,2015.05.21,"你好！我们是主要生产纺织类产品的（类似制衣厂），目前工厂总人数有200人（员工168人，管理32人），办公和生产使用面积为7200平方米，分布如下：1楼有3/5的面积是仓库，存放的物料只要是原材料（纺织物）和成品，有货架依次摆放，2/5的面积是生产车间，主要为布料电压加工。2楼全部是生产车间，有120人在生产纺织类产品。3楼有2/5的面积为办公区，其余的目前空置。3层楼每层的一面墙都有4个消火栓，并且按照国家规定放置了保质期内的灭火器。以上是我司的大概情况，目前想了解的是：1、我们是否属于消防喷淋的必须安装单位。2、在不影响生产的情况下，在7200平方米的空间里安装喷淋系统需要的大概费用，除仓库外，其余的面积上空均有石膏吊顶。
		","您好，感谢您对消防工作的支持！根据规范要求，占地面积大于1500O或总建筑面积大于3000O的单层、多层制衣厂房或每座占地面积大于1000O的棉、毛、丝、麻化纤、毛皮及其制品的仓库，应设喷淋。费用问题应咨询机关设计、施工单位。
		
		",6.350745485050879e-09
20886,商铺消防要求,(已撤销)深圳市公安局消防监督管理局,2015.04.12,2015.04.13,"商铺位于小区门口，商铺竣工验收合格后（店铺为房产商统一建设和招租）。接手店铺后，不对消防设施进行改建，不吊顶，只墙体刷白，地面铺地砖，能否正常营业且通过消防验收。
		","您好，感谢您对消防工作的支持！关于商铺消防要求的咨询，您可拨打龙华办事窗口电话：0755-85135145进行咨询了解。
		
		",2.1024477936393282e-08
19913,写字楼变更使用单位是否需要申报消防,(已撤销)深圳市公安局消防监督管理局,2015.05.26,2015.06.04,"您好！ 我司准备租用一高层写字楼其中三层，大厦业主已经装修完毕并经过消防验收合格。我司即租即用不做任何装修、消防等施工改造，请问这种情况是否需要我司重新进行消防申报或者进行实际使用人变更等手续？如果需要办理请问需要提供哪些资料和怎样的办理流程？谢谢！
		","您好，感谢您对消防工作的支持！如果不重新装修无需申办消防审批。
		
		",6.868116275704494e-08
21305,自动消防系统操作人员资格证,(已撤销)深圳市公安局消防监督管理局,2015.03.04,2015.03.16,"您好！ 1、请问自动消防系统操作人员资格证在哪个部门办理，需什么条件和手续？ 2、办证时间要多久，是否培训，要多久？ 3、若培训，在什么地方？ 谢谢！
		","您好，感谢您对消防工作的支持！
关于您咨询的问题：一、自动消防系统操作人员现今持有的证书是建（构）筑物消防员职业资格证。证书由公安部消防局与人力资源和社会保障部联合下发，一般分为初级、中级、高级、技师、高级技师五种。参加初级培训的学员条件：从事或即将从事消防控制室操作的人员。具体为：一是消防安全检查人员；二是消防控制室监控人员；三是建筑消费那个设施操作与维护人员；四是消防安全管理等从业人员或其他自愿参加培训的人员。报名者应具备高中以上文化水平，年龄原则上不超过55周岁，男女不限。
二、自动消防系统操作人员要获得证书，需参加消防职业技能培训。流程是：1、以转账形式向广东省新世纪消防职业培训学校缴纳2600元培训费；2、凭银行转账凭证到企业所在区消费那个监督管理大队报名点领取学校资料；3、登陆网络教学系统，完成120学时的网络理论课程，通过网络理论模拟考试后，4、凭通知参加为期十天的实操集中学习；5、学员通过实操考试和全国统考后的六到七个月左右，可以拿到职业资格证书。
三、建（构）物消防员职业技能培训模式是“网络理论教学+实操集中学习”，网络理论课程学习地点不限，实操集中学习的地点是广东省新世纪消防职业培训学校深圳培训处。
",1.2924736858543895e-07
21473,关于楼道堵塞,(已撤销)深圳市公安局消防监督管理局,2015.02.06,2015.03.02,"我住的楼层有一家出租给装修公司做仓库，该公司将3-4扇很大的防盗门置放在走廊上，堵塞了一半的楼道，而且门没有放置稳经常有倒下的危险。投诉到管理处很多次都没有具体回复我处理结果及清理时间，目前放置时间已经超过1个月了。我想咨询下，这种情况可以向你们投诉吗？
		","您好，感谢您对消防工作的支持！经核查，未发现章阁中心城存在堵塞消防疏通道的行为。
		
		",2.140206488698837e-07
20826,90平住宅底商改喷淋头方向和烟感,(已撤销)深圳市公安局消防监督管理局,2015.04.08,2015.04.16,"原有喷淋头向上想改为向下，因为要吊顶还要延长喷淋头长度！(原高5.5米现要装修吊顶3米) 烟感在梁上也要改在吊顶上！请问须要什么手续资料。
		","您好，感谢您对消防工作的支持！应根据所在建筑的性质到辖区消防大队办理消防行政许可或备案手续。
		
		",5.533147144909378e-07
18642,关于车间一楼建60平方米仓库墙体要求,(已撤销)深圳市公安局消防监督管理局,2015.07.22,2015.07.28,"我司想在一楼内建60平方米的小仓库放纸制品成品，问小仓库的墙体能否用一米高的砖体加铁丝网建设，如果不能，请问如何建设？
		","您好，感谢您对消防工作的支持！关于您的咨询，因建筑所在为宝安区，建议您拨打宝安消防监管大队办事窗口电话：27660219进行咨询了解，地址为：宝安区新安三路海关大厦9楼行政服务大厅6号窗口。
		
		",1.4745041833075234e-06
20108,工厂仓库因供应商送货的电池自燃导致火灾,(已撤销)深圳市公安局消防监督管理局,2015.05.21,2015.05.26,"您好。我朋友的工厂仓库着火，起火原因是工厂仓库供应商送过来的电池还没使用就自己着火了。直接经济损失80多万，但是没有人员伤亡，工厂人员积极参与了救火。但是一个多月了工厂还被封着，并且我朋友被宝安消防监督管理大队告知会追究企业主的重大安全事故责任罪，请问自己的东西被烧了还会被定罪吗，如果是，是什么标准和依据。谢谢
		","您好，感谢您对消防工作的支持！关于您的咨询建议拨打宝安分局办事窗口电话：27660219进行咨询了解。如有其它消防隐患，请明确存在何种消防隐患及具体地址。
		
		",2.042954014069842e-06
19562,小餐馆（小于100平方）的燃气管理,(已撤销)深圳市公安局消防监督管理局,2015.06.07,2015.06.18,"商铺小于100平方的餐馆，因没有管道燃气到铺里，租户使用瓶装气煮食，作为管理方应该如何进行管理？或是否允许此种做法？或最多能放多少瓶气？燃气的放置位置有无规定？（上一层楼就是住宅）
		","您好，感谢您对消防工作的支持！关于您的咨询，回复如下 ：1、高层住宅内严禁使用瓶装气；2、商铺内使用瓶装气，原则上1用1备用；3、靠外墙位置堆放。
		
		",3.4890065166992557e-06
17720,消防用水是否可以共用,(已撤销)深圳市公安局消防监督管理局,2015.08.06,2015.09.01,"您好： 近日我司隔壁单位与我司协商：能否从我司消防栓接一个水管，作为他们公司的消防用水。在此请教贵局，不知此举是否违反消防法律法规，以及对我司的消防安全用水是否有影响。谢谢。
		","您好，感谢您对消防工作的支持！已电话回复咨询人：根据《深圳市消火栓管理规定》，消火栓专供灭火救援和日常消防训练使用，其他单位和个人不得擅自使用。
		
		",3.7914421849860602e-06
20597,厂房二次装修报审,(已撤销)深圳市公安局消防监督管理局,2015.04.27,2015.04.30,"你好，我主要想咨询一下我司现租一厂房需要进行二次装修大概四百平米，报消防审核需要准备哪些资料和流程。谢谢
		","您好，感谢您对消防工作的支持！申报消防设计备案及验收备案、资料详查www.szl119.gov.cn
		
		",4.305245302482774e-06
20586,厂房二次装修报审,(已撤销)深圳市公安局消防监督管理局,2015.04.27,2015.04.30,"你好，我主要想咨询一下我司现租一厂房需要进行二次装修大概四百平米，报消防审核需要准备哪些资料和流程。谢谢
		","您好，感谢您对消防工作的支持！申报消防设计备案及验收备案、资料详查www.szl119.gov.cn
		
		",4.305245302482774e-06
20351,装修工程报消防费用,(已撤销)深圳市公安局消防监督管理局,2015.05.05,2015.05.12,"我想请问写字楼装修时一定要报消防？报消防是否需要收取费用？如果收费用大概是多少？
		","您好，感谢您对消防工作的支持！根据所在建筑性质申报消防设计审核、验收或者审核备案、验收备案，消防部门不收取费用。
		
		",9.56889830916463e-06
18140,自购新写字楼内办公室室内装修怎样进行消防备案,(已撤销)深圳市公安局消防监督管理局,2015.08.06,2015.08.14,"你好，我公司在深圳福田一新建写字楼内购买毛坯房两层，建筑面积约3300平方米，现准备进行内部装修自用，内部原有隔墙要拆除重新设置，原有消防系统已完成，请问怎样进行内部装修消防备案？谢谢，你们辛苦了。
		","您好，感谢您对消防工作的支持！关于您的咨询回复如下：向福田消防大队申报二次装修消防设计审核及验收手续。
		
		",2.144558926930884e-05
19420,咨询,(已撤销)深圳市公安局消防监督管理局,2015.06.11,2015.06.25,"你好 ；请问海员持海事局发的高级消防证可以在陆地上物业公司做消防管理吗？？？期待您的回复。。。
		","您好，感谢您对消防工作的支持！目前我们不清楚海事局所发证书，不能作为持证依据。
		
		",2.2087281501659284e-05
16865,消防登高场地与建筑外墙之间灯具高度,(已撤销)深圳市公安局消防监督管理局,2015.09.08,2015.10.10,"根据《建筑设计防火规范》GB50016-2014第7.1.8条和7.2.2条， 消防车道与建筑之间不应设置妨碍消防车操作的树木、架空管线等障碍物； 规范所提到的障碍物没有明确是否可以安装灯具和多高的灯具，经咨询编制单位，编制单位的意见是要咨询当地消防局，根据当地消防车的具体情况确定，请问深圳地区的消防道路或者消防登高场地与建筑之间是否可以设置高出地面的灯具，灯具高度有没有限制？ 
		","您好，感谢您对消防工作的支持！一般情况下登高面一侧不允许设置路灯。
		
		",3.1002496177268135e-05
20606,消防验收意见书,(已撤销)深圳市公安局消防监督管理局,2015.04.28,2015.04.29,"您好！我单位为申请退还装修保证金，但申请资料时，消防验收意见书丢失，该怎么补办该意见书？请求帮助并及时回复，非常感谢～～
		","您好，感谢您对消防工作的支持！关于您咨询的问题，可拨打罗湖办事窗口电话：82445554进行咨询了解。
		
		",3.145009945249022e-05
21483,非常加工烧鹅点，曾发生爆炸，存在严重安全隐患,(已撤销)深圳市公安局消防监督管理局,2015.01.28,2015.03.02,"深圳市宝安区松岗街道建设33号有一个非法加工烧鹅黑点，这个是居民住宅小区，这个黑加工点曾及生过爆炸，存土严重安全隐患，望处理。已投诉至市长邮箱和电视台，望尽快处理。。
		","您好，感谢您对消防工作的支持！经核查，该地址为一栋三层半自住居民楼，该栋住户在附近市场经营烧腊档口，平时在自己家里厨房加工一些烧鸭出售，加工数量不多，之前也并未发生过爆炸。民警已告知当事人日常注意用电用气安全，厨房内配备足灭火器
		
		",3.844836829047793e-05
16863,消防控制室值班人员上岗证,(已撤销)深圳市公安局消防监督管理局,2015.09.17,2015.10.10,"你好，我单位收到消防监督管理大队整改书，“消防控制室值班人员无证上岗”，要求参加“初级建（构）筑消防员”培训，请问，有无法律法规依据。
		","您好，感谢您对消防工作的支持！可参照《深圳经济特区消防条例》第二十八条。
		
		",8.495308482503461e-05
20611,关于消防设计备案的问题,(已撤销)深圳市公安局消防监督管理局,2015.04.28,2015.04.29,"你好，我们有个项目，原来在坪山分局备案过，现在要准备验收，现在发现当时填的消防设计备案表有误，咨询得知需要重新报备，需要重新验设计院的资质，由于我们是外地设计院，重验资质比较麻烦，因为第一次报备时已经验过原件了，这次重新报备是否可以不再验原件？谢谢。
		","您好，感谢您对消防工作的支持！关于您咨询的问题，建议拨打坪山办事窗口电话：89590119进行咨询了解。
		
		",0.00010481222020630732
21090,住宅楼被当成服装仓库,(已撤销)深圳市公安局消防监督管理局,2015.03.11,2015.03.30,"深圳南山区南油龙城路后海花园7栋2203，原本是住宅房现在已经成了服装仓库，还有人在里面进行工作，存在严重的消防安全隐患。请相关部门的人员能帮忙解决此事。
		","您好，感谢您对消防工作的支持！经核查，与投诉情况不符，已于2015年3月17日12时电话告知投诉人。
		
		",0.0001445713690324535
21039,消防备案,(已撤销)深圳市公安局消防监督管理局,2015.03.30,2015.04.01,"我们工程已拿到建设工程竣工验收消防备案凭证 但是由于我们的疏忽导致原件丢失，现在竣工备案不能如期进行。请问可不可以重新打印，或者办理？该怎么办理？ 
		","您好，感谢您对消防工作的支持！关于您咨询的问题可以到原备案机构重新办理。
		
		",0.00014986562800800574
20206,请问厂房和仓库隔墙用石膏板可以吗？？,(已撤销)深圳市公安局消防监督管理局,2015.05.14,2015.05.19,"据了解石膏板是防火材料，请问厂房和仓库分隔隔墙用石膏板可以吗？？
		","您好，感谢您对消防工作的支持！已电话回复咨询人。可以，应采用不燃或难燃性的石膏板，并满足耐火极限要求。
		
		",0.000178936057770529
19560,住宅小区底层用作仓库,(已撤销)深圳市公安局消防监督管理局,2015.06.05,2015.06.18,"请问住宅小区底层（2楼及以上是住家）用作仓库（20平米左右）来堆放电脑主机（有纸盒包装），违反相应的法规吗？谢谢！
		","您好，感谢您对消防工作的支持！关于您的咨询，回复如下：建议向物业小区管理处反映，由街道租赁介入处理。
		
		",0.00024103461481839172
17684,消防控制员培训,(已撤销)深圳市公安局消防监督管理局,2015.08.14,2015.09.01,"我司想要做消防控制员的培训，但找不到培训机构，请帮忙提供一下相关的培训机构，谢谢
		","您好，感谢您对消防工作的支持！已电话回复咨询人：您可向所属辖区大队报名参加相关培训。
		
		",0.00025214226270853235
24441,关于咨询市消防局公布2014年高危防火单位名单的事情,(已撤销)深圳市公安局消防监督管理局,2014.05.06,2014.05.14,"我是中兴通讯负责消防工作的，我在市消防局的通知栏中看到市消防局公布了2014年深圳市火灾高危单位，我司位于236，基于以上问题，想问一下这个通告是根据什么来确定为高危单位，对公司是否有影响等，请帮忙回复下，谢！
		","??? 您好，深圳市火灾高危单位的确定是在2014年消防安全重点单位的基础上，按照《广东省人民政府办公厅关于印发广东省火灾高危单位消防安全管理规定的通知》确定的，规定对于消防监督管理部门、企业单位明确了消防安全管理的内容、消防安全评估工作及监督管理等具体事宜。具体情况可向辖区消防监督管理大队民警了解。感谢您对消防工作的支持！
",0.00025898602475593613
21484,酒店开业消防要求,(已撤销)深圳市公安局消防监督管理局,2015.02.11,2015.03.02,"请问，一栋楼23层，目前有一半装修完毕，并已经通过消防验收。通过验收的部分是否可以对外营业？还是要等整个建筑的消防验收都完成后才能对外营业？
		","您好，感谢您对消防工作的支持！首先，该栋楼的主体应取得消防验收合格，局部的装修才能过验收合格投入使用。
		
		",0.00032899390030338704
17712,燃气供应站位置,(已撤销)深圳市公安局消防监督管理局,2015.08.16,2015.09.01,"近日见到天津市危险物品爆炸距离居民区不足600米，而龙华东环一路集瑞楼小区内的燃气供应站距离小区不足50米，望消防部门答复并能妥善解决。
		","您好，感谢您对消防工作的支持！经核查，发现深圳市宝润燃气有限公司2003年成立时取得了《建筑工程消防验收意见书》；2010年，更名为：深圳市宝润燃气有限公司宝华供应站，并取得了《建筑工程消防验收意见书》；且该供应站符合《城镇燃气设计规范》第8.5.3条之规定，并且供应站消防设施完好有效。
		
		",0.0006971134705334725
17922,开小餐馆的消防问题,(已撤销)深圳市公安局消防监督管理局,2015.08.22,2015.08.25,"目前我要在布吉长龙开一家小餐馆，位于商业楼一楼，餐馆面积９０多平米，计划做部分夹层，需要注意哪些问题，希望在装修之前对消防要求进行详细了解，以便不会出现消防通不过的问题，麻烦尽快联系回复，非常谢谢！
		","您好，感谢您对消防工作的支持！建议您拨打龙岗分局消防监督管理大队办事窗口电话:28924323，地址：龙岗区中心城龙翔大道8033-1号龙岗区行政服务大厅2楼24号窗口。
		
		",0.0007011998067274483
20212,茶叶店消防要求,(已撤销)深圳市公安局消防监督管理局,2015.05.10,2015.05.19,"我有个50平米的茶叶店装修，请问需要办理哪些消防要求。
		","您好，感谢您对消防工作的支持！已电话回复咨询人，需消防审核，验收合格。
		
		",0.0007484747092860733
20512,关于大型商城一次消防问题,(已撤销)深圳市公安局消防监督管理局,2015.04.29,2015.05.05,"商城一次消防通过后，没有投入使用，紧接着进行内部整体结构改造和扩建。是不是第一次消防的合格证作废，商城整体需重新再做一次消防审核？
		","您好，感谢您对消防工作的支持！改造及扩建应申报设计审核。
		
		",0.0008703999720064415
20779,关于办理消防许可证的问题,(已撤销)深圳市公安局消防监督管理局,2015.04.13,2015.04.21,"你好，我们是一家新公司，是做连锁超市的，现盘下了一间400多平米的小型生活超市，并进行了重新装修，装修内容主要是天花、墙面、地面，原来的消防系统没有进行改造，想问下我们现在的消防许可证怎么办理？需要准备哪些材料？谢谢。
		","您好，感谢您对消防工作的支持！该办理二次装修消防设计审核、验收或者审核备案、验收备案以及安检手续。
		
		",0.0009339540808859237
19263,增加烟感，是否有录入费用？,(已撤销)深圳市公安局消防监督管理局,2015.06.19,2015.07.01,"办公室增加了一个烟感，管理处要求缴纳2500元，说是代消费局收取的修改中控软件信息的费用，我在网站上没有找到相关信息，是否属实？可以直接去消防局缴纳吗？
		","您好，感谢您对消防工作的支持！消防部门从未收取过相关费用，如果您遇到诈骗情况，可直接向属地派出所报警。
		
		",0.001018761394045109
17733,有深圳市防火办（防火中心）这样的机构吗？,(已撤销)深圳市公安局消防监督管理局,2015.08.12,2015.09.01,"经常收到有自称深圳市防火办（防火中心）打来的电话，说安排上门免费为企业进行防火培训，说是深圳市统一要求的，每个企业必须参加，是这样吗？ 他们打来的电话是固定电话：22192729，手机18938876209，联系人：温主任（女）
		","您好，感谢您对消防工作的支持！已电话回复咨询人：目前，我局并无委托机构上门为企业进行防火培训，请仔细确认培训机构信息，谨防上当受骗。
		
		",0.00111196751904874
9657,消防产品抽样,(已撤销)深圳市公安局消防监督管理局,2016.07.13,2016.07.15,"你好，我们生产的铝合金防火窗产品，不属于3C强制目录里面, 但是我们为了能让客户更加相信我们产品质量，请问我公司可不可以主动申请消防总队过来抽样检查？
		","您好，感谢您对消防工作的支持！您可以直接联系检测单位，做委托检验。
		
		",0.0012721767876906487
9587,消防有上门做消防宣传,(已撤销)深圳市公安局消防监督管理局,2016.07.14,2016.07.19,"最近有接到0755-22192712 0755-23756203 电话，声称是消防队的，要上门做消防检查并且普及消防知识，是吗
		","您好，感谢您对消防工作的支持！请您不要相信陌生电话，如您遇到冒充消防名敲诈勒索的情况，您可直接打“110”报警。
		
		",0.00143689893162402
9346,我在玉泉路毅哲大厦负一楼万森健身中心办了卡，但是由于对方消防整改导致关门，想问一下究竟这家店消防整改通过没！,(已撤销)深圳市公安局消防监督管理局,2016.07.22,2016.08.01,"备案编号是：440000WYS160017862，公司名称是叫：深圳万森健身会有限公司，由于消防整改已经几个月没有开门，我想知道到底这家整改通过没
		","您好，感谢您对消防工作的支持！万森健身会有限公司已被责令停止使用，目前正在整改中。
		
		",0.001716635925971599
9087,开业检查,(已撤销)深圳市公安局消防监督管理局,2016.08.08,2016.08.10,"你好，我们公司要找一家餐饮公司来作为我公司的员工食堂，请问这样的话要不要做营业前消防检查？如要做是由谁来做？是我们公司还是外包的餐饮公司？谢谢
		","您好，感谢您对消防工作的支持！如您所描述，场所改变使用功能后应当由建设单位申报消防行政许可，具体申报事宜您可向辖区消防监管大队咨询。
		
		",0.0017788988288726104
21292,自动喷水灭火系统的供水管道能否改动,(已撤销)深圳市公安局消防监督管理局,2015.03.04,2015.03.16,"室内自动喷水灭火系统的供水管道能不能做小范围的改动
		","您好，感谢您对消防工作的支持！小范围改动所指不明，改动应符合国家规范要求。
		
		",0.001789191122967826
17716,请问，公司上市需要办理 消防安全方面的无违规证明，是怎么办理？,(已撤销)深圳市公安局消防监督管理局,2015.08.11,2015.09.01,"请问，公司上市需要办理 消防安全方面的无违规证明，是怎么办理？
		","您好，感谢您对消防工作的支持！已电话回复咨询人：您可向上市培育办申请，由上市培育办发函直消防部门，由消防部门核实并出具证明。
		
		",0.00218044613866486
20583,防火门抽检,(已撤销)深圳市公安局消防监督管理局,2015.04.24,2015.04.30,"消防申报验收之前要先申请防火门检测吗？资料在哪里查看？
		","您好，感谢您对消防工作的支持！与项目申报同时申请。
		
		",0.003215707962737624
21295,防火设计登记备案,(已撤销)深圳市公安局消防监督管理局,2015.03.03,2015.03.16,"防火设计登记备案，需要一个防火设计自审小组的审核章，请您帮我找到样章的链接或者图片谢谢。
		","您好，感谢您对消防工作的支持！您咨询的样章可以不用。
		
		",0.003398546873638386
19927,工厂隔墙与吊顶用什么材料合消防规定,(已撤销)深圳市公安局消防监督管理局,2015.05.24,2015.06.04,"工厂隔墙与吊顶用些什么材料才合消防规定？吊顶用些铁皮，隔墙用铁皮中间夹些泡棉的那种合法吗？
		","您好，感谢您对消防工作的支持！吊顶可以用铁皮，隔墙不得采用铁皮中间夹泡棉。
		
		",0.004122745923685112
17736,关于企业消防安全培训的安排,(已撤销)深圳市公安局消防监督管理局,2015.08.18,2015.09.01,"你好，我们公司想于近期展开关于消防安全的培训，请问有这样的培训安排吗？如果有要怎么申请？
		","您好，感谢您对消防工作的支持！近期各大队正开展消防安全责任人管理人培训，可联系辖区大队，获取相关培训信息。
		
		",0.004718235778885527
20884,开一间80平米的餐饮需要办理消防批文吗？,(已撤销)深圳市公安局消防监督管理局,2015.04.07,2015.04.13,"开一间租赁合同为80平米，实用面积为60平米的甜品店需要消防批文吗？注：无明火。
		","您好，感谢您对消防工作的支持！要视该甜品店所在建筑情况而定，所在建筑如超50m高或总建筑面积超合同平方，则应办理审核验收，否则无需办理。
		
		",0.005084091141090541
21306,建设工程消防设计审核的相关问题,(已撤销)深圳市公安局消防监督管理局,2015.03.03,2015.03.16,"1.建设工程消防设计审核可以在初步设计结束后提交初步设计图纸申报消防设计审核吗？ 2.因2015年5月1日执行新的《建筑设计防火规范》，新建工程消防设计审核按照新、旧防火规范执行，具体以工程设计的哪个阶段（或着工程消防办理的那个阶段）核准？
		","您好，感谢您对消防工作的支持！已电话回复咨询人：1、应按《建设工程消防设计文件申报要求》的规定送到相应的设计深度再报消防设计审核。2、以工程申报消防设计审核时间为准。
		
		",0.005133011912563212
19278,建设外立面二次装修工程是否需要进行新的主体申报？,(已撤销)深圳市公安局消防监督管理局,2015.06.12,2015.07.01,"现我司有一栋大楼筹备进行对其全部的外立面进行装修（不增加建筑面积），是否需要重新消防设计审核的再次申报？谢谢！
		","您好，感谢您对消防工作的支持！外立面若涉及国家建设工程消防技术标准规定的内容，则应全新申报消防手续。
		
		",0.006102235894892893
17701,消防安全标志,(已撤销)深圳市公安局消防监督管理局,2015.08.21,2015.09.01,"您好，我们是一家物业企业，打算在小区做消防安全标志，看到网页上说新版《消防安全标志》已发，从哪里可以获取呢？感谢！
		","您好，感谢您对消防工作的支持！已联系电话，未能联系上咨询人；回复如下：消防生产标志向有资质的消防器材公司购置，相关标志图形可参见我局官网。
		
		",0.006780177273939092
19665,气体防护区是否加装泄压阀问题,(已撤销)深圳市公安局消防监督管理局,2015.06.02,2015.06.15,"深圳地铁一期工程气体灭火系统图纸设计时间为2003年3月，采用的相关规范均未涉及泄压口安装，相关设图纸计也未涉及泄压口安装。一期工程气灭系统于2004年12月28日开通运营，而《气体灭火系统设计规范》（GB_50370-2005）在2006年颁布实施，根据3.2.7条规定，气体防护区安装泄压口。一期工程气体灭火系统设计符合当时的相关规范。
请问深圳地铁一期工程气体防护区（2004年开通运营）是否有必要根据新规范加装泄压口？

		","您好，感谢您对消防工作的支持！您的咨询，是符合建造时规范的，无须改造。
		
		",0.007662422524896684
20895,关于9501阻燃密封材料的使用,(已撤销)深圳市公安局消防监督管理局,2015.04.02,2015.04.13,"在某超高层建筑中，防排烟系统风管法兰垫料设计为9501密封胶条。据部分做工程的人讲，深圳本地不能采用9501垫料，请问是否有不能采用9501阻燃密封胶条垫片的相关规定？？
		","您好，感谢您对消防工作的支持！关于您咨询的问题，目前未有该规定。
		
		",0.008553475571849045
17739,柴油发电机机房油箱间,(已撤销)深圳市公安局消防监督管理局,2015.08.10,2015.09.01,"柴油发电机房油箱间是否每个机房只能配一个？每个油箱间里只能放一个1立方米以内的油箱？以前规定一台发电机配一个油箱，听说今年5月有新规定。
		","您好，感谢您对消防工作的支持！已联系电话，未能联系上咨询人；消防部门无此方面要求，建议向其他部门咨询。
		
		",0.010753518346245827
20865,商铺可以搭架子放点材料吗？,(已撤销)深圳市公安局消防监督管理局,2015.04.08,2015.04.14,"商铺里面用角铁搭了点架子，放材料，架子材料都没挡住消防管，这样违反了消防规定吗？
		","您好，感谢您对消防工作的支持！商铺不能堆放大量材料，以店代库，增加火灾荷载，加大火灾危险。
		
		",0.011065936733983373
20335,请问可以做消防电气安全检测业务的公司有那几家,(已撤销)深圳市公安局消防监督管理局,2015.04.23,2015.05.12,"请问可以做消防电气安全检测业务的公司有那几家？
		","您好，感谢您对消防工作的支持！原则上建议找有资质的第三方专业机构检测（例如具有CMA资质的），也可以上互联网查询。
		
		",0.012099287127922409
17300,深圳市的消防车供水高度,(已撤销)深圳市公安局消防监督管理局,2015.09.02,2015.09.15,"请问深圳市消防队的消防车最大供水高度能达到多少？
		","您好，感谢您对消防工作的支持！地面消防车用水炮打一般可以到50~60米；另，可使用登高、云梯等器械辅助。
		
		",0.016708482454184437
17947,准备开少儿艺术培训机构，需要办消防证吗,(已撤销)深圳市公安局消防监督管理局,2015.08.22,2015.08.24,"面积480平方，准备开少儿艺术培训机构，消防需要那些审批，要办消防证吗 
		","您好，感谢您对消防工作的支持！因咨询人留下的联系地址为宝安，建议拨打宝安分局消防监督管理大队办事窗口电话：27660219进行咨询了解，地址：宝安区新安三路海关大厦9楼行政服务大厅6号窗口。
		
		",0.017993007048290655
17685,松岗义乌商城把消防通道堵死,(已撤销)深圳市公安局消防监督管理局,2015.08.11,2015.09.01,"松岗义乌商城把一楼的消防通道用铁管以打庄的方式堵死并上锁，使车辆不能正常通过，存在很大的安全隐患，望尽快解决，谢谢
		","您好，感谢您对消防工作的支持！经现场核查，该单位11栋-13栋消防车通道设置的铁柱并上锁，堵塞消防车通道，辖区派出所针对上述消防违法行为下发《责令立即改正通知书》，并给予警告的处罚，已当场整改完毕。
		
		",0.018851134952941995
17942,企业消防安全管理员证书哪里报名,(已撤销)深圳市公安局消防监督管理局,2015.08.20,2015.08.24,"请问企业消防安全管理证书怎么取得哪里报名，需要具备什么条件
		","您好，感谢您对消防工作的支持！因咨询人留下的联系地址为宝安，建议拨打宝安分局消防监督管理大队办事窗口电话：27660219进行咨询了解，地址：宝安区新安三路海关大厦9楼行政服务大厅6号窗口。
		
		",0.018990673317530127
17936,随意改动消防栓问题,(已撤销)深圳市公安局消防监督管理局,2015.08.20,2015.08.24,"您好！我是南山区前海路泛海拉菲的业主，我们小区每层楼都有一个消防栓，消防栓的位置是在其中一户业主的大门右手边，想问下这个消防栓能改动吗？如果要改动的话需要些什么程序？
		","您好，感谢您对消防工作的支持！因咨询人咨询的属南山管辖范围，建议拨打南山分局消防监督管理大队办事窗口电话：26542721,进行咨询了解，地址：南山区桃园路2号南山区委一楼行政服务大厅1、2号窗口。
		
		",0.02063591986409863
17911,建设工程竣工验收消防备案,(已撤销)深圳市公安局消防监督管理局,2015.08.13,2015.08.25,"建设工程竣工验收消防备案凭证上哪个网站下载
		","您好，感谢您对消防工作的支持！关于您的咨询，回复如下：需在消防机构办事窗口办理备案手续时消防部门提供的，网上不可以下载。
		
		",0.02110483981059763
20332,消防验收回复,(已撤销)深圳市公安局消防监督管理局,2015.05.06,2015.05.12,"验收回复内容的表格有没有统一的表格啊？哪里有样板可以参考一下。或者回复里面需要哪些单位签字。
		","您好，感谢您对消防工作的支持！“验收回复”所知不明。
		
		",0.023638120365739423
20227,办理午托班的消防许可应该怎么办理？,(已撤销)深圳市公安局消防监督管理局,2015.05.11,2015.05.19,"请问办理面积70O（门面房）的午托班消防有哪些具体要求，有什么注意事项？
		","您好，感谢您对消防工作的支持！应满足国家消防技术标准《深圳午托班消防技术要求》的有关规定，办理消防设计审核，验收或者备案手续。
		
		",0.024936955898613444
17730,关于板房防火标准,(已撤销)深圳市公安局消防监督管理局,2015.07.30,2015.09.01,"您好！我想咨询下深圳市板房（住人集装箱）防火要求要达到什么防火级别才可以住人？
		","您好，感谢您对消防工作的支持！电话未能联系上咨询人，如下回复：临时工地上，使用的板房，应采用A级不然材料。
		
		",0.02836085663664656
19561,有关消防器材,(已撤销)深圳市公安局消防监督管理局,2015.06.04,2015.06.18,"我想买家用灭火器，不知道在哪里可以购买？
水基型灭火器比较好是么？我住下沙，附近有没有可以购买的地方？
		","您好，感谢您对消防工作的支持！关于您的咨询，回复如下：建议配置干粉灭火气，正规建材商场有售。
		
		",0.030317964087076432
9707,地铁站厅内二次改建是否须申报？,(已撤销)深圳市公安局消防监督管理局,2016.06.24,2016.07.13,"计划在福田口岸站厅公共区扩建一间10几平的房间，作为办公室。是否需要进行消防申报?
		","您好，感谢您对消防工作的支持！按您的描述，此类情况应当申报消防行政许可，具体可致电辖区消防监管大队咨询。福田大队办事窗口：深圳市福田区福强路与福民路交汇处一楼窗口。办事窗口电话：83109801。
		
		",0.03190753928466006
9122,地铁站厅内二次改建是否须申报？,(已撤销)深圳市公安局消防监督管理局,2016.06.24,2016.08.10,"计划在福田口岸站厅公共区扩建一间10几平的房间，作为办公室。是否需要进行消防申报?
		","您好，感谢您对消防工作的支持！按您的描述，此类情况应当申报消防行政许可，具体可致电辖区消防监管大队咨询。福田大队办事窗口：深圳市福田区福强路与福民路交汇处一楼窗口。办事窗口电话：83109801。
		
		",0.03190753928466006
24443,消防宣传资料,(已撤销)深圳市公安局消防监督管理局,2014.05.06,2014.05.14,"您好，企业可以领取消防局的公益消防宣传挂图吗？，谢谢！
		","??? 您好，感谢您对消防工作的支持！您可直接与辖区消防监督管理大队联系（南山消防监督管理大队值班电话：86182729）。
",0.03280253496494723
20786,商铺可以搭架子放点材料吗？材料不多的，就是十来卷防潮小材料,(已撤销)深圳市公安局消防监督管理局,2015.04.17,2015.04.20,"你好，由于偶尔会地面有点受潮，材料会没用，所以需要把材料放在架子上，放的不多，就是十来卷的喷绘材料，应该可以吧？
		","您好，感谢您对消防工作的支持！你可拨打辖区办事窗口电话：28924323进行咨询了解。
		
		",0.03811997856530103
21131,住宅楼可否办幼儿园,(已撤销)深圳市公安局消防监督管理局,2015.03.18,2015.03.25,"我单位租用一栋楼高6层，建筑面积约4000平方的住宅楼，设有双楼梯，走廊宽150CM,有独立前后门，有户外操场，可否办幼儿园
		","您好，感谢您对消防工作的支持！幼儿园与住宅楼应防火分隔，楼梯应独立设置，且只能设在三层及三层以下。
		
		",0.043943660633313786
18247,罗湖区春笋楼c715违规占用消防通道,(已撤销)深圳市公安局消防监督管理局,2015.08.03,2015.08.12,"罗湖区宝安北路春笋楼c715房间，是加工厂，仓库，住人，三合一。该住户长期违规占用消防通道，一旦火灾后果不堪设想。
		","您好，感谢您对消防工作的支持！经核查，发现该房属于民用家庭住宅不是加工生产仓库也未开展任何生产活动，现场过道堆放一些纸皮，已要求管理处立即清理并保持畅通。
		
		",0.04713690659513747
20757,材料,(已撤销)深圳市公安局消防监督管理局,2015.04.13,2015.04.21,"我想咨询下，我要办个消防，需要提供那些材料给你们？
		","您好，感谢您对消防工作的支持！应根据您所需办理的具体业务而定，具体可查阅我局互联网站www.szl119.gov.cn
		
		",0.0756782783961778
21311,关于公司的消防审批意见书,(已撤销)深圳市公安局消防监督管理局,2015.03.12,2015.03.16,"现物业处通知我公司提交消防审批意见书，没有要补办。不知道这个事项是否必要？关于这个事项能否给我们下达一个红头文件或是正式一点的官方文书？
		","您好，感谢您对消防工作的支持！您可查看《中华人民共和国消防法》，法律对建议单位的消防义务有详细的规定。
		
		",0.08015366525913836
20051,咨询贵单位是否有在前程无忧招聘文秘职位,(已撤销)深圳市公安局消防监督管理局,2015.05.26,2015.05.28,"您好！我想咨询下贵单位是否有在前程无忧发布招聘文秘的公告？
		","您好，感谢您对消防工作的支持！若有消防方面的投诉可明确地址以及存在何种消防隐患以便消防民警核查。
		
		",0.08098746926426792
20338,住宅用作仓库,(已撤销)深圳市公安局消防监督管理局,2015.05.05,2015.05.12,"请问 住宅楼上存放大量的商品 列如烟草 港货食品 奶粉，可以吗？一般住宅，商品房，。
		","您好，感谢您对消防工作的支持！关于您咨询的问题是不可以的，您可向物业管理处、社区工作站反映情况。
		
		",0.09164615289005051
21294,企业消防安全责任人,(已撤销)深圳市公安局消防监督管理局,2015.03.03,2015.03.16,"参加消防安全责任人管理人业务培训后取得什么证书?证书名称？
		","您好，感谢您对消防工作的支持！已电话回复咨询人：消防安全责任人管理人培训证，由各区培训，经考核合格后发证。
		
		",0.09191674727859123
20774,消防复验需要准备哪些资料,(已撤销)深圳市公安局消防监督管理局,2015.04.13,2015.04.21,"消防复验需要准备哪些资料
		","您好，感谢您对消防工作的支持！应根据所办理的场所的业务而定，可查询www.szl119.gov.cn
		
		",0.12090607183541568
19262,开具消防的守法证明需要什么资料,(已撤销)深圳市公安局消防监督管理局,2015.06.23,2015.07.01,"我司拟近期上市，需要贵局出具守法证明，我项咨询一下需要什么资料？
		","您好，感谢您对消防工作的支持!需提供申请书、公司法人委托书、公司营业执照复印件（加盖公章）、受托人身份资料即可。
		
		",0.13402660805819766
17717,企业自用油罐建设审批备案的问题,(已撤销)深圳市公安局消防监督管理局,2015.08.13,2015.09.01,"因企业自用叉车的加油需要，拟建设一座5立方米以下的柴油储罐。请问，是否有相关法规、标准规定多少立方的油罐需要进行消防审批、备案。还是不管多大，一律均需备案？？还请给予回复并告知相应的条文，非常感谢！
		","您好，感谢您对消防工作的支持！已电话回复咨询人：根据《建设工程消防监督管理规定》（公安部令106号）相关规定，生产、储存、装卸易燃易爆危险品场所需向公安消防机构申请审核、验收及备案；该柴油储罐应向所属辖区消防大队申报备案。
		
		",0.1576378958750827
9233,工厂仓库和车间在同一层楼只用铁丝网隔开行吗,(已撤销)深圳市公安局消防监督管理局,2016.07.30,2016.08.05,"工厂仓库和车间在同一层楼只用铁丝网隔开行吗?
		","您好，感谢您对消防工作的支持！不可。
		
		",0.1651071459819362
20736,公共楼顶被和记黄铺开发商卖使用权的投诉,(已撤销)深圳市公安局消防监督管理局,2015.04.13,2015.04.22,"我们小区深圳观澜懿花园小区，顶楼使用权全部被和记黄铺开发商卖给该单元的十楼业主，这严重违反了国家对公共使用权的规定，顶楼是消防的重要出口通道，是属于该幢全体业主共有的，要求敞开消防通道，减少安全隐患。
		","您好，感谢您对消防工作的支持！经核查，该场所楼顶防火门与火灾报警系统连接，当发生火警时防火门能自动打开，并未上锁。
		
		",0.20242985397341973
9760,如何考取消防上岗证？,(已撤销)深圳市公安局消防监督管理局,2016.07.04,2016.07.11,"请问从哪里可以获取消防上岗证培训报名、考试等相关信息？
		","您好，感谢您对消防工作的支持！目前，深圳市获得广东省人力资源和社会保障厅颁发的办学资质学校有两所，分别是广东省育安消防职业培训学校和广东省为众消防安全职业培训学校。学员可分别与这两所学校咨询消防上岗证培训报名、考试信息。学校联系方式及具体地址，可登录深圳市消防协会官方网站www.sz119.org.cn通知公告栏查看。
		
		",0.2220719643659752
9759,如何考取消防上岗证？,(已撤销)深圳市公安局消防监督管理局,2016.07.04,2016.07.11,"请问从哪里可以获取消防上岗证培训报名、考试等相关信息？
		","您好，感谢您对消防工作的支持！目前，深圳市获得广东省人力资源和社会保障厅颁发的办学资质学校有两所，分别是广东省育安消防职业培训学校和广东省为众消防安全职业培训学校。学员可分别与这两所学校咨询消防上岗证培训报名、考试信息。学校联系方式及具体地址，可登录深圳市消防协会官方网站www.sz119.org.cn通知公告栏查看。
		
		",0.2220719643659752
9756,如何考取消防上岗证？,(已撤销)深圳市公安局消防监督管理局,2016.07.04,2016.07.11,"请问从哪里可以获取消防上岗证培训报名、考试等相关信息？
		","您好，感谢您对消防工作的支持！目前，深圳市获得广东省人力资源和社会保障厅颁发的办学资质学校有两所，分别是广东省育安消防职业培训学校和广东省为众消防安全职业培训学校。学员可分别与这两所学校咨询消防上岗证培训报名、考试信息。学校联系方式及具体地址，可登录深圳市消防协会官方网站www.sz119.org.cn通知公告栏查看。
		
		",0.2220719643659752
9757,如何考取消防上岗证？,(已撤销)深圳市公安局消防监督管理局,2016.07.04,2016.07.11,"请问从哪里可以获取消防上岗证培训报名、考试等相关信息？
		","您好，感谢您对消防工作的支持！目前，深圳市获得广东省人力资源和社会保障厅颁发的办学资质学校有两所，分别是广东省育安消防职业培训学校和广东省为众消防安全职业培训学校。学员可分别与这两所学校咨询消防上岗证培训报名、考试信息。学校联系方式及具体地址，可登录深圳市消防协会官方网站www.sz119.org.cn通知公告栏查看。
		
		",0.2220719643659752
19269,工厂电气线路和设备第三方检测,(已撤销)深圳市公安局消防监督管理局,2015.06.19,2015.07.01,"您好，请问：哪类工厂每年要委托第三方，对工厂电气线路和设备进行安全性检测，深圳市所有的工厂都必须要做这项工作吗？
		","您好，感谢您对消防工作的支持！此项工作没有强制性要求，鼓励检测。
		
		",0.23104585730903182
17715,消防验收问题,(已撤销)深圳市公安局消防监督管理局,2015.08.18,2015.09.01,"消防验收问题
		","您好，感谢您对消防工作的支持！请明确咨询内容，以便消防民警解答。
		
		",0.2523992690561052
24202,关于全国注册消防工程师的考试,(已撤销)深圳市公安局消防监督管理局,2014.06.14,2014.06.23,"你好，听说今年全国注册消防工程师开考。什么时候可以报名啊？谢谢！
		","??? 您好，全国注册消防工程师报名工作现暂未开展，考生可关注深圳市公安局消防监督管理局（www.sz119.gov.cn）互联网通知公告栏。感谢您对消防工作的支持！
",0.2934982533817049
15975,2015年注册消防工程师教材购买,(已撤销)深圳市公安局消防监督管理局,2015.10.20,2015.11.09,"你好！请问2015年一、二级注册消防工程师的考试用书在哪里购买？
		","您好，感谢您对消防工作的支持！您可关注微信账号：注册消防工程师。
		
		",0.309264273886918
17927,讨说法 ,(已撤销)深圳市公安局消防监督管理局,2015.08.17,2015.08.25,"消防员带""特保""入侵,强砸群众床,人民受欺压!
		","您好，感谢您对消防工作的支持！请明确投诉地址及存在何种消防隐患，以便辖区消防民警核查。
		
		",0.35926434642628546
19402,《深圳市消防安全重点单位分类管理规定（试行）》在哪里能看到？,(已撤销)深圳市公安局消防监督管理局,2015.06.11,2015.06.26,"《深圳市消防安全重点单位分类管理规定（试行）》在哪里能看到？
		","您好，感谢您对消防工作的支持！《深圳市消防安全重点单位分类管理规定（试行）》文件已通过邮件发送咨询人。
		
		",0.37282290923216355
17145,南山信合广场水果店消防回执怎么办理,(已撤销)深圳市公安局消防监督管理局,2015.09.21,2015.09.22,"南山信合广场水果店消防回执怎么办理
		","您好，感谢您对消防工作的支持！建议您拨打南山消防监督管理分局办事窗口电话：26542721进行咨询了解，地址：深圳市南山区桃园路2号南山区委一楼行政服务大厅1、2号窗口。
		
		",0.39379931747066343
21488,屋顶建设分布式光伏电站需不需要消防申报之类,(已撤销)深圳市公安局消防监督管理局,2015.02.10,2015.03.02,"您好！我们工厂利用屋顶建设分布式光伏电站需不需要消防申报之类的许可文件？
		","您好，感谢您对消防工作的支持！如您所说的情况，居民用建筑与工业建筑合建，根据消防技术规范的要求，不允许这样合建。
		
		",0.4719549507500421
19144,网吧,(已撤销)深圳市公安局消防监督管理局,2015.06.18,2015.07.06,"在坪山新区居民楼 一楼可以开设网吧吗？

		","您好，感谢您对消防工作的支持！属于改变功能，应取得规划部门许可，才能申报消防手续。
		
		",0.49020616087654756
19267,消防备案回执单,(已撤销)深圳市公安局消防监督管理局,2015.06.29,2015.07.01,"消防备案回执单遗失补打
		","您好，感谢您对消防工作的支持！您可向开具备案回执的大队窗口申请遗失补打。
		
		",0.5541997554495522
18132,写字楼楼顶可以建阳光房做篮球场吗？,(已撤销)深圳市公安局消防监督管理局,2015.08.08,2015.08.14,"写字楼楼顶可以建阳光房做篮球场吗？需要申报消防吗？流程是怎么样？
		","您好，感谢您对消防工作的支持！关于您的咨询回复如下：阳光房概念不明，若属室内建筑，应先取得规划国土意见。
		
		",0.833819546636842
20823,特大消防安全隐患,(已撤销)深圳市公安局消防监督管理局,2015.04.08,2015.04.16,"深圳龙岗区布吉国都花园国都购物商场一楼，占用消防通道经营，致广大的业主生命财产不顾，投诉多次至今未拆除！
		","您好，感谢您对消防工作的支持！经核查，商场一楼疏散通道畅通，不存在占用消防通道、堵塞消防栓等情况，投诉不属实，因投诉人电话关机，故无法将查处情况反馈给举报投诉人。
		
		",0.9556798512212532
24203,咨询注册消防工程师考试,(已撤销)深圳市公安局消防监督管理局,2014.06.19,2014.06.23,"你好，据我了解，2014年是消防工程师考试的首个年头，但是关于报名地点、时间、考试时间问题都不是很清楚，请问能解答一下我的问题吗？谢谢
		","??? 您好，全国注册消防工程师报名工作现暂未开展，考生可关注深圳市公安局消防监督管理局（www.sz119.gov.cn）互联网通知公告栏。感谢您对消防工作的支持！
",0.9581421890563839
20353,配防毒面具是否强制性要求,(已撤销)深圳市公安局消防监督管理局,2015.04.27,2015.05.12,"办公场所在深圳软件园的多层建筑物内，从事软件开发的企业，没有危、化物，办公场所内是否一定要配防毒面具？
		","您好，感谢您对消防工作的支持！没有强制配置的要求，建议有条件的可以配置。
		
		",0.9994568468118219
