转发微博,2016-02-20 22:25,2950539177,白发不是仙子,https://tva1.sinaimg.cn/crop.97.177.444.444.180/afdda7a9jw8faballyap5j20hs0m8n04.jpg
//@青春痘与鱼尾纹并存的年纪:转发微博,2016-02-12 01:49,2525435031,Fei_Zmd,https://tva1.sinaimg.cn/crop.0.0.750.750.180/96871497jw8f5p2eoa4bgj20ku0kut95.jpg
//@apple爱自己:怪不得要4500啊。不然这又是号贩又是医生的。上上下下里里外外一条龙。钱哪够分啊。一群王八蛋！,2016-02-01 07:00,1232969467,胖胖小女人1,https://tva4.sinaimg.cn/crop.38.0.147.147.180/497d9efbtw1eh0pfzuxd6j206t05kwet.jpg
一声叹息 //@悉尼大学中国学联SUCSA:这脸打得,2016-02-01 00:29,1847603047,GYJoanna,https://tva3.sinaimg.cn/crop.0.0.852.852.180/6e202f67jw8elt1e6ixkaj20no0no3z5.jpg
这次还说没医院什么事？,2016-01-31 00:32,2312559175,Janne在修行,https://tva1.sinaimg.cn/crop.0.1.750.750.180/89d6da47jw8f7mmrqej5dj20ku0kxta9.jpg
回复@钚∫贾Z:高尚是高尚者的墓志铭，卑鄙是卑鄙者的通行证。//@钚∫贾Z:把自己说的这么高尚！哈哈！//@小倍乐儿:此条回复有那么多的赞，真是令人寒心。[伤心][伤心][伤心]在一个崇尚暴力不懂得理性思考的社会环境中生存，实属不易啊！,2016-01-29 23:32,2560311625,小倍乐儿,https://tva1.sinaimg.cn/crop.0.0.852.852.180/989b4149jw8elc4vgzwf6j20no0nojt0.jpg
不敢生病...,2016-01-29 16:13,2528447282,丶Mr_阳,https://tva2.sinaimg.cn/crop.0.0.664.664.180/96b50b32jw8fcqjdtc7jvj20ig0igdhd.jpg
呵。。。挂号的，看病的看来全跟黄牛有勾结的节奏,2016-01-29 15:56,1130010122,四夕的平凡之路,https://tva4.sinaimg.cn/crop.0.0.180.180.180/435a960ajw1e8qgp5bmzyj2050050aa8.jpg
寒心,2016-01-29 15:24,2121207395,Emma大娃娃,https://tvax1.sinaimg.cn/crop.0.2.1242.1242.180/7e6f0e63ly8fefqkl7aehj20yi0ym77g.jpg
//@美女味:看看,2016-01-29 13:41,1670422595,曾有西风半点香,https://tva3.sinaimg.cn/crop.42.0.174.174.180/6390a043gw1elk86qv6izj2062082q35.jpg
//@美女味: 看看,2016-01-29 12:56,2606605282,我的剑侠情缘,https://tva4.sinaimg.cn/crop.0.0.180.180.180/9b5da3e2jw1e8qgp5bmzyj2050050aa8.jpg
//@Hannah-ChouChou:越大的城市 就越多这样的事,2016-01-29 11:41,2679166507,仔细听啊,https://tva1.sinaimg.cn/crop.1.0.510.510.180/9fb0d62bjw8f9du4kuxx3j20e80e63z0.jpg
[doge][doge],2016-01-29 11:01,5631167972,喜权weer,https://tvax2.sinaimg.cn/crop.0.0.664.664.180/00695O1Sly8fe9x7e5adcj30ig0igdgu.jpg
转发微博,2016-01-29 10:50,2823529233,南娜-泡芙小姐-妞妞,https://tva3.sinaimg.cn/crop.0.0.511.511.180/a84ba311jw8eojvy0miomj20e70e8my9.jpg
全程基本上都是自助，根本没用上医护人员，就不存在这种现象了吧[哆啦A梦吃惊] //@lieforlove:同样都是挂号我就不知道为啥国内这么多妖事[拜拜]我在日本这边入院一次后都会有一张诊查卡，以后来医院无需再办，像身份证一样。上一次问诊后医生会和你约定一个时间，约定日到了后自己,2016-01-29 10:35,5148140762,易安校友Magic_Q,https://tvax4.sinaimg.cn/crop.227.38.568.568.180/005Cp4Aqly8fezc91g0d9j30sg0hydhp.jpg
同样都是挂号我就不知道为啥国内这么多妖事[拜拜]我在日本这边入院一次后都会有一张诊查卡，以后来医院无需再办，像身份证一样。上一次问诊后医生会和你约定一个时间，约定日到了后自己去医院把诊查卡放进日程机器里会出一张日程表，按照日程表自己检查完了等着医生叫号就行。?,2016-01-29 10:33,5148140762,易安校友Magic_Q,https://tvax4.sinaimg.cn/crop.227.38.568.568.180/005Cp4Aqly8fezc91g0d9j30sg0hydhp.jpg
黑暗,2016-01-29 10:32,1831107444,-seesee-,https://tva4.sinaimg.cn/crop.134.16.283.283.180/6d247b74jw8eqb0mf0xyej20e609fgmx.jpg
转发微博,2016-01-29 10:16,1689095635,啪叽啪叽本大爷最吧唧,https://tva1.sinaimg.cn/crop.0.0.996.996.180/64ad8dd3jw8fc4rluviisj20ro0rp416.jpg
转发微博,2016-01-29 10:13,2694641271,周航标-,https://tva1.sinaimg.cn/crop.0.0.512.512.180/a09cf677jw8egiv5vr591j20e80e8dg6.jpg
转发微博,2016-01-29 10:07,1873458210,一碟菜,https://tva1.sinaimg.cn/crop.2.6.422.422.180/6faab422jw1ebqbdlhfkwj20ca0c30ue.jpg
Repost,2016-01-29 10:04,1711621394,无烧鸽血红,https://tva3.sinaimg.cn/crop.0.0.511.511.180/66054512jw8f25zo1ezfbj20e70e8jt1.jpg
转发微博,2016-01-29 09:56,3248026554,热糖打卤面,https://tva3.sinaimg.cn/crop.44.13.145.145.180/c198f3bajw8fcy55bv6xsj207906474b.jpg
//@apple爱自己:怪不得要4500啊。不然这又是号贩又是医生的。上上下下里里外外一条龙。钱哪够分啊。一群王八蛋！,2016-01-29 09:55,3874622739,kittyhzt,https://tva2.sinaimg.cn/crop.46.0.807.807.180/e6f20d13gw1e9zlagomc7j20rl0p3dna.jpg
看来是公开的秘密了，这脸打的。新浪的记者要注意安全啊。,2016-01-29 09:47,2261174605,和越咨询,https://tva2.sinaimg.cn/crop.0.0.180.180.180/86c6c94djw1e8qgp5bmzyj2050050aa8.jpg
分工明确，规范专业。,2016-01-29 09:40,2145547477,_L味~佳_,https://tva2.sinaimg.cn/crop.70.1.448.448.180/7fe274d5jw1e8jhwwcwjuj20go0cita6.jpg
转发微博,2016-01-29 09:33,2212970602,LBmarry,https://tva3.sinaimg.cn/crop.0.0.180.180.180/83e7406ajw1e8qgp5bmzyj2050050aa8.jpg
一个暗访的记着，在黄牛眼里不是拿了号之后就去看病的普通人么，黄牛为什么会给你所谓的文章，还真当群众眼瞎啊，这么明显的串通作秀洗白。。。,2016-01-29 09:32,3013886500,懒鱼学游泳,https://tva1.sinaimg.cn/crop.0.0.180.180.180/b3a44224jw1e8qgp5bmzyj2050050aa8.jpg
转发微博,2016-01-29 09:19,1677824900,听着眼熟,https://tva3.sinaimg.cn/crop.0.0.849.849.180/64019384jw1fbafosgzikj20nn0nntbw.jpg
转发微博,2016-01-29 09:19,1392609020,顺其羧,https://tva2.sinaimg.cn/crop.0.0.180.180.180/530186fcjw1e8qgp5bmzyj2050050aa8.jpg
医院怕医闹，却做这种缺德事，打死也不冤枉，可是别害了奉公守法的医生，让大家对这个职业彻底反感，真的严查，我不信查不了，城管的狠怎么不学学,2016-01-29 09:13,1890307962,颜曦瞳,https://tva4.sinaimg.cn/crop.0.3.263.263.180/70abcf7agw1ef3x11bga1j207e07k3z0.jpg
现在的社会，老百姓看病都成了问题！,2016-01-29 09:08,2690446451,阳的大宝,https://tvax4.sinaimg.cn/default/images/default_avatar_female_180.gif
人心不古,2016-01-29 09:03,5475476199,卫生纸淘小店,https://tva2.sinaimg.cn/crop.165.0.685.685.180/005Yyxufjw8fakh3dx93cj30p00m8wh0.jpg
转发微博,2016-01-29 09:03,5653638513,又要取名字了2333,https://tvax3.sinaimg.cn/crop.0.0.1010.1010.180/006aC5DXly8fdhlr9w9rkj30s20s2tb8.jpg
转发微博,2016-01-29 08:58,5840536104,黑海成渊,https://tva3.sinaimg.cn/crop.0.0.996.996.180/006ngifejw8f69y0m2my1j30ro0ro400.jpg
这个社会怎么了[怒],2016-01-29 08:58,5578821484,马小六六六六,https://tva3.sinaimg.cn/crop.0.0.906.906.180/0065yajGjw8f095jzmyssj30p60p6t9h.jpg
转发微博,2016-01-29 08:57,3424017322,刘刘刘刘刘艾次,https://tva2.sinaimg.cn/crop.0.0.720.720.180/cc165baajw8eslyqpe6skj20k00k00ur.jpg
[打脸][打脸][打脸][打脸][打脸],2016-01-29 08:49,3587913981,期末不挂我就不改名,https://tvax3.sinaimg.cn/crop.0.0.996.996.180/d5db38fdly8fe735h6nfaj20ro0rp0tz.jpg
医德缺失，全社会都遭殃,2016-01-29 08:41,5287165954,一切只是缘起缘灭,https://tva4.sinaimg.cn/crop.0.0.750.750.180/005LOpoejw8ew8szs9l6qj30ku0kujtc.jpg
没有买卖就没有杀害，同理，没有利益冲突就没有贩子了，保安能摘清吗？医生能摘清吗？挂号处能摘清吗？既然来到世上就忍了吧，因为不公平和不平等是永存的,2016-01-29 08:37,1692258297,福尔摩北,https://tva1.sinaimg.cn/crop.0.0.540.540.180/64ddcff9jw8ekcxpzwa20j20f00f00tp.jpg
卧槽，简直不能忍了，串通一气啊,2016-01-29 08:29,2737306554,落辰夙夜,https://tva3.sinaimg.cn/crop.0.0.1080.1080.180/a327fbbajw8ev81dvaefvj20u00u0ju7.jpg
”《全社会都该感谢号贩子》“。。。[笑cry],2016-01-29 08:29,2004134861,LK玻子汽水,https://tva1.sinaimg.cn/crop.0.0.180.180.180/7774abcdjw1e8qgp5bmzyj2050050aa8.jpg
转发微博,2016-01-29 08:28,1054327805,采青,https://tva4.sinaimg.cn/crop.0.0.180.180.180/3ed7c3fdjw1e8qgp5bmzyj2050050aa8.jpg
转发微博,2016-01-29 08:21,1948131753,杜海娇大叔,https://tva1.sinaimg.cn/crop.0.0.1080.1080.180/741e21a9jw8eymxiggc7zj20u00u0gpu.jpg
有号都挂不上啊！就医难啊,2016-01-29 08:10,1651707425,小丁丁子,https://tva4.sinaimg.cn/crop.0.0.180.180.180/62730e21jw1e8qgp5bmzyj2050050aa8.jpg
转发微博,2016-01-29 08:07,2629441722,Will_Deja_Vu,https://tva2.sinaimg.cn/crop.0.237.1728.1728.180/9cba18bajw8f30o4alckij21c02001kx.jpg
//@BeautyStationWB：民不举，官不管。抓了几个票贩子，根本解决不了问题。因为问题发生的原因就是为了贪钱内外勾结，里应外合的结果。这些问题属于医院的管理不当。既然问题发生在医院，追究管理责任处罚医院就行了。处罚的力度大了医院自然会好好管理，不会发生此类问题了。,2016-01-29 08:03,1264261987,世界一番可爱的柚子,https://tvax2.sinaimg.cn/crop.0.0.664.664.180/4b5b1b63ly8fewquxj9zgj20ig0iggmv.jpg
转发微博,2016-01-29 07:51,1852614183,银_信仰,https://tvax4.sinaimg.cn/crop.9.0.493.493.180/6e6ca627ly8fdmmbyod4hj20e80dpt8t.jpg
这脸打得,2016-01-29 06:57,2264262765,悉尼大学中国学联SUCSA,https://tva2.sinaimg.cn/crop.0.0.180.180.180/86f5e86djw1e8qgp5bmzyj2050050aa8.jpg
转发微博,2016-01-29 06:57,3013655167,伊人灬同醉,https://tva4.sinaimg.cn/crop.0.0.180.180.180/b3a0ba7fjw1e8qgp5bmzyj2050050aa8.jpg
转发微博,2016-01-29 06:42,3596617174,btoo7,https://tvax3.sinaimg.cn/default/images/default_avatar_male_180.gif
。。。说好的不勾结呢[微笑],2016-01-29 06:30,2243341314,卑鄙BABY董军少,https://tva4.sinaimg.cn/crop.0.0.180.180.180/85b6ac02jw1e8qgp5bmzyj2050050aa8.jpg
转发微博,2016-01-29 06:02,1804013220,悠嘻猴是个好猴子,https://tva3.sinaimg.cn/crop.0.0.996.996.180/6b870ea4jw8f9hj3mi8itj20ro0ro771.jpg
终于知道了医生的败德了吧让我开心下不用每次发微博说一些医生怎样不好，就被一些圣母说人家累啊人家工作力重啊我想你他妈逼的既然选择什么行业之前这都知道的谁工作不累没医闹看看你们的狗脸吧最好多几万个医闹古代再有用的人犯事一同砍。医生都是你们圣母惯的，说明我这里是说一部分医生别圣母又来了,2016-01-29 05:58,5308389779,heleanyy,https://tva1.sinaimg.cn/crop.0.0.664.664.180/005NfsFZjw8fb1ygirixmj30ig0ig0un.jpg
//@美女味:看看,2016-01-29 05:19,2401205353,哥-千杯不倒,https://tva4.sinaimg.cn/crop.0.0.180.180.180/8f1f7c69jw8fd95ska2bhj2050050weg.jpg
//@美女味:看看,2016-01-29 04:54,1838559795,逃出克隆岛,https://tva1.sinaimg.cn/crop.0.0.180.180.180/6d963233jw1e8qgp5bmzyj2050050aa8.jpg
门道太多 学不会,2016-01-29 02:32,5380454408,地球拯救世界,https://tva3.sinaimg.cn/crop.0.0.720.720.180/005S7PYIjw8emheh4e84uj30k00k0aaq.jpg
真虐,2016-01-29 02:20,3562728495,我对我的生活非常不满意,https://tva1.sinaimg.cn/crop.0.12.1242.1242.180/d45aec2fjw8f6sl40ldotj20yi0z641o.jpg
转发微博,2016-01-29 02:16,2862029173,亲爱的打酱油丶,https://tva3.sinaimg.cn/crop.0.0.664.664.180/aa971975jw8f2qgm0x75fj20ig0igdgj.jpg
转发微博,2016-01-29 02:16,3028623861,人海中与你初遇,https://tva1.sinaimg.cn/crop.0.0.996.996.180/b48521f5jw8fci6vzwf39j20ro0rpmyj.jpg
？,2016-01-29 02:12,2305807884,噗二二,https://tva4.sinaimg.cn/crop.0.0.664.664.180/896fd60cjw8f1oquhfortj20ig0ig0tn.jpg
转发微博,2016-01-29 02:02,1309889407,L锋Andy,https://tva4.sinaimg.cn/crop.0.0.180.180.180/4e13537fjw1e8qgp5bmzyj2050050aa8.jpg
转发微博,2016-01-29 01:51,2262969592,Annie在耕田,https://tva1.sinaimg.cn/crop.0.0.639.639.180/86e22cf8jw8ers5xo0wnej20hs0hrmxq.jpg
上次我们不是也遇到了吗，如果是我一个人，估计就上当了[怒][怒]@宋邹邹的名字很好记 这些可恶的骗子！！！,2016-01-29 01:51,5112491757,刘娴婧,https://tva2.sinaimg.cn/crop.0.8.496.496.180/005zZuEtjw8f8mhm2a3j7j30ds0e80t1.jpg
转发微博,2016-01-29 01:45,5610828887,第一眼的云wf,https://tva1.sinaimg.cn/crop.0.0.80.80.180/0067IsU7jw8es8qbju443j3028028q2p.jpg
//@美女味:看看,2016-01-29 01:30,3808567576,饭少西6,https://tva3.sinaimg.cn/crop.0.0.750.750.180/e3022118jw8ez89bt1zmsj20ku0kudhk.jpg
转发微博,2016-01-29 01:08,1988095830,瞌睡猪-yao,https://tva3.sinaimg.cn/crop.0.0.180.180.180/767fef56jw1e8qgp5bmzyj2050050aa8.jpg
转发微博,2016-01-29 01:00,1197790113,黑眼婧的小兔子,https://tva3.sinaimg.cn/crop.0.0.996.996.180/4764d3a1jw8f1bho92kmfj20ro0rpdhd.jpg
转发微博,2016-01-29 00:58,5149178879,微凉时光9,https://tva2.sinaimg.cn/crop.0.0.640.640.180/005CtqEfjw8eglwytvkhaj30hs0hsjs6.jpg
Dl微博,2016-01-29 00:58,5839677952,羊二1974第3世,https://tva3.sinaimg.cn/crop.0.0.720.720.180/006ncH04jw8f0f414gngrj30k00k0abn.jpg
Dl微博,2016-01-29 00:58,1780343281,广州俊俊,https://tva1.sinaimg.cn/crop.0.0.180.180.180/6a1de1f1jw1e8qgp5bmzyj2050050aa8.jpg
@Blue蝴蝶结J,2016-01-29 00:50,2611073407,安轩震,https://tva4.sinaimg.cn/crop.0.0.852.852.180/9ba1d17fjw8ekuhtmcsquj20no0noq4m.jpg
脸打得不错,2016-01-29 00:46,1608990642,额外一条筋PL,https://tva4.sinaimg.cn/crop.0.0.640.640.180/5fe73fb2jw8f3cevzoohrj20hs0hsmxj.jpg
越大的城市 就越多这样的事,2016-01-29 00:40,1730967711,Hannah-ChouChou,https://tvax3.sinaimg.cn/crop.0.0.512.512.180/672c789fly8fek44v8wyaj20e80e8t94.jpg
//@美女味:看看,2016-01-29 00:33,2032882021,张莉娜插曲qq,https://tva3.sinaimg.cn/crop.0.1.750.750.180/792b5165jw8ewtfwtnr5qj20ku0kw0u4.jpg
转发微博,2016-01-29 00:30,1779527543,Lionel小狐狸,https://tvax1.sinaimg.cn/crop.0.0.664.664.180/6a116f77ly8feb5hrafysj20ig0igjrx.jpg
呵呵~ 就是内外勾结~   这票贩子都多少年了，还没给解决明白~ [挖鼻] 让人失望啊~ 小医院不靠谱还有误诊，大医院挤不进去~ [拜拜],2016-01-29 00:28,2042010215,有6的小狮子lly,https://tvax2.sinaimg.cn/crop.0.0.512.512.180/79b69a67ly8ff23v04ja0j20e80e8t8z.jpg
都是些什么人啊？拿着老百姓的钱不干人事,2016-01-29 00:26,5832212806,富贵万年万万年,https://tva3.sinaimg.cn/crop.0.0.1420.1420.180/006mHmYujw8f303mj3z8sj313g13g425.jpg
转发微博,2016-01-29 00:25,1748788777,金主大人甜如蜜,https://tva4.sinaimg.cn/crop.0.0.1242.1242.180/683c6629jw8f4csbx7f2fj20yi0yitbd.jpg
转发微博,2016-01-29 00:23,3186007840,w子-,https://tva2.sinaimg.cn/crop.0.0.640.640.180/bde69f20jw8elqv4085q5j20hs0hsdha.jpg
转发微博,2016-01-29 00:22,5290461622,过分的小婊砸,https://tva1.sinaimg.cn/crop.1.0.638.638.180/005M2eKajw8ezxslizvtoj30hs0hqwew.jpg
按这样的利益链来看，4500不算多嘛。哦，对了卫计委查的如何了？,2016-01-29 00:21,2476899114,Baker_Street221,https://tvax1.sinaimg.cn/crop.11.0.617.617.180/93a27b2aly8feensua90hj20hs0h5gm3.jpg
转发微博,2016-01-29 00:18,5131393153,军师吴用--二世,https://tva2.sinaimg.cn/crop.90.0.300.300.180/005BgNLHjw8eg2g32fll4j30dc08c3z1.jpg
//@红魔鬼828:这是一条分工清晰，默契十足的完整产业链！难怪医院敢大声疾呼：我们的保安和票贩子没有关系。确实，这等好事哪轮得到保安啊，呵呵…,2016-01-29 00:18,3186007840,w子-,https://tva2.sinaimg.cn/crop.0.0.640.640.180/bde69f20jw8elqv4085q5j20hs0hsdha.jpg
一条龙都有好处的~厂家、经销商、代理商、分销商、看病是消费者!,2016-01-29 00:17,1804286351,咸鱼521,https://tva3.sinaimg.cn/crop.0.0.180.180.180/6b8b398fjw1e8qgp5bmzyj2050050aa8.jpg
医生，保安，黄牛，三方联合骗取老百姓的钱，简直是丧尽天良，无法无天，没人管了，这种行为简直是盗取别人的生命，你心安吗！,2016-01-29 00:16,3810586994,海秋里的风筝,https://tva1.sinaimg.cn/crop.0.0.996.996.180/e320f172jw8f1pusnh97qj20ro0rpaee.jpg
转发微博,2016-01-29 00:16,1960046344,Longyue0521,https://tva3.sinaimg.cn/crop.18.0.266.266.180/74d3ef08jw1f2zgsytyppj208c07faal.jpg
转发微博,2016-01-29 00:15,1911392422,祥陆,https://tva1.sinaimg.cn/crop.0.0.639.639.180/71ed88a6jw8ewjti5wlumj20hs0hrmy2.jpg
//@美女味:看看,2016-01-29 00:13,3781934562,sgd521cmm3344,https://tva3.sinaimg.cn/crop.0.0.1080.1080.180/e16bbde2jw8eqgyoxi467j20u00u040u.jpg
#女子痛斥医院票贩#一个国家 一个社会 什么人都可以坏 但有三种人不能坏 教师 医生 法官 其他人怎么坏 都可治他 包括总统 弄不好会被弹劾 但教师坏了误人子弟 医生坏了草菅人命 法官坏了失去公平公正 这三种人坏了 社会基本就乱了。,2016-01-29 00:11,1767207373,铁甲刘忙忙,https://tvax1.sinaimg.cn/crop.0.3.506.506.180/695571cdly8fegcioqxjnj20e20e8mxk.jpg
无奈！,2016-01-29 00:08,1942375100,肥肥肥_甜,https://tvax1.sinaimg.cn/crop.5.0.502.502.180/73c64abcly8fe2fmg7qgcj20e80dyq3g.jpg
转发微博,2016-01-29 00:06,5149057787,19350053hsw,https://tva3.sinaimg.cn/crop.0.0.996.996.180/005CsV99jw8f1u3g11nhvj30ro0rpdg2.jpg
转发微博,2016-01-29 00:03,2092104787,丁书今,https://tva3.sinaimg.cn/crop.0.0.996.996.180/7cb2fc53jw8fcuh7ov5baj20ro0rotc8.jpg
转发微博,2016-01-29 00:02,5698576565,先救你妈让我游会儿,https://tva2.sinaimg.cn/crop.0.0.640.640.180/006dEE5fjw8evyfkac2ytj30hs0hs0td.jpg
看看,2016-01-28 23:58,2991571237,美女味,https://tva3.sinaimg.cn/crop.0.13.750.750.180/b24fc125jw8fa07gsto2xj20ku0lkjsc.jpg
[微笑]北京为何这么贵,2016-01-28 23:57,2166195993,竹丶小妖,https://tva2.sinaimg.cn/crop.0.0.180.180.180/811d8719jw1e8qgp5bmzyj2050050aa8.jpg
又打医院一个耳光！不是说没有内外勾结吗？不是说没有票贩子吗？,2016-01-28 23:56,2524752533,流年爱静,https://tva3.sinaimg.cn/crop.0.0.996.996.180/967caa95jw8fbzf0l7xxqj20ro0rpq4p.jpg
转发微博,2016-01-28 23:54,3972838938,李琪老巢,https://tvax3.sinaimg.cn/default/images/default_avatar_female_180.gif
转发微博,2016-01-28 23:52,2163625484,小小脚丫游世界,https://tvax1.sinaimg.cn/crop.0.0.996.996.180/80f64e0cly8feizyvc6y7j20ro0romy6.jpg
马勾比的，那个说他们医院没票贩子的院长呢？王八蛋，出来呀，说你们院没票贩子呀！！！！什么东西。当14亿中国人都跟你一样缺心眼啊！！！,2016-01-28 23:50,1890242743,公元1980年,https://tva4.sinaimg.cn/crop.0.0.180.180.180/70aad0b7jw1e8qgp5bmzyj2050050aa8.jpg
转发微博,2016-01-28 23:47,1746106795,suozhuqiutian7,https://tva4.sinaimg.cn/crop.0.210.533.533.180/681379abjw8eqq29en5tcj20f00qogme.jpg
转发微博,2016-01-28 23:47,5654320478,一路上有你-轩,https://tva4.sinaimg.cn/crop.0.0.1242.1242.180/006aEX3ojw8f0hzjcjieuj30yi0yiq6p.jpg
@N事情全都在l生，可娌块T甚多，槭颤N就不能杜^，@些部T被[事了就啦橐欢rg，^後不是一铀阑腿迹∠肟病，不如先看看自己有]有PS吧，要不就只能妥f！堂堂一大，老百姓看病都如此y！可悲不？,2016-01-28 23:46,1391926630,MH_KK88,https://tva1.sinaimg.cn/crop.0.2.507.507.180/52f71d66jw8fb5w22eka5j20e30e8wem.jpg
当医生，教师，律师都去捞外快，说明了什么？国家管理者们请反省一下自己！富不过三代，你们的第四代怎么办？,2016-01-28 23:43,2481283151,作者云,https://tva1.sinaimg.cn/crop.0.0.191.191.180/93e5604fgw1ek5251ox53j205c05cdfx.jpg
转发微博,2016-01-28 23:42,2268407375,UC神马搜索推广平台,https://tvax1.sinaimg.cn/crop.14.0.1213.1213.180/8735264fly8feury6rirtj20yi0xpac9.jpg
转发微博,2016-01-28 23:41,3855728553,芾,https://tva2.sinaimg.cn/crop.0.0.664.664.180/e5d1bfa9jw8fbn7tmagumj20ig0igjsh.jpg
“全社会都该感谢号贩子”――好有历史使命感的口号[哆啦A梦吃惊],2016-01-28 23:38,2742161855,Skynut,https://tva2.sinaimg.cn/crop.0.0.749.749.180/a37211bfjw8et5lrf5qqmj20ku0ktwg1.jpg
看了这个，再看医院说的。没有内部人员操作，说出来不打脸吗？#黄牛想说爱你不容易#,2016-01-28 23:35,3102352075,xiao_guai2012,https://tva2.sinaimg.cn/crop.0.0.1080.1080.180/b8ea22cbjw8ex6k3s9ksjj20u00u0gnz.jpg
转发微博,2016-01-28 23:35,5144834180,Kityzylmy,https://tva4.sinaimg.cn/crop.0.0.664.664.180/005Cbcosjw8f10wqbhl3xj30ig0ig0ty.jpg
哎！,2016-01-28 23:34,3278758960,我的偶像是朵花,https://tva2.sinaimg.cn/crop.0.0.720.720.180/c36de430jw8ev731lfjnfj20k00k0dgq.jpg
转发微博,2016-01-28 23:26,3213841712,世界奇观____兵马俑,https://tva1.sinaimg.cn/crop.0.0.664.664.180/bf8f5530jw8ez8dsf1xjlj20ig0igmyd.jpg
转发微博,2016-01-28 23:25,5723986623,青春痘与鱼尾纹并存的年纪,https://tva3.sinaimg.cn/crop.0.0.664.664.180/006fngoTjw8f3x3cfsfqgj30ig0ig751.jpg
转发微博,2016-01-28 23:22,2652191407,yvettasillus,https://tva2.sinaimg.cn/crop.0.0.750.750.180/9e153aafjw8f0d7dd1fqbj20ku0ku0v2.jpg
转发微博,2016-01-28 23:22,1203904797,xh02145027,https://tvax1.sinaimg.cn/crop.0.0.180.180.180/47c2211dly8fdof1mzy5tj2050050a9x.jpg
这种暗访太好了！#女子痛斥医院票贩#,2016-01-28 23:20,1163112245,食指个戒指,https://tva4.sinaimg.cn/crop.0.0.180.180.180/4553af35jw1e8qgp5bmzyj2050050aa8.jpg
//@望天月在笑:难怪台湾不愿意回来,2016-01-28 23:11,1710389521,我又笑呢,https://tva3.sinaimg.cn/crop.9.0.1224.1224.180/65f27911jw8fd2ru3uky3j20yi0y0t9n.jpg
转发微博,2016-01-28 23:09,2619657215,榆次大学城,https://tva4.sinaimg.cn/crop.140.18.525.525.180/9c24cbffjw8f56p7u1ucwj20n20g4thb.jpg
寒心,2016-01-28 23:09,2489608687,骂黄牛女孩,https://tva3.sinaimg.cn/crop.0.0.180.180.180/946469efjw1e8qgp5bmzyj2050050aa8.jpg
Dl微博,2016-01-28 23:03,3234143310,清澈边城,https://tva2.sinaimg.cn/crop.0.0.180.180.180/c0c51c4ejw1e8qgp5bmzyj2050050aa8.jpg
转发微博,2016-01-28 22:58,2540587261,可西喵,https://tva4.sinaimg.cn/crop.0.0.664.664.180/976e48fdjw8f6en4s3merj20ig0igwgc.jpg
转发微博,2016-01-28 22:54,5245249426,爱蓝色糖果的星星,https://tva1.sinaimg.cn/crop.0.0.200.200.180/005IYwZcjw8ejtggl73b2j305k05kjra.jpg
不懂这个视频到底是怎么说明了医院和票贩子勾结了,2016-01-28 22:52,2643297795,失之东隅收之桑榆ing,https://tva4.sinaimg.cn/crop.0.0.720.720.180/9d8d8603jw8eglkppdjmgj20k00k0gn2.jpg
医院和号贩子坐地分赃。正如同各种媒体（包括电视、广播、报纸、网络媒体等）一边刊登着各种假药广告，一边选择性的打假。最可气的是相关的监管部门不严厉打击违法行为，反而要老百姓提高真伪鉴别能力，不要上当受骗。难不成让老百姓个个修炼的火眼金睛，那还要你们监管部门干什么呢？,2016-01-28 22:45,5043996253,历史的天空中,https://tvax2.sinaimg.cn/default/images/default_avatar_male_180.gif
号贩子比病人有经验啊…一个字，悲…,2016-01-28 22:45,5781128609,天使之翼fx,https://tva2.sinaimg.cn/crop.0.0.720.720.180/006jf1DPjw8eyqwrwcwz0j30k00k075p.jpg
该上个头条了,2016-01-28 22:43,3214265357,悟空你丫真调皮,https://tva4.sinaimg.cn/crop.0.0.437.437.180/bf95cc0djw1elfp70agxlj20c80c7taj.jpg
转发微博,2016-01-28 22:31,5554041700,千艺留香,https://tva4.sinaimg.cn/crop.0.0.438.438.180/0063SbXKjw8fabmrtoqycj30c60c6wfe.jpg
转发微博,2016-01-28 22:25,2297324203,轻舟_重山,https://tva4.sinaimg.cn/crop.109.25.185.185.180/88ee62abgw1ez4xyv20xcj208l064mxb.jpg
转发微博,2016-01-28 22:23,2520051690,aime晒太阳的猫,https://tva4.sinaimg.cn/crop.0.0.180.180.180/9634efeajw1e8qgp5bmzyj2050050aa8.jpg
转发微博,2016-01-28 22:07,2467645063,黑洞粒子01,https://tva1.sinaimg.cn/crop.0.0.540.540.180/93154687jw8etd7bz7j4gj20f00f0gm6.jpg
转发微博,2016-01-28 22:05,1879622292,JIEYORUCAT,https://tvax1.sinaimg.cn/default/images/default_avatar_female_180.gif
转发微博,2016-01-28 22:04,3191325244,卜亦杨,https://tva4.sinaimg.cn/crop.1.0.638.638.180/be37c23cjw8eo7mej4jinj20hs0hqdgf.jpg
请继续，真的需要改变！,2016-01-28 22:02,2127721861,珠珠家的珠珠,https://tvax2.sinaimg.cn/crop.67.58.166.166.180/7ed27585ly8fe2gqyyhp2j208c08cdfr.jpg
@广安门医院官方微博 @首都健康 你们看看,2016-01-28 21:57,5320078797,袁海军51161,https://tva3.sinaimg.cn/crop.0.0.100.100.180/005O2vwxjw8em6ejufiduj302s02sdfl.jpg
转发微博,2016-01-28 21:56,1059018092,gyxmars,https://tvax4.sinaimg.cn/crop.1.0.1240.1240.180/3f1f556cly8feomus490jj20yi0ygwhw.jpg
太坑了，医院太黑了,2016-01-28 21:53,2076387897,薄凉de梦,https://tva4.sinaimg.cn/crop.0.0.180.180.180/7bc32a39jw1e8qgp5bmzyj2050050aa8.jpg
医院还有啥说的？@央视新闻 @央视新闻评论 @平安北京 ,2016-01-28 21:51,1916879907,玖号营地,https://tva4.sinaimg.cn/crop.0.0.996.996.180/72414423jw8f9ill3epezj20ro0road2.jpg
转发微博,2016-01-28 21:51,1950893567,初,https://tva1.sinaimg.cn/crop.22.19.781.781.180/744845fftw1e7sd1r7yhij20n60n6wkg.jpg
医院绝对是里应外合，狼狈为奸！！！,2016-01-28 21:48,1738264820,天地立心2011,https://tva2.sinaimg.cn/crop.0.0.996.996.180/679bd0f4jw8f4v38eq33zj20ro0rpjtc.jpg
医生也有问题，估计拿了号贩子不少好处,2016-01-28 21:48,2136000403,wwwchenchen,https://tva3.sinaimg.cn/crop.0.0.1242.1242.180/7f50c793jw8f1v6tph9v7j20yi0yi0ub.jpg
转发微博,2016-01-28 21:45,2236654874,春天的阴霾,https://tva4.sinaimg.cn/crop.110.30.330.330.180/8550a51ajw1e6r7emy9qxj20fa0avq43.jpg
真打脸，广安门医院给人民群众解释解释吧。,2016-01-28 21:44,2468744913,郑莹莹vv,https://tva2.sinaimg.cn/crop.0.7.1242.1242.180/93260ed1jw8f5ril7ahfuj20yi0yw76t.jpg
哎,2016-01-28 21:43,3499110792,TheaLUU,https://tva2.sinaimg.cn/crop.0.0.996.996.180/d0903188jw8fde4s7fo82j20ro0rowk1.jpg
[吐] //@apple爱自己:怪不得要4500啊。不然这又是号贩又是医生的。上上下下里里外外一条龙。钱哪够分啊。一群王八蛋！,2016-01-28 21:39,5053442648,v暖_,https://tva1.sinaimg.cn/crop.14.0.722.722.180/005vZJhujw8fadsag0qnjj30ku0k274w.jpg
医生也参与[拜拜]公开的秘密,2016-01-28 21:38,2652336103,2016求转运,https://tva1.sinaimg.cn/crop.0.0.664.664.180/9e176fe7jw8f00m2pa5nqj20ig0ig400.jpg
这脸被打的啪啪的响…[生病],2016-01-28 21:38,1963211131,淡漠点点记忆,https://tvax2.sinaimg.cn/crop.0.15.420.420.180/7504397bly8fdl91a2dukj20bo0c4t9p.jpg
有黄牛才能看病,2016-01-28 21:38,1791841427,静伽,https://tva3.sinaimg.cn/crop.0.9.494.494.180/6acd5493jw8f8zzquekamj20dq0e874x.jpg
转发微博,2016-01-28 21:34,1823357690,惟爱v暮色夜,https://tva4.sinaimg.cn/crop.0.0.640.640.180/6cae3afajw8ednsrqg00jj20hs0hswfq.jpg
//@南京先锋书店:#。#挂号处：留个电话就行了。,2016-01-28 21:31,2022201080,冬菇先生不能再胖了,https://tvax3.sinaimg.cn/crop.9.0.731.731.180/788856f8ly8ff5k6lvzz1j20ku0kbgmz.jpg
转发微博,2016-01-28 21:26,5822522826,黄油超小胖儿,https://tvax3.sinaimg.cn/default/images/default_avatar_male_180.gif
转发微博,2016-01-28 21:18,2462354893,千歧波,https://tva3.sinaimg.cn/crop.0.0.512.512.180/92c48dcdjw8f5pakqfdm9j20e80e8myg.jpg
转发微博,2016-01-28 21:15,5235009943,dream00123,https://tva4.sinaimg.cn/crop.0.0.1080.1080.180/005Ihzefjw8eyq662q9naj30u00u0di0.jpg
转发微博,2016-01-28 21:15,1826178041,牛牛ly_暴暴家,https://tva3.sinaimg.cn/crop.0.0.750.750.180/6cd943f9jw8ezuki3ziprj20ku0ku0to.jpg
[怒][怒][怒],2016-01-28 21:15,2114211353,四小姐的鱼,https://tva4.sinaimg.cn/crop.0.8.496.496.180/7e044e19jw8f60cwvkczwj20ds0e874p.jpg
回复@穆樨:理性思考是找出问题的源头，而非把矛盾激化在某一个环节上。患者和医护人员之间本应是相互信任与依赖的关系，暴力解决问题是一个两败俱伤的方法，只会让事情变得更糟糕。我们需要的是相互的尊重和理解，而不是变成相互敌对的关系。,2016-01-28 21:14,2560311625,小倍乐儿,https://tva1.sinaimg.cn/crop.0.0.852.852.180/989b4149jw8elc4vgzwf6j20no0nojt0.jpg
转发微博,2016-01-28 21:13,5234931972,晟晟的小马,https://tva3.sinaimg.cn/crop.0.0.720.720.180/005IheWEjw8evxotsdrn1j30k00k0gm7.jpg
美国人说，人生而平等//@来回地走:呵呵，这就是虚伪的结果吧，其实敞开了就是给非富即贵者才开的专家门诊，那普通人也死心了，不要搞暗箱操作这么累了。本来就是物以稀为贵，等价交换呀。,2016-01-28 21:13,1250507355,simpleback,https://tva1.sinaimg.cn/crop.0.0.748.748.180/4a893a5bjw8eqnq7vo4c3j20ks0ks75u.jpg
转发微博,2016-01-28 21:12,2156176953,24-7-9527,https://tva2.sinaimg.cn/crop.192.2.1194.1194.180/8084a639jw1ehm5f735zzj218g0xcn29.jpg
利益链条,2016-01-28 21:10,1805284605,陈雄先生,https://tva4.sinaimg.cn/crop.0.0.180.180.180/6b9a74fdjw1e8qgp5bmzyj2050050aa8.jpg
//@虎妞我是你娘:转发微博,2016-01-28 21:08,1945733227,Ms_哆啦A色,https://tva2.sinaimg.cn/crop.0.0.1242.1242.180/73f9886bjw8f1nhezf5r4j20yi0yi0vp.jpg
里应外合号贩子就这么有了,2016-01-28 21:07,1785093123,我行我素421,https://tva3.sinaimg.cn/crop.0.0.1080.1080.180/6a665c03jw8ew4nez5r2qj20u00u079s.jpg
转发微博,2016-01-28 21:06,2713774634,新友老师,https://tvax3.sinaimg.cn/default/images/default_avatar_male_180.gif
转发微博,2016-01-28 21:05,1966125181,端木瑾瑶,https://tva3.sinaimg.cn/crop.5.0.1115.1115.180/7530b07djw8f7rzoghzlnj20v90uzac4.jpg
[拜拜],2016-01-28 21:04,1566433665,池小挽,https://tva1.sinaimg.cn/crop.271.776.1750.1750.180/5d5de181gw1edoq3hag9sj21kw2dckjn.jpg
广安门医院说了，明明就没有票贩子呢！,2016-01-28 21:02,1957817573,everyday366,https://tva4.sinaimg.cn/crop.0.0.996.996.180/74b1ece5jw8f6amhtt2hfj20ro0ro0un.jpg
医院一起黑 也不是一天两天 //@南京先锋书店:#。#挂号处：留个电话就行了。,2016-01-28 21:01,1098049203,洛阳轨道交通,https://tva3.sinaimg.cn/crop.0.0.996.996.180/4172e6b3jw8f8czdwzp2aj20ro0rogq8.jpg
//@虎妞我是你娘:转发微博,2016-01-28 21:01,1252253981,小白和菜菜,https://tva3.sinaimg.cn/crop.0.0.180.180.180/4aa3e11djw1e8qgp5bmzyj2050050aa8.jpg
广安门医院基本是中国最好的中医院了，通过这么个方式进入公众的视野，大概一大波针对中医的黑潮又要来了。,2016-01-28 21:00,2037367712,Peter_Pan_Artkokoro,https://tva1.sinaimg.cn/crop.0.0.180.180.180/796fc3a0jw1e8qgp5bmzyj2050050aa8.jpg
呵呵，这就是虚伪的结果吧，其实敞开了就是给非富即贵者才开的专家门诊，那普通人也死心了，不要搞暗箱操作这么累了。本来就是物以稀为贵，等价交换呀。,2016-01-28 21:00,1686116087,来回地走,https://tva1.sinaimg.cn/crop.0.0.1342.1342.180/648016f7jw8fbu6s2357kj211a11bn2i.jpg
到底是谁病了？,2016-01-28 20:50,1082826802,secret__smile,https://tva3.sinaimg.cn/crop.0.0.180.180.180/408aa032jw1e8qgp5bmzyj2050050aa8.jpg
内外勾结,2016-01-28 20:49,2323733413,弦歌邀明月,https://tva2.sinaimg.cn/crop.210.116.280.280.180/8a815ba5jw8f9g1dcgxbfj20jg0bot9y.jpg
转发微博,2016-01-28 20:48,2995806924,夏小宣X,https://tva4.sinaimg.cn/crop.0.0.180.180.180/b29062ccjw1e8qgp5bmzyj2050050aa8.jpg
转发微博,2016-01-28 20:47,1766904665,查干苏勒定,https://tva4.sinaimg.cn/crop.0.0.996.996.180/6950d359jw8fcbbf5mo18j20ro0rojtu.jpg
转发微博,2016-01-28 20:44,5383463585,SJinging,https://tvax3.sinaimg.cn/crop.0.0.996.996.180/005SksNPly8fetkslaf4ij30ro0rpwg0.jpg
//@apple爱自己:怪不得要4500啊。不然这又是号贩又是医生的。上上下下里里外外一条龙。钱哪够分啊。一群王八蛋！,2016-01-28 20:44,1951247153,牛字勋章,https://tva1.sinaimg.cn/crop.0.0.640.640.180/744dab31jw8eav62q9fmjj20hs0hs74w.jpg
@Mr_京先生 代挂？,2016-01-28 20:44,2354677025,一对纠结的鱼,https://tva3.sinaimg.cn/crop.0.0.1080.1080.180/8c598521jw8ey5blqohosj20u00u00uj.jpg
医院勾结票贩子。还抽点呢！光明正大的抢钱,2016-01-28 20:41,2707096891,小女人_珊珊,https://tva4.sinaimg.cn/crop.0.0.720.720.180/a15b053bjw8ep5vylzkygj20k00k03zi.jpg
转发微博,2016-01-28 20:41,1112482602,我是诸葛翠花,https://tva3.sinaimg.cn/crop.0.0.1242.1242.180/424f232ajw8f0fhxqzpraj20yi0yiacr.jpg
呵呵呵呵 //@南京先锋书店:#。#挂号处：留个电话就行了。,2016-01-28 20:29,5048167985,时光和D,https://tva1.sinaimg.cn/crop.0.0.720.720.180/005vDB6hjw8ewtjbrtb7uj30k00k00vg.jpg
转发微博,2016-01-28 20:28,2289061902,文g同W,https://tva1.sinaimg.cn/crop.0.242.2048.2048.180/8870500ejw8eu0ab33pirj21kw23ve81.jpg
@健康中国,2016-01-28 20:27,2017254822,于丛富,https://tva2.sinaimg.cn/crop.0.0.640.640.180/783cdda6jw8f0a0332ik8j20hs0hswez.jpg
转发微博,2016-01-28 20:27,1881119447,营营倾心,https://tva2.sinaimg.cn/crop.0.0.640.640.180/701f9ad7jw8f5l9afr12ej20hs0hs3yy.jpg
转发微博,2016-01-28 20:27,1877405305,手术刀_李医生,https://tva3.sinaimg.cn/crop.24.0.1551.1551.180/6fe6ee79jw8f5a6a21ea0j218g173dii.jpg
此条回复有那么多的赞，真是令人寒心。[伤心][伤心][伤心]在一个崇尚暴力不懂得理性思考的社会环境中生存，实属不易啊！//@钚∫贾Z：有些时候看到动手打医事件，现在想想，有的时候真该打！哎！,2016-01-28 20:27,2560311625,小倍乐儿,https://tva1.sinaimg.cn/crop.0.0.852.852.180/989b4149jw8elc4vgzwf6j20no0nojt0.jpg
金姐怎么看@金星 ,2016-01-28 20:25,2123354467,习惯等你等着你,https://tvax3.sinaimg.cn/crop.0.0.1242.1242.180/7e8fd163ly8fdkaqva053j20yi0yi42t.jpg
猫腻,2016-01-28 20:25,5061717540,在路上看风景04,https://tva3.sinaimg.cn/crop.0.0.168.168.180/005wyrXujw8ee7v75ipcgj304o04oq2s.jpg
转发微博,2016-01-28 20:24,5729108864,疯癫小旋风,https://tva1.sinaimg.cn/crop.2.0.1121.1121.180/006fIKVGjw8ex4cfhdvsqj30v90v5jt8.jpg
转发微博,2016-01-28 20:24,5153459679,2109年,https://tva4.sinaimg.cn/crop.66.67.180.180.180/005CLohpjw8f2ezj0sb4hj308l08mgm2.jpg
Repost,2016-01-28 20:23,1719485854,Zoya1017,https://tvax4.sinaimg.cn/crop.0.1.1242.1242.180/667d459ely8fe7a48f8jdj20yi0ykq5j.jpg
我大新浪真是专业！！！,2016-01-28 20:23,5247931257,佟小远,https://tva3.sinaimg.cn/crop.0.0.720.720.180/005J9MExjw8elbohj95ruj30k00k0di9.jpg
里外王八蛋，一点也不假！//@妍妍82://@apple爱自己:怪不得要4500啊。不然这又是号贩又是医生的。上上下下里里外外一条龙。钱哪够分啊。一群王八蛋！,2016-01-28 20:22,2753862587,黑暗中的安琪儿shanghai,https://tva1.sinaimg.cn/crop.0.0.180.180.180/a4249bbbjw1e8qgp5bmzyj2050050aa8.jpg
这个事情一定要处理好，大医院都有,2016-01-28 20:22,2430856460,H-南无阿弥陀佛,https://tva4.sinaimg.cn/crop.0.0.694.694.180/90e3ed0cjw8envhazbqvyj20ja0jbdin.jpg
转发微博,2016-01-28 20:22,3274407883,阿西bang,https://tva4.sinaimg.cn/crop.0.0.1080.1080.180/c32b7fcbjw8et74ggf4uqj20u00u0q4o.jpg
北京大医院看病需要字条才行！想正常挂号呵呵！你们需要字条啊,2016-01-28 20:21,1219918095,壹-Mr-01,https://tva2.sinaimg.cn/crop.0.0.640.640.180/48b6790fjw8eyqz811p0zj20hs0hs74u.jpg
[怒] //@南京先锋书店:#。#挂号处：留个电话就行了。,2016-01-28 20:20,1597970957,将MissLee种成一颗会开花的树,https://tva3.sinaimg.cn/crop.9.0.731.731.180/5f3f1a0djw8fbu1cx57inj20ku0kb74y.jpg
转发微博,2016-01-28 20:18,5322362465,画壁风月,https://tva3.sinaimg.cn/crop.0.0.996.996.180/005Oc5BTjw8f88dpx8sn0j30ro0rowlt.jpg
所谓的专家害人不浅,2016-01-28 20:15,3864110609,C陈字见新P,https://tva2.sinaimg.cn/crop.0.0.320.320.180/e651a611jw8ebmic34s7tj208w08wgln.jpg
无耻至极,2016-01-28 20:14,5726026818,Amireuxer,https://tva1.sinaimg.cn/crop.0.0.1424.1424.180/006fvP9gjw8fbmd2b1jgtj313k13ktdx.jpg
转发微博,2016-01-28 20:13,5388457422,OosakiNana殿下,https://tva2.sinaimg.cn/crop.0.1.1125.1125.180/005SFpVAjw8ewxfakec3qj30v90vbacf.jpg
//@南京先锋书店:#。#挂号处：留个电话就行了。,2016-01-28 20:12,1872284144,hello爱pig,https://tva4.sinaimg.cn/crop.0.0.688.688.180/6f98c9f0jw1efqwgys6p0j20j60j6wf5.jpg
//@列车启动：当年的医疗改革、教育改革恶果尽现！！压的老百姓喘不过气！！粉饰出的太平终究会垮塌！“三个代表”究竟代表了谁，又养肥了谁？？其实我们没有资格嘲笑北朝鲜！！,2016-01-28 20:12,1847306732,牛牛1818,https://tvax1.sinaimg.cn/default/images/default_avatar_male_180.gif
专家大概也参与分成了？//@南京先锋书店: #。#挂号处：留个电话就行了。,2016-01-28 20:11,1249393880,又浪费了一年的暗歌,https://tva1.sinaimg.cn/crop.90.77.203.203.180/4a783cd8jw8f9gfgib3elj20a609nwem.jpg
专家都代码、咋不在身上纹个二维码直接给砖家扫钱算了,2016-01-28 20:11,1758268361,刘大博Bob,https://tva2.sinaimg.cn/crop.0.1.640.640.180/68cd0bc9jw8el7pp1jtr2j20hs0hugmt.jpg
#。#挂号处：留个电话就行了。,2016-01-28 20:10,1613451640,南京先锋书店,https://tva4.sinaimg.cn/crop.78.74.444.444.180/602b5178gw1f7kpt23ri3j20go0gowfr.jpg
//@apple爱自己: 怪不得要4500啊。不然这又是号贩又是医生的。上上下下里里外外一条龙。钱哪够分啊。一群王八蛋！,2016-01-28 20:09,1877525301,风弄铁,https://tva2.sinaimg.cn/crop.0.6.750.750.180/6fe8c335jw8f9xpoq9u8oj20ku0l7t9x.jpg
什么社会，什么北京。,2016-01-28 20:08,3214269343,Charles_Yu,https://tva4.sinaimg.cn/crop.180.0.712.712.180/bf95db9fjw8e94j53ulk3j20ts0jsdgu.jpg
转发微博,2016-01-28 20:07,1678474822,早睡早起身体好66,https://tva2.sinaimg.cn/crop.0.0.180.180.180/640b7e46jw1e8qgp5bmzyj2050050aa8.jpg
识别码16669292[哆啦A梦吃惊],2016-01-28 20:07,1601778443,路西2014end,https://tva4.sinaimg.cn/crop.0.0.180.180.180/5f79330bjw1emk4p2ok7sj205005074h.jpg
//@贝尔月亮://@DEVIL-绒绒爱上猫: //@lotus-dou:这个记者要保护好自己。这么人可危险了 //@apple爱自己:怪不得要4500啊。不然这又是号贩又是医生的。上上下下里里外外一条龙。钱哪够分啊。一群王八蛋！,2016-01-28 20:06,1670641430,ELF也爱咩,https://tva4.sinaimg.cn/crop.0.0.511.511.180/6393f716jw8ev96rnrgltj20e80e7my3.jpg
转发微博,2016-01-28 20:06,3794279997,阳光淡定宽容,https://tva4.sinaimg.cn/crop.0.0.664.664.180/e2281e3djw8f81z3jv0aij20ig0ig0ur.jpg
[微笑]//@南京先锋书店:#。#,2016-01-28 20:06,3625708135,许九酒,https://tvax3.sinaimg.cn/crop.0.0.996.996.180/d81bea67ly8fdbzy6v6ydj20ro0rowg0.jpg
转发微博,2016-01-28 20:06,5214320639,luckyJier81,https://tva4.sinaimg.cn/crop.0.349.901.901.180/005GSKZNjw8eia5l214amj30p118gjw8.jpg
//@apple爱自己:怪不得要4500啊。不然这又是号贩又是医生的。上上下下里里外外一条龙。钱哪够分啊。一群王八蛋！,2016-01-28 20:06,1784287980,妍妍82,https://tva4.sinaimg.cn/crop.0.0.639.639.180/6a5a12ecjw8eslgcp9h0zj20hs0hr3zi.jpg
真让人气愤！[怒],2016-01-28 20:04,5127939115,静玖姑,https://tvax3.sinaimg.cn/crop.0.0.996.996.180/005B2jdply8fdb47vwjfjj30ro0rotc0.jpg
转发微博,2016-01-28 20:02,2644513603,一驴绝尘_15,https://tvax4.sinaimg.cn/default/images/default_avatar_male_180.gif
其实我是忍住不去骂的，毕竟大家默默的捡起烂番薯臭鸡蛋板砖弹弓菜刀杀虫剂耗子药打死这群人渣就好了[doge][doge][doge][doge],2016-01-28 20:02,3213061901,萌奶少女死不瞑目,https://tvax4.sinaimg.cn/crop.0.0.1342.1342.180/bf836f0dly8fdhv575m8gj211a11a0ve.jpg
一看名字不一样立刻就给加个号，医生门儿清啊,2016-01-28 20:02,3101719362,此山有风,https://tva2.sinaimg.cn/crop.0.0.1242.1242.180/b8e07b42jw8exw9f2bhjcj20yi0yiju6.jpg
//@贝尔月亮://@DEVIL-绒绒爱上猫: //@lotus-dou:这个记者要保护好自己。这么人可危险了 //@apple爱自己:怪不得要4500啊。不然这又是号贩又是医生的。上上下下里里外外一条龙。钱哪够分啊。一群王八蛋！,2016-01-28 20:01,1715047320,RS柒柒-最爱shinhwa,https://tva2.sinaimg.cn/crop.0.0.1242.1242.180/66398b98jw8ewnywbzuhfj20yi0yin19.jpg
[草泥马][草泥马][草泥马][草泥马][草泥马],2016-01-28 19:59,1805685151,Suisuisuinian,https://tvax4.sinaimg.cn/crop.6.0.737.737.180/6ba0919fly8fek23kxorhj20ku0khwg0.jpg
。。。好疼。。。不过评论里说多点医闹好的，你脑子是扔掉了吗？,2016-01-28 19:59,2825615183,我不是猫猫哦,https://tva4.sinaimg.cn/crop.0.0.1328.1328.180/a86b774fjw8fbzpgorvzbj210w10wgp8.jpg
转发微博,2016-01-28 19:59,5117337959,养花的雪球,https://tva2.sinaimg.cn/crop.0.0.996.996.180/005AjPn1jw8fbrkbn739aj30ro0rpgni.jpg
什么医者父母心，全扯蛋黑心钱少挣,2016-01-28 19:59,1034076521,知足常乐的老祖宗,https://tva3.sinaimg.cn/crop.225.0.581.581.180/3da2c169jw8esnmh1r8t6j20so0g5dhe.jpg
现在的社会就这样！##[奥特曼],2016-01-28 19:58,5825760413,圆葱的味道,https://tvax2.sinaimg.cn/default/images/default_avatar_female_180.gif
转发微博,2016-01-28 19:57,5688548617,董你2015,https://tva4.sinaimg.cn/crop.0.0.720.720.180/006cYzm9jw8evifcw6m6wj30k00k0jry.jpg
无耻！//@apple爱自己:怪不得要4500啊。不然这又是号贩又是医生的。上上下下里里外外一条龙。钱哪够分啊。一群王八蛋！,2016-01-28 19:57,2396956310,13和康康吖,https://tva1.sinaimg.cn/crop.1.1.61.61.180/8edea696gw1eusm3zui0hj202v026wea.jpg
转发微博,2016-01-28 19:57,5241689092,仓鼠胖胖10025,https://tva4.sinaimg.cn/crop.0.0.1080.1080.180/005IJAMsjw8emhiywz2ztj30u00u0go2.jpg
呵呵 //@apple爱自己:怪不得要4500啊。不然这又是号贩又是医生的。上上下下里里外外一条龙。钱哪够分啊。一群王八蛋！,2016-01-28 19:56,1800795557,玉米地里的桥,https://tva2.sinaimg.cn/crop.0.4.1242.1242.180/6b55f5a5jw8fcw8g1ebnvj20yi0yrmxz.jpg
转发微博,2016-01-28 19:54,1949244337,kiss呆呆小娜等待初心w,https://tva1.sinaimg.cn/crop.0.0.640.640.180/742f1bb1jw8eyooh32t7ij20hs0hsab5.jpg
这次记者很棒！//@天气的尽头:我跟你说，压根就是医院大夫跟号贩子勾结的，都是心知肚明的，根本就不是控制不住的问题，都是钱的问题~,2016-01-28 19:53,3490970117,Laeglaur,https://tva3.sinaimg.cn/crop.100.0.311.311.180/d013fa05jw8fb3ysozqq3j20gz08uwfp.jpg
无信仰及过速发展的代价,2016-01-28 19:50,1674448640,b--d,https://tva3.sinaimg.cn/crop.1.0.747.747.180/63ce0f00jw8fbc4sa3jcij20ku0kr3zj.jpg
转发微博,2016-01-28 19:49,2834109962,Blingblinglili,https://tva3.sinaimg.cn/crop.0.0.720.720.180/a8ed160ajw8eoy9kk9zroj20k00k0ta7.jpg
看看医院实力打脸,2016-01-28 19:49,1975847463,起名神马的最头疼了,https://tva2.sinaimg.cn/crop.0.0.750.750.180/75c50a27jw8evxj37mgiaj20ku0kudgs.jpg
转发微博,2016-01-28 19:48,5620784596,无为1_84408,https://tva2.sinaimg.cn/crop.0.107.640.640.180/0068oeQ4jw8eskxgd97rzj30hs0nrgnn.jpg
事实胜于雄辩.小编试探.终于抓住狐狸的尾巴.高.实在是高！,2016-01-28 19:45,5028793542,陈氏太极999,https://tvax3.sinaimg.cn/default/images/default_avatar_male_180.gif
[怒骂][怒骂][怒骂]没有那是什么[怒骂][怒骂][怒骂][怒骂][怒骂][泪][泪][泪],2016-01-28 19:45,5765359285,发奋图强87877,https://tva3.sinaimg.cn/crop.0.0.996.996.180/006iaRjTjw8ey6c33b6zbj30ro0rpta6.jpg
产业链啊，聪明的中国人经常会有不把智慧放正道上的时候,2016-01-28 19:45,1768555164,意达的花99,https://tva3.sinaimg.cn/crop.0.0.180.180.180/696a029cjw1e8qgp5bmzyj2050050aa8.jpg
转发微博,2016-01-28 19:42,3784679133,Simon艾春阳,https://tva2.sinaimg.cn/crop.0.0.750.750.180/e1959eddjw8fa65zzsh6aj20ku0kumyl.jpg
这些证据就是对“零容忍”啪啪啪的打脸,2016-01-28 19:41,1971084045,夏天来了2011,https://tva2.sinaimg.cn/crop.1.0.952.952.180/757c5b0dgw1eetdy2t1hgj20qm0qngru.jpg
呵呵 我不多说 说多了你们说我不爱国,2016-01-28 19:40,1983269330,水晶小小小螃蟹,https://tva3.sinaimg.cn/crop.0.1.510.510.180/763649d2jw8eng1gp8l4kj20e60e8aay.jpg
//@DEVIL-绒绒爱上猫://@lotus-dou:这个记者要保护好自己。这么人可危险了 //@apple爱自己:怪不得要4500啊。不然这又是号贩又是医生的。上上下下里里外外一条龙。钱哪够分啊。一群王八蛋！,2016-01-28 19:40,1742063480,Tracy_Dan,https://tva1.sinaimg.cn/crop.0.0.996.996.180/67d5c778jw8ezl2aav4t0j20ro0rpq5r.jpg
@广安门医院官方微博 ,2016-01-28 19:39,1221853635,鑫鑫归来,https://tva3.sinaimg.cn/crop.0.0.180.180.180/48d401c3jw1e8qgp5bmzyj2050050aa8.jpg
//@apple爱自己:怪不得要4500啊。不然这又是号贩又是医生的。上上下下里里外外一条龙。钱哪够分啊。一群王八蛋！,2016-01-28 19:38,2567125587,姚倩3,https://tva1.sinaimg.cn/crop.0.0.180.180.180/99033a53jw1e8qgp5bmzyj2050050aa8.jpg
转发微博,2016-01-28 19:35,2403445601,用户13uhnj1jon,https://tvax2.sinaimg.cn/default/images/default_avatar_male_180.gif
哈哈哈哈哈哈没有医院人员参与哈哈哈,2016-01-28 19:33,3935891764,ArgonF,https://tva2.sinaimg.cn/crop.101.1.597.597.180/ea98f134tw1eberll7iuaj20m80godo4.jpg
[挖鼻]天子脚下居然这么混乱，喂鸡委好意思各地检查吗？先把自家门口管好吧,2016-01-28 19:33,1660667554,整形科申霄医生,https://tva4.sinaimg.cn/crop.0.4.640.640.180/62fbc6a2jw8fadgzaryy1j20hs0i03z2.jpg
强烈要求医院采用身份证实名制挂号！不可改信息，规定时间内不来就诊作废退款！没有漏洞就没有票贩子的机会！[怒][怒][怒],2016-01-28 19:32,3165130713,主持人志扬,https://tva1.sinaimg.cn/crop.0.0.511.511.180/bca80fd9jw8f923nzxpx4j20e70e874n.jpg
//@lotus-dou:这个记者要保护好自己。这么人可危险了 //@apple爱自己:怪不得要4500啊。不然这又是号贩又是医生的。上上下下里里外外一条龙。钱哪够分啊。一群王八蛋！,2016-01-28 19:32,1734012912,DEVIL-绒绒爱上猫,https://tva2.sinaimg.cn/crop.0.0.720.720.180/675aeff0jw8ejpql2o476j20k00k074v.jpg
转发微博,2016-01-28 19:31,1044506614,用户uwby8nyyrh,https://tva2.sinaimg.cn/crop.0.0.1080.1080.180/3e41e7f6jw8esujklecdfj20u00u0tb9.jpg
转发微博,2016-01-28 19:30,1950271947,jazz小兔,https://tva1.sinaimg.cn/crop.0.14.751.751.180/743ec9cbjw8f5p6os3530j20kv0loabs.jpg
转发微博,2016-01-28 19:29,5752403446,kimu么么哒,https://tva4.sinaimg.cn/crop.0.0.720.720.180/006hiuUKjw8exy1pf85owj30k00k0jsp.jpg
//@一颗蘑菇猴：#寻龙诀[电影]# 看病是这样 火车票也是这样  多少人抢火车票抢不到 我自己的朋友也是 没办法只能花高价买黄牛票 具体细节我不知道 但我就不懂了不是已经实名制还是有人钻空子而且很多 记者朋友也去多报道报道 也许有一天会改变 当我自己安慰好了,2016-01-28 19:28,5829805246,心疼我青,https://tva2.sinaimg.cn/crop.0.1.1242.1242.180/006mxgESjw8f00jo1et04j30yi0yk0vi.jpg
转发微博,2016-01-28 19:27,3497619265,4_Pedication,https://tvax4.sinaimg.cn/crop.0.0.996.996.180/d0796f41ly8ffbwdhg1kpj20ro0rpq4w.jpg
转发微博,2016-01-28 19:26,3922443733,黑森林的奶油蛋糕,https://tva3.sinaimg.cn/crop.14.0.722.722.180/e9cbbdd5jw8fdbz6zjwkpj20ku0k20uf.jpg
给渣浪和新京报点赞??,2016-01-28 19:26,3922443733,黑森林的奶油蛋糕,https://tva3.sinaimg.cn/crop.14.0.722.722.180/e9cbbdd5jw8fdbz6zjwkpj20ku0k20uf.jpg
真是呵呵了！,2016-01-28 19:26,5376050038,罘欠id,https://tva3.sinaimg.cn/crop.0.0.996.996.180/005RPmcujw8fbrj9qq1ifj30ro0ro74l.jpg
又有黑钱多的人要下岗咯，百姓喜闻乐见！,2016-01-28 19:24,1667075200,Barbarrrrrrr,https://tva4.sinaimg.cn/crop.14.0.722.722.180/635d8c80jw8fbijxyfnstj20ku0k23z4.jpg
呵呵呵,2016-01-28 19:24,1786179601,小米米米米米m,https://tva3.sinaimg.cn/crop.0.15.750.750.180/6a76f011jw8f54wmwsq8cj20ku0lpq4i.jpg
转发微博,2016-01-28 19:23,2652812663,氤氲轻舞,https://tvax4.sinaimg.cn/crop.0.0.1536.1536.180/9e1eb577ly8fdljgkx8fij216o16on1a.jpg
央视能不能看看？？？想要知道结果，傻子都知道做个暗访调查就能一目了然。你还大张旗鼓的扛着摄像机去事发地采访，还说没有发现号贩子。哈哈。我就奇怪了如果不是医院透露了那个女孩的电话，那些人是怎么知道她电话的？威胁她，另女孩不敢复诊。这个社会啊……,2016-01-28 19:23,1663721132,CALLME岩哥,https://tva3.sinaimg.cn/crop.0.0.480.480.180/632a5eacjw8edy0cb0ap0j20dc0dcaaf.jpg
@广安门医院官方微博 打脸了,2016-01-28 19:21,2616974884,抓不住青春的小猪,https://tva3.sinaimg.cn/crop.0.0.664.664.180/9bfbde24jw8fb6y5sp0myj20ig0igt9x.jpg
转发微博,2016-01-28 19:20,3982643951,爱小黄鱼的叽咕喵,https://tvax1.sinaimg.cn/crop.0.0.996.996.180/ed6252efly8feuu74rk6rj20ro0rowgr.jpg
转发微博,2016-01-28 19:19,5828469729,兔兔球球Ann,https://tvax3.sinaimg.cn/crop.0.0.664.664.180/006mrFehly8fdml1du0g0j30ig0igjsh.jpg
转发微博,2016-01-28 19:18,2743804022,傻傻的小囡,https://tva2.sinaimg.cn/crop.0.0.996.996.180/a38b2076jw8f2gcn580wjj20ro0rowfj.jpg
转发微博,2016-01-28 19:17,2913880413,潘磕心型,https://tva1.sinaimg.cn/crop.0.0.180.180.180/adae495djw1e8qgp5bmzyj2050050aa8.jpg
呵呵哒，这让想在北京，热爱北京的朋友怎么办？普通老百姓办个事就那么难，每次路过地铁看见有贴的首都警察招录的宣传语我都想去打电话报名转行了！,2016-01-28 19:17,2258136695,演员赵敏,https://tva3.sinaimg.cn/crop.2.0.1209.1209.180/86986e77gw1ekayueshutj20xr190hch.jpg
真打医院脸。说好的没勾结呢,2016-01-28 19:17,2921374211,花轮的樱桃小然子,https://tva3.sinaimg.cn/crop.0.0.512.512.180/ae20a203jw8f3n3zdyn7nj20e80e80tk.jpg
说实话没看懂 先码,2016-01-28 19:17,1765705153,Helenweijuan,https://tva1.sinaimg.cn/crop.0.0.720.720.180/693e85c1jw8efkw81lhs9j20k00k00v4.jpg
内外勾结，有些医生就该打,2016-01-28 19:17,2743759301,空灵-月儿,https://tva1.sinaimg.cn/crop.0.0.180.180.180/a38a71c5jw1e8qgp5bmzyj2050050aa8.jpg
这脸打的，啪啪啪滴,2016-01-28 19:16,2370353094,微羿,https://tva4.sinaimg.cn/crop.0.0.1080.1080.180/8d48b7c6jw8equivn1htfj20u00u0t9l.jpg
@卡其QAQ,2016-01-28 19:15,2463430287,南宫信,https://tva1.sinaimg.cn/crop.14.0.721.721.180/92d4f68fjw8famry4ogvsj20ku0k175u.jpg
噫,2016-01-28 19:15,2150672643,初临喵,https://tvax2.sinaimg.cn/crop.24.0.1193.1193.180/8030a903ly8ffat6jv4bhj20yi0x5myp.jpg
这种工作交给马云来解决吧。。。。,2016-01-28 19:15,3481268213,梦缘人海峰,https://tva1.sinaimg.cn/crop.0.0.750.750.180/cf7feff5jw8f2er1nh5agj20ku0kuwfd.jpg
[怒][怒][怒]//@apple爱自己:怪不得要4500啊。不然这又是号贩又是医生的。上上下下里里外外一条龙。钱哪够分啊。一群王八蛋！,2016-01-28 19:15,2518437525,明小明明明,https://tva4.sinaimg.cn/crop.0.0.180.180.180/961c4e95jw1e8qgp5bmzyj2050050aa8.jpg
转发微博,2016-01-28 19:14,1944838617,该昵称已被占用不了,https://tva2.sinaimg.cn/crop.0.0.512.512.180/73ebe1d9jw8etnfugvszxj20e80e8t9f.jpg
转发微博,2016-01-28 19:14,5820981710,默然浅笑嗯,https://tva4.sinaimg.cn/crop.0.0.750.750.180/006lWffMjw8f1klx7mru8j30ku0kugnw.jpg
都是清白的～不生病不就得了,2016-01-28 19:13,2212500167,咩咩筱羊,https://tva4.sinaimg.cn/crop.0.0.180.180.180/83e012c7jw1e8qgp5bmzyj2050050aa8.jpg
转发微博,2016-01-28 19:13,5732389897,mami爱宅着,https://tva4.sinaimg.cn/crop.4.0.504.504.180/006fWwtzjw8fd1wpz50naj30e80e0dgo.jpg
转发微博,2016-01-28 19:12,1864749440,nowcn,https://tva2.sinaimg.cn/crop.26.68.324.324.180/6f25d180gw1eytkgvnga9j209t0f1q45.jpg
我们希望可以唤起沉睡的执法部门,2016-01-28 19:11,3052673961,特立独行的一直猫,https://tva2.sinaimg.cn/crop.0.0.664.664.180/b5f41ba9jw8f7s6yp8y1yj20ig0igwfo.jpg
转发微博,2016-01-28 19:11,1827958771,我的左手旁边1987,https://tva4.sinaimg.cn/crop.33.71.482.482.180/6cf46ff3tw1e8p8fr6kdjj20ed0jygny.jpg
转发微博,2016-01-28 19:10,1012161530,挚爱西瓜君,https://tva1.sinaimg.cn/crop.0.0.180.180.180/3c545bfajw1e8qgp5bmzyj2050050aa8.jpg
转发微博,2016-01-28 19:10,5338669686,一个人的北京2015,https://tva1.sinaimg.cn/crop.0.0.1080.1080.180/005PivRAjw8env53u8b7dj30u00u0mz5.jpg
啧啧啧~~~说明都是一伙儿的啊~~~~,2016-01-28 19:10,1297589783,November_With_Love,https://tva4.sinaimg.cn/crop.0.0.1241.1241.180/4d57a617jw8f2xo61v7s0j20yi0yh0vk.jpg
转发微博,2016-01-28 19:09,3034675510,冰山来客传奇,https://tvax4.sinaimg.cn/crop.0.0.996.996.180/b4e17936ly8ff9g0bqnjdj20ro0rodk7.jpg
转发微博,2016-01-28 19:09,5019670680,做一枚女神经病,https://tva3.sinaimg.cn/crop.0.1.1242.1242.180/005tI1Ekjw8f0axnqgsb1j30yi0ykjv8.jpg
转发微博,2016-01-28 19:09,1664257231,qianduoduo0129,https://tva3.sinaimg.cn/crop.0.0.180.180.180/63328ccfjw1e8qgp5bmzyj2050050aa8.jpg
记者好棒,2016-01-28 19:09,5266955592,郭兆颖,https://tva2.sinaimg.cn/crop.0.0.664.664.180/005KrBKEjw8f33mpio2apj30ig0igwgi.jpg
转发微博,2016-01-28 19:09,5623116629,J是一种态度201506,https://tva3.sinaimg.cn/crop.0.0.540.540.180/0068y1vvjw8exhngfhiwbj30f00f03yz.jpg
真是谢谢你们全家[拜拜][拜拜],2016-01-28 19:09,3569459590,哎呦女神呀,https://tva4.sinaimg.cn/crop.0.0.640.640.180/d4c1a186jw8eyubdtcgrij20hs0hs3zb.jpg
媒体瞎喷，还画线王重福，一群赵家狗。挂不上号的小姑娘的对手是黄牛吗？是买到黄牛票的有钱人，是不用排队看病的赵家人。没有黄牛，她更没希望挂上号，全被有关系的内部赵家人瓜分了。都用用脑子，想回到凭票买米的旧社会吗？ //@新闻酸菜馆:转发微博,2016-01-28 19:08,2155626172,风中满发,https://tva3.sinaimg.cn/crop.0.0.180.180.180/807c3ebcjw1e8qgp5bmzyj2050050aa8.jpg
转发微博,2016-01-28 19:08,2557561357,烘焙师朱,https://tvax4.sinaimg.cn/crop.0.0.664.664.180/98714a0dly8febk3yeso9j20ig0igwg6.jpg
还是钱的诱惑呀。,2016-01-28 19:07,5349763063,华清,https://tva4.sinaimg.cn/crop.0.0.996.996.180/005Q33L1jw8fa1dv5smjpj30ro0rpn0x.jpg
！！！,2016-01-28 19:07,5594037722,在东北大家都叫我郭爷_,https://tva2.sinaimg.cn/crop.0.0.996.996.180/0066A0KSjw8fdavvu6u2xj30ro0roq4p.jpg
只想说这些人为了钱毫无良心可言！！,2016-01-28 19:07,5827355066,孤者独慌,https://tva4.sinaimg.cn/crop.0.0.664.664.180/006mmZfQjw8ezumnam7fwj30ig0ig408.jpg
唉,2016-01-28 19:05,3692294907,JYH_yanzi96,https://tva3.sinaimg.cn/crop.0.0.720.720.180/dc13f2fbjw8ey5cw1bn1cj20k00k0goo.jpg
一看名字不一样立刻就给加个号，医生门儿清啊,2016-01-28 19:04,3101719362,此山有风,https://tva2.sinaimg.cn/crop.0.0.1242.1242.180/b8e07b42jw8exw9f2bhjcj20yi0yiju6.jpg
转发微博,2016-01-28 19:04,5473360868,程裕馨帆,https://tvax3.sinaimg.cn/crop.0.0.996.996.180/005YpFc0ly8fdo5fsjgspj30ro0rpgo4.jpg
转发微博,2016-01-28 19:03,5746190250,zj红豆杉,https://tva1.sinaimg.cn/crop.0.0.170.170.180/006gSqzUjw8exkiobg8vzj304q04qt8h.jpg
//@丽小姗:@广安门医院   打脸不~,2016-01-28 19:03,2616730087,V电光火石,https://tva4.sinaimg.cn/crop.7.193.665.665.180/9bf821e7jw1e73nc5wuklj20it0p7wm2.jpg
看着好复杂啊,2016-01-28 19:03,1929680775,漂洋过海来看你-蕊,https://tva4.sinaimg.cn/crop.0.159.438.438.180/73049787jw1e8qjnn2qxdj20c90gmdjg.jpg
多少人收益啊，啪啪啪的打脸！,2016-01-28 19:01,1309243102,透明果果20,https://tva2.sinaimg.cn/crop.0.15.640.640.180/4e0976dejw8f83b9bb2fdj20hs0im754.jpg
转发微博,2016-01-28 19:01,5310009837,Dawwwn,https://tva1.sinaimg.cn/crop.0.0.720.720.180/005Nmg7Xjw8es1dzkcyp2j30k00k0taq.jpg
转发微博,2016-01-28 19:00,2463754365,在路上的嘉嘉布鲁根,https://tvax3.sinaimg.cn/crop.0.0.667.667.180/92d9e87dly8fe2f8h1ihfj20ij0ijgm5.jpg
转发微博,2016-01-28 18:58,5842092064,我家贝贝20140901,https://tva2.sinaimg.cn/crop.0.1.750.750.180/006nmP1mjw8f1bibcbxjrj30ku0kwmy0.jpg
转发微博,2016-01-28 18:58,1685770970,睡觉部_写作部_干架部_三社社长,https://tvax1.sinaimg.cn/crop.0.0.512.512.180/647ad2daly8fd1qtus07qj20e80e8aas.jpg
来来来，那是那个医院呀，打脸疼不疼@人民日报,2016-01-28 18:58,3889612144,大A子Feilicia,https://tvax4.sinaimg.cn/crop.0.0.996.996.180/e7d6c570ly8fdum1utt5zj20ro0rpgnk.jpg
不要脸,2016-01-28 18:57,1793094753,Wuli_Lee,https://tva3.sinaimg.cn/crop.0.0.1242.1242.180/6ae07461jw8ewje42vquej20yi0yiq3r.jpg
大家记住 新京报 新京报新京报[good][good][good][good]加油,2016-01-28 18:56,3107430207,---木白---,https://tva1.sinaimg.cn/crop.0.0.180.180.180/b9379f3fjw1e8qgp5bmzyj2050050aa8.jpg
现今的中国真的是从内部开始腐烂了，5000年的文化底蕴发展成现在这个样子，真的是愧对当年打下中国的抗日老兵们，人性都让狗吃了？医院和学校都失去了原有的本质，真不知道以后该怎么办[泪]。。。。。,2016-01-28 18:56,1603289574,love夜空中最亮的星love,https://tva1.sinaimg.cn/crop.0.0.664.664.180/5f9041e6jw8f1x9zbgwnaj20ig0igwf9.jpg
全世界都应该感谢票贩子[哈哈][笑cry][笑cry][笑cry],2016-01-28 18:55,2736004945,BlackJack超哥,https://tva3.sinaimg.cn/crop.0.0.744.744.180/a3141f51jw8f37k142xqsj20ko0ko759.jpg
转发微博,2016-01-28 18:55,1600794025,俗布斯,https://tva4.sinaimg.cn/crop.0.0.1125.1125.180/5f6a2da9jw8f62lv40f0wj20v90v9wge.jpg
蛇鼠一窝不是公开的秘密吗？[doge],2016-01-28 18:55,2727726327,笨兔子不会飞,https://tva4.sinaimg.cn/crop.4.0.1234.1234.180/a295ccf7jw8evsnrdimspj20yi0yaacs.jpg
希望有关部门管管吧,2016-01-28 18:55,5789091728,萆沐O,https://tva4.sinaimg.cn/crop.0.0.512.512.180/006jMrdejw8eyutarrrcuj30e80e8myj.jpg
转发微博,2016-01-28 18:55,5368609481,smile_duxi,https://tva4.sinaimg.cn/crop.0.0.996.996.180/005Rk8zvjw8eziwmvn3zdj30ro0rptaj.jpg
转发微博,2016-01-28 18:55,5842135882,用户5842135882,https://tva4.sinaimg.cn/crop.0.0.438.438.180/006nn0q6jw8f1xoip9pt4j30c60c6wer.jpg
转发微博,2016-01-28 18:55,3971988849,硪是的superman,https://tva3.sinaimg.cn/crop.0.0.996.996.180/ecbfbd71jw8fd03arw3nhj20ro0rpaay.jpg
转发微博,2016-01-28 18:54,3313627643,暖新sophia,https://tva1.sinaimg.cn/crop.0.0.180.180.180/c581f1fbjw8e8vb1ozylnj2050050t8j.jpg
票贩子是抓不完的,2016-01-28 18:53,5440858401,我还算有点颜值的,https://tva4.sinaimg.cn/crop.0.0.639.639.180/005WdhOFjw8epug9u16iqj30hs0hrmy0.jpg
转发微博,2016-01-28 18:53,5459634196,sping_,https://tva3.sinaimg.cn/crop.0.0.996.996.180/005Xu4g4jw8f0m1jmf5rcj30ro0rp418.jpg
一群王八蛋呐,2016-01-28 18:53,1548249293,XIAH沙弥,https://tva4.sinaimg.cn/crop.0.0.180.180.180/5c4868cdjw1e8qgp5bmzyj2050050aa8.jpg
转发微博,2016-01-28 18:52,2037117963,Iam梦啦啦,https://tva1.sinaimg.cn/crop.0.0.750.750.180/796bf40bjw8ezs6h1sjtgj20ku0kudh9.jpg
转发微博,2016-01-28 18:51,5509152773,思念1231573,https://tva1.sinaimg.cn/crop.1.0.1240.1240.180/0060PQiNjw8ezgdsldznyj30yi0ygmzv.jpg
真素恶心,2016-01-28 18:51,5465202921,满朝文武恨死吾,https://tva4.sinaimg.cn/crop.0.0.720.720.180/005XRqWdjw8evncyh9xpqj30k00k0gms.jpg
转发微博,2016-01-28 18:51,5240190637,爱新觉罗Nicholas,https://tvax4.sinaimg.cn/crop.0.0.996.996.180/005IDiXPly8femg5g3zuwj30ro0ro0ub.jpg
制度漏洞 里应外合 狼狈为奸,2016-01-28 18:50,1830300707,大野狼的美好时代,https://tva2.sinaimg.cn/crop.0.0.180.180.180/6d182c23jw1e8qgp5bmzyj2050050aa8.jpg
没有勾结是骗鬼呢吧！就该给曝光，老百姓都挂不上号，早就该整治了,2016-01-28 18:50,1987991173,紫弦素蝶,https://tvax4.sinaimg.cn/crop.0.15.750.750.180/767e5685ly8fcwmhmjdszj20ku0lpmyq.jpg
//@apple爱自己:怪不得要4500啊。不然这又是号贩又是医生的。上上下下里里外外一条龙。钱哪够分啊。一群王八蛋！,2016-01-28 18:50,1949060075,一一精灵,https://tva2.sinaimg.cn/crop.0.0.640.640.180/742c4bebjw8ed20one43pj20hs0hs75k.jpg
怎么不上天啊,2016-01-28 18:49,1905197602,王至至至至纯,https://tva2.sinaimg.cn/crop.4.0.195.195.180/718f0222gw1eavbco7iyjj205k05kjre.jpg
牛逼,2016-01-28 18:49,2214219233,火柴henry,https://tva1.sinaimg.cn/crop.0.0.180.180.180/83fa4de1jw1e8qgp5bmzyj2050050aa8.jpg
@人民日报 @央视新闻 什么叫睁着眼睛说瞎话请关注广安门某医院,2016-01-28 18:49,1830300707,大野狼的美好时代,https://tva2.sinaimg.cn/crop.0.0.180.180.180/6d182c23jw1e8qgp5bmzyj2050050aa8.jpg
转发微博,2016-01-28 18:49,2271389395,1笑靥如花1,https://tva4.sinaimg.cn/crop.0.0.748.748.180/8762a6d3jw8ewvr4igmxwj20ks0ks0sx.jpg
我只能贡献自己的转发来引起更多人关注,2016-01-28 18:47,5204818114,等风待归,https://tva1.sinaimg.cn/crop.0.28.288.288.180/005GeSXgjw1ei11gvxa1uj30dc08tjsn.jpg
有的医生觉得都不容易就给看了，可票贩子就觉得有利可图[挖鼻]咋就治不了呢,2016-01-28 18:46,1661934325,辰Sunlight,https://tva2.sinaimg.cn/crop.0.0.718.718.180/630f1af5jw8ejqbjcdnwoj20jy0jyab6.jpg
！！！,2016-01-28 18:46,2114991405,投币要投一块的,https://tvax4.sinaimg.cn/crop.0.0.996.996.180/7e10352dly8feavihzsd8j20ro0rpn02.jpg
当央视新闻说没有票贩子的时候，就知道会啪啪啪打脸,2016-01-28 18:46,5367049910,二喵酱喵喵,https://tva1.sinaimg.cn/crop.0.0.996.996.180/005RdAR8jw8f8aee9nw01j30ro0rp0um.jpg
转发微博,2016-01-28 18:41,1768736902,欣欣要革命,https://tvax3.sinaimg.cn/crop.0.0.1242.1242.180/696cc886ly8ffc0ixi5qtj20yi0yi0v0.jpg
转发微博,2016-01-28 18:40,2332188311,支持香港警察v,https://tva1.sinaimg.cn/crop.4.388.484.484.180/8b025e97jw8f5sblsprzmj20j60o9dhk.jpg
转发微博,2016-01-28 18:39,1850761365,梅丽尔斯特里普,https://tva2.sinaimg.cn/crop.0.0.511.511.180/6e506095jw8f2dzda0s4nj20e70e8aap.jpg
转发微博,2016-01-28 18:39,5187925338,用户5187925338江山,https://tva3.sinaimg.cn/crop.0.0.664.664.180/005F60n8jw8eymbjxvlgmj30ig0igjrr.jpg
转发微博,2016-01-28 18:38,1890841165,naughty,https://tva4.sinaimg.cn/crop.0.0.512.512.180/70b3f24djw8evlqlb29q6j20e80e8glz.jpg
打脸啊，啪啪的，如果没有里应外合，票贩子就不会这么张狂,2016-01-28 18:38,1459426010,我是李艺文,https://tva3.sinaimg.cn/crop.0.0.180.180.180/56fd12dajw1e8qgp5bmzyj2050050aa8.jpg
转发微博,2016-01-28 18:38,2261730117,泛白记忆笑靥如花,https://tva2.sinaimg.cn/crop.0.0.180.180.180/86cf4345jw1e8qgp5bmzyj2050050aa8.jpg
全过程，看完也是无语了！！,2016-01-28 18:37,1705844227,老陈小姐,https://tva4.sinaimg.cn/crop.0.0.180.180.180/65ad1e03jw1e8qgp5bmzyj2050050aa8.jpg
气人,2016-01-28 18:37,3258010530,寒冬回忆录,https://tva3.sinaimg.cn/crop.7.0.735.735.180/c2314ba2jw8f95q8a38t2j20ku0kft9s.jpg
……期间号贩发给她题为《全社会都该感谢号贩子》的文章……,2016-01-28 18:36,1689383610,留心皆W,https://tva1.sinaimg.cn/crop.0.0.664.664.180/64b1f2bajw8f08hzm2x7jj20ig0igq4b.jpg
转发微博,2016-01-28 18:36,1828232787,瞪眼鱼与伤心鸟,https://tva2.sinaimg.cn/crop.0.0.664.664.180/6cf89e53jw8f2dv479e4nj20ig0ig0ty.jpg
转发微博,2016-01-28 18:36,3242271291,美丽海之角,https://tva3.sinaimg.cn/crop.38.0.280.280.180/c141223bjw8e8rh7fdersj209w07s3z4.jpg
呵呵,2016-01-28 18:36,2667434273,真人love,https://tva3.sinaimg.cn/crop.0.0.511.511.180/9efdd121jw8evn4cqhkzqj20e70e8wfz.jpg
转发微博,2016-01-28 18:36,2558293295,-马赛克儿-,https://tva1.sinaimg.cn/crop.0.1.750.750.180/987c752fjw8exabq2ursvj20ku0kwgmo.jpg
转发微博,2016-01-28 18:36,2294880925,渔船灯火雨潇潇,https://tva2.sinaimg.cn/crop.0.0.1010.1010.180/88c91a9djw8f1d2uwd97ej20s20s2q4u.jpg
真是猖獗啊，曝光完还这样,2016-01-28 18:35,3909471211,情到深处自然meng,https://tva2.sinaimg.cn/crop.0.0.720.720.180/e905cbebjw8ekyaediuhcj20k00k075v.jpg
还不拿下，等待何时,2016-01-28 18:34,1305261240,看球吃零食,https://tva3.sinaimg.cn/crop.0.0.180.180.180/4dccb4b8jw1e8qgp5bmzyj2050050aa8.jpg
转发微博,2016-01-28 18:34,2176821203,sorrem,https://tva2.sinaimg.cn/crop.0.0.996.996.180/81bfa7d3jw8fckalza11oj20ro0ro76k.jpg
呵呵呵 以后再也不敢说我们这儿看病难了,2016-01-28 18:33,1903393491,fairy8379,https://tva4.sinaimg.cn/crop.0.0.638.638.180/71737ad3jw8exdssnvzyzj20hq0hqgmu.jpg
不光是北京，很多有名的大医院都有黄牛，而且医院和医生也都知道r(st)q排号难，看病贵啊。,2016-01-28 18:33,5841872466,夜白浅月,https://tva4.sinaimg.cn/crop.0.0.996.996.180/006nlTTsjw8f0fe60molyj30ro0rpwhj.jpg
分工明确，一条龙服务。[微笑][微笑],2016-01-28 18:31,5107221487,-Li-萍萍萍萍萍,https://tvax1.sinaimg.cn/crop.0.0.640.640.180/005zDnC7ly8fdskn472upj30hs0hsq3v.jpg
?[伤心],2016-01-28 18:29,1831107444,-seesee-,https://tva4.sinaimg.cn/crop.134.16.283.283.180/6d247b74jw8eqb0mf0xyej20e609fgmx.jpg
转发微博,2016-01-28 18:28,5762783222,狼外婆的浪漫天空,https://tva3.sinaimg.cn/crop.0.0.100.100.180/006i03aujw8eyml1zjuzlj302s02sa9v.jpg
转发微博,2016-01-28 18:27,5718195225,CarollllllI,https://tva1.sinaimg.cn/crop.0.0.640.640.180/006eYXNfjw8f7mc9i7z2pj30hs0hsdgl.jpg
转发微博,2016-01-28 18:27,1838216824,文摘2010,https://tva4.sinaimg.cn/crop.0.0.180.180.180/6d90f678jw1e8qgp5bmzyj2050050aa8.jpg
WQNMLGB,2016-01-28 18:27,2642195223,陈小冬非常幸福,https://tva1.sinaimg.cn/crop.0.0.750.750.180/9d7cb317jw8eyj5l59y6ij20ku0kv40i.jpg
转发微博,2016-01-28 18:26,3935935222,简梦安,https://tva3.sinaimg.cn/crop.0.0.438.438.180/ea999af6jw8f0nhqzt2n2j20c60c6q3q.jpg
不是说没有勾结吗？,2016-01-28 18:24,1708722140,sukjo,https://tva3.sinaimg.cn/crop.0.0.720.720.180/65d907dcjw8enqp7gpk5hj20k00k0dgg.jpg
转发微博,2016-01-28 18:24,1799179305,织Q,https://tva3.sinaimg.cn/crop.0.0.180.180.180/6b3d4c29jw1e8qgp5bmzyj2050050aa8.jpg
处处有漏洞。,2016-01-28 18:24,1465657040,心里有话说,https://tva1.sinaimg.cn/crop.0.0.438.438.180/575c26d0jw8f5d4rv708mj20c60c60su.jpg
转发微博,2016-01-28 18:24,1289127121,yujianyux,https://tva1.sinaimg.cn/crop.21.4.557.557.180/4cd684d1jw1elawhw9i21j20g40frwgq.jpg
一圈儿下来我没看明白。。。。看晕了[黑线]//@apple爱自己: 怪不得要4500啊。不然这又是号贩又是医生的。上上下下里里外外一条龙。钱哪够分啊。一群王八蛋！,2016-01-28 18:23,1228099504,xuxu会瘦成霹雳,https://tva4.sinaimg.cn/crop.0.0.996.996.180/49334fb0jw8f1mfpnae4ij20ro0ron0g.jpg
这个记者要保护好自己。这么人可危险了 //@apple爱自己:怪不得要4500啊。不然这又是号贩又是医生的。上上下下里里外外一条龙。钱哪够分啊。一群王八蛋！,2016-01-28 18:23,1634785530,lotus-dou,https://tva1.sinaimg.cn/crop.1.0.748.748.180/6170d8fajw8f6jmmpnunrj20ku0ksdg8.jpg
转发微博,2016-01-28 18:23,5603327555,nfjdjdjjcjdjd,https://tva1.sinaimg.cn/crop.0.0.1080.1080.180/0067cZsTjw8ewyvl7cemqj30u00u0abz.jpg
//@长袖善舞v:转发微博,2016-01-28 18:23,1573290295,光辉岁月-王世,https://tva3.sinaimg.cn/crop.0.0.180.180.180/5dc68137jw1e8qgp5bmzyj2050050aa8.jpg
转发微博,2016-01-28 18:22,1947389593,天马V博,https://tva3.sinaimg.cn/crop.0.0.480.480.180/7412ce99jw8eig5sx5oagj20dc0dcjru.jpg
转发微博,2016-01-28 18:22,3845540815,爱小鱼太傻啦,https://tva4.sinaimg.cn/crop.0.1.640.640.180/e5364bcfjw8eq8sm3t1m3j20hs0hudgy.jpg
//@列车启动:当年的医疗改革、教育改革恶果尽现！！压的老百姓喘不过气！！粉饰出的太平终究会垮塌！“三个代表”究竟代表了谁，又养肥了谁？？其实我们没有资格嘲笑北朝鲜！！,2016-01-28 18:22,2047600263,仰望星空2047600263,https://tvax4.sinaimg.cn/default/images/default_avatar_male_180.gif
转发微博,2016-01-28 18:21,1688105173,B_Y315,https://tva2.sinaimg.cn/crop.0.0.180.180.180/649e70d5jw1e8qgp5bmzyj2050050aa8.jpg
??,2016-01-28 18:21,2672372940,西瓜旅行日记,https://tva2.sinaimg.cn/crop.0.1.1242.1242.180/9f492cccjw8f38vc77ql4j20yi0ykwfx.jpg
转发微博,2016-01-28 18:20,1661828941,杨袜袜,https://tvax4.sinaimg.cn/crop.0.1.1242.1242.180/630d7f4dly8fdlb7anr9nj20yi0yldjj.jpg
转发微博,2016-01-28 18:19,2558241537,网络专业大喷子,https://tva3.sinaimg.cn/crop.0.0.180.180.180/987bab01jw1e8qgp5bmzyj2050050aa8.jpg
转发微博,2016-01-28 18:19,2316162367,安凤鸣215,https://tva3.sinaimg.cn/crop.0.0.180.180.180/8a0dd53fjw1e8qgp5bmzyj2050050aa8.jpg
怪不得要4500啊。不然这又是号贩又是医生的。上上下下里里外外一条龙。钱哪够分啊。一群王八蛋！,2016-01-28 18:16,1079990504,apple爱自己,https://tva1.sinaimg.cn/crop.0.0.180.180.180/405f58e8jw1e8qgp5bmzyj2050050aa8.jpg
一定是互相勾结的，哼[怒],2016-01-28 18:16,2389172243,-小毛儿-,https://tva1.sinaimg.cn/crop.0.0.180.180.180/8e67e013jw1e8qgp5bmzyj2050050aa8.jpg
所以根本不是抓几个号贩子的事，已经形成一条利益链了。,2016-01-28 18:16,1737088341,科学的凝视,https://tvax2.sinaimg.cn/crop.0.0.640.640.180/6789dd55ly8ff27qi5vh0j20hs0hs77k.jpg
呵呵让人心寒,2016-01-28 18:15,5547957856,金宕羿秽秽,https://tva4.sinaimg.cn/crop.0.0.750.750.180/0063sFhejw8fcuk3mxtdej30ku0kujrz.jpg
转发微博,2016-01-28 18:14,3938355983,欣喜若狂之后,https://tva2.sinaimg.cn/crop.35.82.478.478.180/eabe8b0fgw1edfly3k1ytj20f70gowg8.jpg
转发微博,2016-01-28 18:12,1938281033,MORIYAMA_小稻子,https://tvax4.sinaimg.cn/crop.5.0.740.740.180/7387d249ly8ffasqmnt3xj20ku0kkgmg.jpg
转发微博,2016-01-28 18:12,5323467608,Miya白如画,https://tva1.sinaimg.cn/crop.0.5.501.501.180/005OgJ6Mjw8f9499ag5poj30dx0e8t8z.jpg
医院敢站出来承认么,2016-01-28 18:12,5838418825,哈妮儿的围脖小窝1990,https://tva2.sinaimg.cn/crop.0.0.664.664.180/006n7przjw8f0d0icf9c5j30ig0igt9u.jpg
触目惊心，,2016-01-28 18:12,5102828992,涛声依旧29982,https://tva1.sinaimg.cn/crop.0.0.180.180.180/005zkWVqjw8efardycbwlj30500500so.jpg
没有里应外合号贩子干不成事儿，某些医生自己心里也有数。还有前一阵被骂翻了的王福重又亮了。。。,2016-01-28 18:11,3166281351,哥的怒愤,https://tva3.sinaimg.cn/crop.26.31.166.166.180/bcb99e87jw1f3kp4sy3zpj2067067glp.jpg
冒名顶替[哼]写错字了居然//@心澈小妖:现在挂号貌似都得用身份证的，但是如果看病也和买票一样可以实名制验证就好了，茂名顶替的自然就少了。另外作为一名医生，真诚的告诉大家，所谓的著名专家，和普通门诊没有太大区别，北京的医院和区域性的医疗中心也没太大区别。,2016-01-28 18:11,3625022923,心澈小妖,https://tva2.sinaimg.cn/crop.0.4.750.750.180/d81175cbjw8fam4qtflqzj20ku0l20tr.jpg
只希望这种现象能有所改变。。。,2016-01-28 18:11,5755955307,maybe容易,https://tvax4.sinaimg.cn/default/images/default_avatar_female_180.gif
广安门医院出来走两步吧。。。。,2016-01-28 18:10,1829819961,幽情剑客,https://tva4.sinaimg.cn/crop.0.0.640.640.180/6d10d639jw8e8dzwhxq53j20hs0hs0ts.jpg
看来是公开的秘密了，医生与号贩子早已达成协议。悲哀呀，太卑鄙了，这样的医生太有辱救死扶伤这一伟大称谓了，卫计委还要睁只眼闭只眼吗？[怒][怒],2016-01-28 18:10,2606883833,幸福的鱼儿,https://tva1.sinaimg.cn/crop.0.0.180.180.180/9b61e3f9jw1e8qgp5bmzyj2050050aa8.jpg
转发微博,2016-01-28 18:10,1829712952,随便23456,https://tvax1.sinaimg.cn/default/images/default_avatar_male_180.gif
转发微博,2016-01-28 18:09,1791335542,快乐的橙子0,https://tvax3.sinaimg.cn/default/images/default_avatar_female_180.gif
转发微博,2016-01-28 18:08,5537209830,钚∫贾Z,https://tva1.sinaimg.cn/crop.0.0.40.40.180/0062JzdYjw8epof7ndh4sj3014014741.jpg
[悲伤]r(st)q,2016-01-28 18:08,1240507852,守望-cgc,https://tva1.sinaimg.cn/crop.44.0.269.269.180/49f0a5ccgw1e8dqgt8s31j20c80fqq56.jpg
转发微博,2016-01-28 18:08,1869910041,今天天气不错最喜欢早饭,https://tva2.sinaimg.cn/crop.0.0.180.180.180/6f749019jw1f4f2lx4rylj2050050t8x.jpg
医院这次如何发声明？,2016-01-28 18:08,1641509801,一寸欢喜,https://tva1.sinaimg.cn/crop.0.0.640.640.180/61d773a9jw8f9xvf6yehaj20hs0hs3zb.jpg
转发微博,2016-01-28 18:08,5466258737,面前一片黑暗,https://tva1.sinaimg.cn/crop.0.0.80.80.180/005XVRBvjw8eo20kmtkxxj3028028q2p.jpg
转发微博,2016-01-28 18:07,5470284021,hasegawaQharujj,https://tva4.sinaimg.cn/crop.13.0.1216.1216.180/005YcKLrjw8fbj7e92z73j30yi0xs764.jpg
转发微博,2016-01-28 18:07,1791335542,快乐的橙子0,https://tvax3.sinaimg.cn/default/images/default_avatar_female_180.gif
现在挂号貌似都得用身份证的，但是如果看病也和买票一样可以实名制验证就好了，茂名顶替的自然就少了。另外作为一名医生，真诚的告诉大家，所谓的著名专家，和普通门诊没有太大区别，北京的医院和区域性的医疗中心也没太大区别。,2016-01-28 18:07,3625022923,心澈小妖,https://tva2.sinaimg.cn/crop.0.4.750.750.180/d81175cbjw8fam4qtflqzj20ku0l20tr.jpg
转发微博,2016-01-28 18:05,3157726315,颖1l,https://tva3.sinaimg.cn/crop.0.0.672.672.180/bc37146bjw8epcsv9q8ynj20io0ioab2.jpg
还有什么话说,2016-01-28 18:05,3936059319,兜兜里木有钱和糖,https://tva2.sinaimg.cn/crop.0.0.720.720.180/ea9b7fb7jw8esvjydd328j20k00k075m.jpg
这回医院该怎么说呢？！,2016-01-28 18:05,3209420957,风行水上a,https://tva4.sinaimg.cn/crop.0.9.460.460.180/bf4be09djw8e7ivq6d1caj20cs0dadg3.jpg
竟然不是全人都感x[微笑],2016-01-28 18:05,1681671625,哈特小姐,https://tva3.sinaimg.cn/crop.0.0.750.750.180/643c45c9jw8f99o5v68luj20ku0kutae.jpg
转发微博,2016-01-28 18:04,2330476062,_来一桶95的成长快乐,https://tvax4.sinaimg.cn/crop.1.0.638.638.180/8ae83e1ely8fe9twsfo7mj20hs0hq74w.jpg
转发微博,2016-01-28 18:04,3931415156,用户ytxgyj5lfe,https://tva4.sinaimg.cn/crop.0.0.640.640.180/ea54a274jw8ee9waau1taj20hs0hst9l.jpg
#女子痛斥医院票贩#是不是要一层层扒皮呢？,2016-01-28 18:04,3173125260,所以独自看海,https://tvax4.sinaimg.cn/crop.0.0.1242.1242.180/bd220c8cly8fdxtlro8fbj20yi0yi78a.jpg
一窝端了狗的！内外勾结！这样的砖家应该去新疆搬砖！,2016-01-28 18:03,2427308921,小奥881,https://tva4.sinaimg.cn/crop.0.0.640.640.180/90adcb79jw8ec3wlddf46j20hs0hs40p.jpg
转发微博,2016-01-28 18:02,3525439754,乐应成,https://tva4.sinaimg.cn/crop.0.0.1002.1002.180/d221f10ajw8f7bkll0f57j20ru0rugoq.jpg
打脸[挖鼻][挖鼻][挖鼻][挖鼻][挖鼻][doge][doge][doge],2016-01-28 18:01,5195426096,磊艾特苗,https://tva3.sinaimg.cn/crop.0.0.996.996.180/005FBtF6jw8f4gq3436v0j30ro0roq7c.jpg
呵呵哒,2016-01-28 18:01,2513950835,Titanic豪,https://tva3.sinaimg.cn/crop.3.0.1236.1236.180/95d7d873jw8f65q51tk9hj20yi0yctba.jpg
转发微博,2016-01-28 18:01,2029401047,汉服复兴lastday,https://tva2.sinaimg.cn/crop.0.0.640.640.180/78f633d7jw8ei452bzixsj20hs0hs0t0.jpg
天哪,2016-01-28 18:00,1767961057,Recida必过必过必过,https://tvax2.sinaimg.cn/crop.0.0.750.750.180/6960f1e1ly8fepp8iim32j20ku0kuq47.jpg
我特么真没想到……还有后续……,2016-01-28 17:59,5840433784,百变的小鱼,https://tvax1.sinaimg.cn/default/images/default_avatar_male_180.gif
//@石榴et：没票贩子、没勾结、真他娘的骗鬼呢[怒],2016-01-28 17:59,3154588862,碳之炼金术士,https://tva4.sinaimg.cn/crop.0.0.640.640.180/bc0734bejw8eklmjomhptj20hs0hs0tr.jpg
//@邓氏小十妹gq:这次这医院没得说了吧！,2016-01-28 17:59,3102331695,春风秋雨beijing,https://tva4.sinaimg.cn/crop.0.0.180.180.180/b8e9d32fjw1e8qgp5bmzyj2050050aa8.jpg
转发微博,2016-01-28 17:59,1837496390,肉丝粉要加蛋,https://tva3.sinaimg.cn/crop.0.0.640.640.180/6d85f846jw8era7rz9eduj20hs0htt9h.jpg
这种现象每时每刻没分都存在，大家都见怪不怪了。难道主管部门不知道吗？主管部门不作为，老百姓都接受了。天朝就是这样。事闹大了，就抓一时，不出事永远都没人管！,2016-01-28 17:59,1105458662,你那是跟我呢,https://tva1.sinaimg.cn/crop.0.0.996.996.180/41e3f5e6jw8fc7bd2pch8j20ro0ro0ut.jpg
但愿:女孩的呐喊，”能够让老百姓看的上病”成为现实。,2016-01-28 17:59,1038640287,友商有亮,https://tva3.sinaimg.cn/crop.0.0.180.180.180/3de8649fjw1e8qgp5bmzyj2050050aa8.jpg
转发微博,2016-01-28 17:59,2676490650,⑹kk,https://tva3.sinaimg.cn/crop.0.0.996.996.180/9f88019ajw8f0c4r8spn7j20ro0rptbu.jpg
这是一条分工清晰，默契十足的完整产业链！难怪医院敢大声疾呼：我们的保安和票贩子没有关系。确实，这等好事哪轮得到保安啊，呵呵…,2016-01-28 17:58,5620727474,我看到的地球是圆的,https://tvax2.sinaimg.cn/crop.0.0.996.996.180/0068nZYKly8fdnynwnd65j30ro0rogm5.jpg
简单啊，你家被耽误了，让他偿命啊[doge]，打进医院住着//@新闻酸菜馆:转发微博,2016-01-28 17:58,3036905215,安静烦恼多,https://tva1.sinaimg.cn/crop.0.0.1080.1080.180/b5037effjw8f1bl5lz1coj20u00u0myn.jpg
#女子痛斥医院票贩# 中国就是典型的你知我知大家知。我明明知道实情，你还在说谎。你明明知道我知道，你仍然在说谎。我明明知道你在说谎，却奈何不了你。从#女子痛斥医院票贩# 到#研究生坠亡# ，都是满口官话，该解决的还是没有解决，中国这么大，不缺事情更不缺悲剧，过段时间这些都不了了之了。,2016-01-28 17:58,2173696627,李金珊_,https://tva1.sinaimg.cn/crop.0.1.640.640.180/818ffa73jw8ei14wtbodij20hs0hudgn.jpg
厉害//@]]]-庚爱猴:暗访来了,2016-01-28 17:58,1804935355,东北龙王,https://tva3.sinaimg.cn/crop.0.1.640.640.180/6b9520bbjw8exj37mjvaxj20hs0hu75a.jpg
转发微博,2016-01-28 17:57,1841123904,洛书颜卿,https://tva4.sinaimg.cn/crop.0.0.180.180.180/6dbd5240jw1e8qgp5bmzyj2050050aa8.jpg
转发微博,2016-01-28 17:56,1787131727,绿帽侦探,https://tva1.sinaimg.cn/crop.0.0.640.640.180/6a85774fjw8f8n4f6ycvaj20hs0hs3z5.jpg
转发微博,2016-01-28 17:56,2584098997,莫澜y,https://tvax4.sinaimg.cn/crop.0.0.996.996.180/9a0638b5ly8fezp7d67kaj20ro0rpjuo.jpg
转发微博,2016-01-28 17:55,5312881733,张浅浅非,https://tva4.sinaimg.cn/crop.0.0.720.720.180/005NyjeRjw8evlm393sc2j30k00k0wfn.jpg
转发微博,2016-01-28 17:55,2283781025,撞了南墙也不说疼的女王大人,https://tva2.sinaimg.cn/crop.0.51.1072.1072.180/881fbba1tw1eb0qe6jtuwj20u01hcqhc.jpg
转发微博,2016-01-28 17:55,1841123904,洛书颜卿,https://tva4.sinaimg.cn/crop.0.0.180.180.180/6dbd5240jw1e8qgp5bmzyj2050050aa8.jpg
转发微博,2016-01-28 17:54,5695583404,凝目远,https://tva4.sinaimg.cn/crop.0.0.1080.1080.180/006ds5qsjw8evsxs4qi07j30u00u00xz.jpg
暗访来了,2016-01-28 17:54,1766050937,]]]-庚,https://tvax1.sinaimg.cn/crop.0.0.996.996.180/6943cc79ly8ff2neud3ygj20ro0ro40a.jpg
看看！这是咋回事？！号贩子，医院内部人员…[拜拜]@新闻晨报 @新华网 @中国青年网 @中国警察网 @南方周末 @中国日报 @CCTV焦点访谈,2016-01-28 17:54,5124890734,i_am_zsw,https://tva3.sinaimg.cn/crop.0.0.996.996.180/005APwbYjw8fakuteuz83j30ro0rogne.jpg
现在挂号费贵得一B←_←,2016-01-28 17:54,1795749325,二呀么二丫丫,https://tva2.sinaimg.cn/crop.0.15.750.750.180/6b08f5cdjw8f74y2gd1zqj20ku0lojs5.jpg
转发微博,2016-01-28 17:54,1959684607,黄小仙不是仙,https://tva2.sinaimg.cn/crop.0.0.1125.1125.180/74ce69ffjw8f6yaw68nf3j20v90v9q4x.jpg
艹,2016-01-28 17:54,5809657981,越狱兔羞腐,https://tva1.sinaimg.cn/crop.0.0.438.438.180/006laJqZjw8ezdymlc3fjj30c60c6gms.jpg
都来看看,2016-01-28 17:53,1560949600,铁子imayday,https://tva3.sinaimg.cn/crop.0.0.180.180.180/5d0a3360jw1e8qgp5bmzyj2050050aa8.jpg
转发微博,2016-01-28 17:53,1913124954,小大大大大夫,https://tvax2.sinaimg.cn/crop.0.0.1242.1242.180/7207f85aly8fehe41nnj1j20yi0yigrs.jpg
里外勾结,2016-01-28 17:51,1222362757,胡同儿老刘,https://tva2.sinaimg.cn/crop.0.0.180.180.180/48dbc685jw1e8qgp5bmzyj2050050aa8.jpg
[思考]就这样还说跟医生没关系？从黄牛那买就给加号。,2016-01-28 17:51,1909830862,云淡风轻瀚,https://tva4.sinaimg.cn/crop.0.0.742.742.180/71d5b4cejw8erdox6uyj0j20km0kmgnb.jpg
转发微博,2016-01-28 17:51,1107983070,站立在云之彼端,https://tvax1.sinaimg.cn/crop.0.0.350.350.180/420a7adely8fe1mpmnpp0j209q09qtan.jpg
@萍乡交通文艺广播,2016-01-28 17:51,1801557865,whx_496,https://tva4.sinaimg.cn/crop.0.0.996.996.180/6b619769jw8ez7mkkawgjj20ro0rpgq5.jpg
@萍乡发布,2016-01-28 17:50,1801557865,whx_496,https://tva4.sinaimg.cn/crop.0.0.996.996.180/6b619769jw8ez7mkkawgjj20ro0rpgq5.jpg
@萍乡事,2016-01-28 17:50,1801557865,whx_496,https://tva4.sinaimg.cn/crop.0.0.996.996.180/6b619769jw8ez7mkkawgjj20ro0rpgq5.jpg
我觉得应该@ 一下@人民日报 @央视新闻 ,2016-01-28 17:49,1876402215,二二二二二爷,https://tva2.sinaimg.cn/crop.0.0.199.199.180/6fd7a027jw1ejkbhl09z7j205k05kq37.jpg
……这个医院否认了保安和号贩子勾结，却被记者曝光是医生…医生…,2016-01-28 17:49,1651816632,雨龙,https://tvax3.sinaimg.cn/crop.0.0.512.512.180/6274b8b8ly8fe5652yat8j20e80e8abh.jpg
转发微博,2016-01-28 17:49,2116319403,o阿依土鳖公主o,https://tva3.sinaimg.cn/crop.0.0.672.672.180/7e2478abjw8f0ws0j2qdyj20io0ioq4k.jpg
这次这医院没得说了吧！,2016-01-28 17:49,5095000566,邓氏小十妹gq,https://tva4.sinaimg.cn/crop.0.0.720.720.180/005yO6oujw8eq7pff5vi8j30k00k0aax.jpg
这谁会没救了,2016-01-28 17:48,5511564717,孙小兔1996,https://tvax4.sinaimg.cn/crop.0.0.996.996.180/0060ZXL7ly8fegk458diqj30ro0rojts.jpg
转发微博,2016-01-28 17:48,2524881481,frdelo,https://tva4.sinaimg.cn/crop.34.35.411.411.180/967ea249jw1e8hd903qxhj20j10cndme.jpg
转发微博,2016-01-28 17:47,2814224423,BaiL,https://tva1.sinaimg.cn/crop.0.0.750.750.180/a7bda827jw8erqu3j1y34j20ku0kuwf7.jpg
兴 百姓苦  亡 百姓苦 水能载舟 亦能覆舟,2016-01-28 17:47,1703331784,mono的阳光储蓄,https://tva1.sinaimg.cn/crop.0.0.180.180.180/6586c7c8jw1e8qgp5bmzyj2050050aa8.jpg
转发微博,2016-01-28 17:47,5650021174,底线呢,https://tva1.sinaimg.cn/crop.0.0.720.720.180/006amUBMjw8f2mmyhj5tvj30k00k0mxl.jpg
转发微博,2016-01-28 17:47,2811902175,南风轻抚LoveTu_LWH,https://tva3.sinaimg.cn/crop.0.0.319.319.180/a79a38dfjw8f3pzvky3scj208v08vweg.jpg
这就是现状吧。//@铜锣烧和咖啡：奶奶说以前的医生从把脉开始一直到抓药都是医生一手操办，去复查医生都特别的用心。现在去大医院检查从挂号开始就见着了专家一会儿，还是对着电脑给你看病，然后就让小护士带着你交钱检查，交钱检查。检查完再给你开一堆药就完事。病没查出来，药先得喝着,2016-01-28 17:47,1406722561,Stranger0324,https://tva2.sinaimg.cn/crop.0.0.639.639.180/53d8e201jw8f20noxt0qyj20hs0hrq3f.jpg
这是一条分工清晰，默契十足的完整产业链！难怪医院敢大声疾呼：我们的保安和票贩子没有关系。确实，这等好事哪轮得到保安啊，呵呵…,2016-01-28 17:46,1547579693,红魔鬼828,https://tva2.sinaimg.cn/crop.8.0.623.623.180/5c3e312djw8f6gcwntthjj20hs0hbt96.jpg
转发微博,2016-01-28 17:46,1740788173,seven_snow,https://tva1.sinaimg.cn/crop.0.0.640.640.180/67c251cdjw8em0bw0ryezj20hs0hs75i.jpg
什么玩意，医院跟票贩子里应外合，就是因为有这样的“专家”，才有票贩子的猖獗，这个医生也应该查查，分了多少好处费,2016-01-28 17:46,1829568647,回不去De唯成年88,https://tva1.sinaimg.cn/crop.0.0.512.512.180/6d0d0087jw8f02rq9hxgaj20e80e8aan.jpg
打脸不？piapia的啊！,2016-01-28 17:45,5129842324,他vs她的爱,https://tva4.sinaimg.cn/crop.0.0.664.664.180/005Baikkjw8f2is8n9va7j30ig0ig754.jpg
根源不是抓几个票贩子，是医院里的医生，内外勾结，炒作票贩子,2016-01-28 17:45,2863258204,Emily--梅,https://tva3.sinaimg.cn/crop.0.0.180.180.180/aaa9da5cjw1e8qgp5bmzyj2050050aa8.jpg
@高晓松,2016-01-28 17:45,1795306282,乐活猴儿,https://tva3.sinaimg.cn/crop.0.0.180.180.180/6b02332ajw1e8qgp5bmzyj2050050aa8.jpg
转发微博,2016-01-28 17:45,5019308820,雁过留声028,https://tva4.sinaimg.cn/crop.0.0.180.180.180/005tGvvSjw8ed2k2thqclj30500500so.jpg
[怒骂][怒骂][怒骂],2016-01-28 17:45,2793004785,小青年闪闪亮,https://tvax3.sinaimg.cn/crop.0.0.996.996.180/a679def1ly8felxtr42p2j20ro0rowh7.jpg
@Zhangstloffsky,2016-01-28 17:45,1912281897,蟹黄汉宝,https://tva4.sinaimg.cn/crop.0.0.180.180.180/71fb1b29jw1e8qgp5bmzyj2050050aa8.jpg
#女子痛斥医院票贩#我只发图，不说话[闭嘴] http://t.cn/Rb3i6g3,2016-01-28 17:44,1265198555,使徒喵,https://tva4.sinaimg.cn/crop.1.96.477.477.180/4b6965dbtw1e8wr1f64k4j20dc0hswjq.jpg
转发微博,2016-01-28 17:43,2437196964,嫡{的葚,https://tva1.sinaimg.cn/crop.0.0.180.180.180/9144aca4jw1e8qgp5bmzyj2050050aa8.jpg
转发微博,2016-01-28 17:43,1575490373,流浪客---Lisle,https://tva4.sinaimg.cn/crop.5.1.794.794.180/5de81345tw1e9uujl4zm2j20m80m6q9p.jpg
转发微博,2016-01-28 17:43,1233799842,春秋尚风,https://tva1.sinaimg.cn/crop.40.40.120.120.180/498a4aa2jw1e88fzn8fzdj205k05k75a.jpg
转发微博,2016-01-28 17:43,1903008192,我蛋的粑粑,https://tva3.sinaimg.cn/crop.0.0.261.261.180/716d99c0tw1ean6528m1ij207c07b3z7.jpg
转发微博,2016-01-28 17:43,1660923505,kyle背背,https://tva3.sinaimg.cn/crop.0.0.1080.1080.180/62ffae71jw8exh7tjzal4j20u00u0q5g.jpg
转发微博,2016-01-28 17:43,5811666777,用户5811666777,https://tvax2.sinaimg.cn/default/images/default_avatar_male_180.gif
下次换个男的，感觉女的有点不安全。,2016-01-28 17:42,1938278342,Closed_Shen,https://tva2.sinaimg.cn/crop.0.0.180.180.180/7387c7c6jw1e8qgp5bmzyj2050050aa8.jpg
医院没有号贩子[泪][泪][泪],2016-01-28 17:42,3200216395,龙腾马跃之龙哥龙嫂,https://tva4.sinaimg.cn/crop.96.1186.1842.1842.180/bebf6d4bjw1ely2yriqknj21kw2dce81.jpg
把挂号收费炒到这么高还要感谢号贩子？这是什么逻辑？#女子怒斥医院票贩#,2016-01-28 17:42,3950884871,何润炽,https://tva4.sinaimg.cn/crop.0.0.1440.1440.180/eb7db807jw8ew2uo0i8rwj2140140tce.jpg
@王福重 你写的啊？,2016-01-28 17:42,2922078230,不知为什么就笑了,https://tva2.sinaimg.cn/crop.93.0.412.412.180/ae2b6016jw8f4k0yl0si2j20fa0bg0tk.jpg
//@农民Li创业:@微创医学,2016-01-28 17:42,5833048424,微创医学,https://tva4.sinaimg.cn/crop.131.83.215.215.180/006mKSmcjw8f0bpmb3py3j30do09z3yw.jpg
@微创医学,2016-01-28 17:41,5534378192,农民Li创业,https://tva1.sinaimg.cn/crop.3.165.536.536.180/0062xGAojw8f0081r8pw4j30f00qoac3.jpg
#女子痛斥医院票贩#【[话筒]暗访4500元挂号医院号贩 揭买号就医全程】“女子北京看病怒斥黄牛”后，昨天新浪观察员来到事发医院，从号贩手里拿到300元专家号，一番周折后，成功拿着以别人信息挂的号就诊。期间号贩发给她题为《全社会都该感谢号贩子》的文章，建议好好看看。http://t.cn/Rb3PJot[拜拜],2016-01-28 17:41,3948538622,小鸟网,https://tva3.sinaimg.cn/crop.0.0.1080.1080.180/eb59eafejw8exemknfv0qj20u00u0go3.jpg
[江南style][江南style][江南style],2016-01-28 17:41,3889521787,相恒民,https://tva1.sinaimg.cn/crop.0.0.664.664.180/e7d5647bjw8f4p7gytqvgj20ig0igdh9.jpg
转发微博,2016-01-28 17:40,1781182017,浦西一和,https://tva4.sinaimg.cn/crop.0.0.664.664.180/6a2aae41jw8eylo1xfubej20ig0igmye.jpg
转发微博,2016-01-28 17:40,1337906230,简单的零和壹,https://tva4.sinaimg.cn/crop.0.0.1242.1242.180/4fbed436jw8f3ypaaue6yj20yi0yiq8b.jpg
中国这是要无法无天啊！这样的国家，这样的医疗制度，呵呵！亡国之路越走越快，感谢号贩子，感谢救死扶伤的医院呐,2016-01-28 17:40,2281932375,有益说益,https://tva1.sinaimg.cn/crop.0.0.640.640.180/88038657jw8efo0br2pzfj20hs0hsmy4.jpg
来吧相关部门，再给老百姓说说咋回事儿,2016-01-28 17:40,2489445375,binglan_ni,https://tva2.sinaimg.cn/crop.0.0.180.180.180/9461ebffjw1e8qgp5bmzyj2050050aa8.jpg
到底谁缺德？,2016-01-28 17:39,5606522526,雪山下的树林,https://tva3.sinaimg.cn/crop.0.0.320.320.180/0067qoCGjw8ezmohigobpj308w08waa7.jpg
转发微博,2016-01-28 17:38,5148567062,沐木8,https://tva4.sinaimg.cn/crop.0.0.540.540.180/005CqRuejw8em9mnytyswj30f00f0403.jpg
看看医院怎么解释？前几天还把自己洗的一干二净。去tmd[怒][怒][怒][怒][怒],2016-01-28 17:38,2141058943,CREO小兄赵赵,https://tva1.sinaimg.cn/crop.0.0.664.664.180/7f9df77fjw8ezsnglrkd0j20ig0igjs1.jpg
转发微博,2016-01-28 17:38,2944738633,SunnyXJTU,https://tva4.sinaimg.cn/crop.18.0.1089.1089.180/af852549jw8fcd1gelaz7j20v90u9di0.jpg
转发微博,2016-01-28 17:38,2213504105,买__卖,https://tva1.sinaimg.cn/crop.0.0.664.664.180/83ef6469jw8f1uniww554j20ig0igdh2.jpg
转发微博,2016-01-28 17:38,2966771061,小屁孩儿的似水流年,https://tva1.sinaimg.cn/crop.1.0.638.638.180/b0d55575jw8end1grsimmj20hs0hqdg8.jpg
北京的医院该管管了,2016-01-28 17:38,1240543580,2010木南,https://tva3.sinaimg.cn/crop.0.0.1242.1242.180/49f1315cjw8f4c13v27u4j20yi0yi42n.jpg
自己打自己脸！就是例外勾结。谁没事愿意去医院？,2016-01-28 17:37,2396876045,李嘉--三少,https://tvax2.sinaimg.cn/crop.0.5.640.640.180/8edd6d0dly8fdon8exeekj20hs0i375h.jpg
转发微博,2016-01-28 17:37,1894294251,彳亍大哥,https://tva4.sinaimg.cn/crop.0.0.996.996.180/70e8a2ebjw8f81low7el2j20ro0rpq6h.jpg
这就是首都！,2016-01-28 17:37,2984817587,寤峤】,https://tva2.sinaimg.cn/crop.0.0.640.640.180/b1e8b3b3jw8f6hj22y3y3j20hs0hsmxt.jpg
没有政明确的政策 你能拿黄牛 怎么办  没办法解决,2016-01-28 17:37,2169169843,西西贝禾子,https://tva3.sinaimg.cn/crop.0.0.996.996.180/814ae7b3jw8fci8eujcynj20ro0rowgv.jpg
心塞，哪天自己得了重病只想荒死街头,2016-01-28 17:36,2008195794,爱丽丝奇境,https://tva1.sinaimg.cn/crop.0.0.100.100.180/77b2a2d2jw8evv5ema6qpj202s02s3yc.jpg
回复@道猫岸然:如果你家里有人患病，你去试试，挂个号就4500？需知，挂号之后，检查，开药，每个环节都有开销，挂号完能给你免了检查费？能免了医药费？真无知！公立医院本身享受国家补助，天价挂号费，然后同理也可天价检查费，天价医药费，生病了没钱就等死咯？[怒]。可以合理定价，但不能变态畸形,2016-01-28 17:36,2624086107,紫萝兰时尚,https://tva4.sinaimg.cn/crop.3.5.144.144.180/9c68605bgw1ei7tew1hsdj204604674g.jpg
对这个社会的很多方面，麻木了…,2016-01-28 17:36,2053889280,骑行青春路上,https://tva1.sinaimg.cn/crop.0.0.720.720.180/7a6bdd00jw8enyhd9ncimj20k00k0abu.jpg
转发微博,2016-01-28 17:36,2535944761,张佬基要养只大金毛,https://tva3.sinaimg.cn/crop.0.0.640.640.180/97277239jw8ezi6589n2mj20hs0hst9t.jpg
全社会都该感谢号贩子  @王福重  哈哈哈哈,2016-01-28 17:35,2201178164,Iatemperor,https://tva4.sinaimg.cn/crop.0.0.996.996.180/83335034jw8f72h1gm703j20ro0rodhq.jpg
@swagggg_4231 是尼玛没号,2016-01-28 17:35,1044958965,4年以前_,https://tvax2.sinaimg.cn/crop.0.0.1242.1242.180/3e48cef5ly8fez951udpqj20yi0yiad7.jpg
//@衣一口田1977: 真相！真相！！真相！！！难道是幻觉,2016-01-28 17:35,1420185663,善良的fuhu207,https://tvax4.sinaimg.cn/crop.242.51.322.322.180/54a6503fly8fepp3eoquwj20g50auaha.jpg
我以前看病、医生开得药一部分从医院买、一部分让我去医院门口药房买、,2016-01-28 17:35,5435747665,流亡兔子VIP,https://tva3.sinaimg.cn/crop.0.0.996.996.180/005VRQhrjw8f8bj6tl47sj30ro0rpjtr.jpg
打脸不，广安门医院是吧,2016-01-28 17:35,5421761882,水水之遥,https://tva3.sinaimg.cn/crop.0.0.1440.1440.180/005UV9Wijw8eya7o0i0cgj3140140jvi.jpg
转发微博,2016-01-28 17:35,2723398491,绳命向前冲,https://tva4.sinaimg.cn/crop.0.15.640.640.180/a253c35bjw8f5nqsjraspj20hs0inq3p.jpg
转发微博,2016-01-28 17:34,5094140404,美美美美丽丽,https://tva3.sinaimg.cn/crop.227.99.568.568.180/005yKuCUjw8ewg96hroehj30sg0lc49j.jpg
群众反应出来问题了，然后媒体就去做样子了,2016-01-28 17:34,3032669093,mushroom咖啡豆,https://tva1.sinaimg.cn/crop.0.0.996.996.180/b4c2dba5jw8faen25n167j20ro0rodj3.jpg
转发微博,2016-01-28 17:34,5706394933,小世界2015919,https://tva4.sinaimg.cn/crop.0.0.996.996.180/006ebrZXjw8fcdmwqiek6j30ro0rotbo.jpg
打脸啪啪啪响[doge],2016-01-28 17:34,5292424926,就是个god,https://tva3.sinaimg.cn/crop.0.0.498.498.180/005Matumjw8ey8j8fguutj30du0dujsd.jpg
转发微博,2016-01-28 17:34,2725894747,Lavinia张,https://tva1.sinaimg.cn/crop.0.7.497.497.180/a279da5bjw8fc69uvv9fzj20dt0e8gmd.jpg
看到这么多人在骂这个事我就放心了！,2016-01-28 17:34,5560131639,喝最烈的酒8030爱最美的人,https://tva1.sinaimg.cn/crop.0.0.664.664.180/0064hKezjw8ezjuvz47fuj30ig0igtae.jpg
转发微博,2016-01-28 17:34,1221853635,鑫鑫归来,https://tva3.sinaimg.cn/crop.0.0.180.180.180/48d401c3jw1e8qgp5bmzyj2050050aa8.jpg
转发微博,2016-01-28 17:33,3036366383,男人这辈子2,https://tva4.sinaimg.cn/crop.0.0.340.340.180/b4fb462fjw8ecupieltr8j209g09gaa9.jpg
转发微博,2016-01-28 17:33,5206172849,MUJI缘,https://tva1.sinaimg.cn/crop.0.0.996.996.180/005GkznPjw8f5373kem29j30ro0rp0v4.jpg
医院的还敢出来BB不了,2016-01-28 17:33,5421761882,水水之遥,https://tva3.sinaimg.cn/crop.0.0.1440.1440.180/005UV9Wijw8eya7o0i0cgj3140140jvi.jpg
转发微博,2016-01-28 17:33,1842186571,怪豆城堡,https://tvax3.sinaimg.cn/crop.0.1.1125.1125.180/6dcd894bly8fe9njvoi0pj20v90vbdn1.jpg
真相！真相！！真相！！！难道是幻觉,2016-01-28 17:33,1480999000,衣一口田1977,https://tva4.sinaimg.cn/crop.262.144.720.720.180/58464058jw8er1v2x6pgqj21000o0wj9.jpg
转发微博,2016-01-28 17:33,1961093785,让人渣见鬼去吧,https://tva4.sinaimg.cn/crop.0.0.180.180.180/74e3ea99jw1e8qgp5bmzyj2050050aa8.jpg
转发微博,2016-01-28 17:33,1724692844,孜月_bdu,https://tva1.sinaimg.cn/crop.0.0.438.438.180/66ccb96cjw8f336flpqq2j20c60c6t92.jpg
票贩子：不要叫我们票贩子，要叫我们大自然的搬运工,2016-01-28 17:33,1201338972,黄金真卡卡,https://tva1.sinaimg.cn/crop.0.0.432.432.180/479afa5cjw1ebnrv40dszj20cb0c8jsp.jpg
牛逼,2016-01-28 17:33,1903008192,我蛋的粑粑,https://tva3.sinaimg.cn/crop.0.0.261.261.180/716d99c0tw1ean6528m1ij207c07b3z7.jpg
[怒]，所有参与贩卖高价挂号的耗子都是没人性的，必须严打！,2016-01-28 17:33,2624086107,紫萝兰时尚,https://tva4.sinaimg.cn/crop.3.5.144.144.180/9c68605bgw1ei7tew1hsdj204604674g.jpg
转发微博,2016-01-28 17:32,5569086847,小羿羿嘿嘿,https://tva2.sinaimg.cn/crop.0.0.1125.1125.180/0064TjTpjw8ew6ymvbna1j30v90v9gnl.jpg
我跟你说，压根就是医院大夫跟号贩子勾结的，都是心知肚明的，根本就不是控制不住的问题，都是钱的问题~,2016-01-28 17:32,1875336221,天气的尽头,https://tva3.sinaimg.cn/crop.0.0.320.320.180/6fc75c1djw8eg8vp8qxf2j208w08wglp.jpg
转发微博,2016-01-28 17:32,1646184447,o_O夏坤坤V,https://tva1.sinaimg.cn/crop.0.2.508.508.180/621ec7ffjw8f84h6c6s7wj20e40e8glk.jpg
Dl微博,2016-01-28 17:32,1348961327,人生正途,https://tva2.sinaimg.cn/crop.0.0.180.180.180/5067842fjw1e8qgp5bmzyj2050050aa8.jpg
谁为民做主,2016-01-28 17:32,1593813171,寻找若宁,https://tva2.sinaimg.cn/crop.0.0.640.640.180/5effa8b3jw8euz14mnl83j20hs0hsgo2.jpg
转发微博,2016-01-28 17:32,5449888956,爱娜姿,https://tva4.sinaimg.cn/crop.0.160.960.960.180/005WPb4Mjw8enmceo2ctcj30qo0zkwh3.jpg
转发微博,2016-01-28 17:31,5369815644,荷塘莺语,https://tva1.sinaimg.cn/crop.0.0.640.640.180/005RpclKjw8em8o5hqczbj30hs0hs0tg.jpg
号贩子好抓，医疗资源稀缺问题难解。,2016-01-28 17:30,1215234001,每一棵树在孤独园,https://tva1.sinaimg.cn/crop.16.0.443.443.180/486effd1jw1f65yqmtkm0j20dj0ce75t.jpg
转发微博,2016-01-28 17:30,3053839070,师太凉瓜瓜,https://tvax2.sinaimg.cn/crop.0.0.996.996.180/b605e2dely8ffe2ndtyi4j20ro0rpgoe.jpg
转发微博,2016-01-28 17:30,2127584537,我是喜滋滋,https://tva3.sinaimg.cn/crop.0.0.996.996.180/7ed05d19jw8f6talx1dqyj20ro0roq5g.jpg
转发微博,2016-01-28 17:30,2828203002,小明IU_IU,https://tva4.sinaimg.cn/crop.0.0.1080.1080.180/a892f3fajw8etruzts5tlj20u00u00vc.jpg
转发微博,2016-01-28 17:29,2779233695,尼克尼科,https://tva4.sinaimg.cn/crop.53.0.854.854.180/a5a7bd9fjw8e9wm0fapf1j20qo0nqabs.jpg
转发微博,2016-01-28 17:29,1449889377,一生最爱鱼香鸡丝,https://tvax3.sinaimg.cn/crop.2.0.635.635.180/566b8e61ly8feyo7zb6q7j20hs0hnjs9.jpg
为什么会有票贩子存在？就是因为医院挂号费定价太低！如果挂一个号医院就收4500元，还会有票贩子存在的空间么？[doge],2016-01-28 17:29,1322372114,道猫岸然,https://tva3.sinaimg.cn/crop.98.59.863.863.180/4ed1cc12gw1e7j4rwyv40j20sg0rm7au.jpg
转发微博,2016-01-28 17:29,1591687802,安茉语,https://tva2.sinaimg.cn/crop.0.0.180.180.180/5edf3a7ajw1e8qgp5bmzyj2050050aa8.jpg
转发微博,2016-01-28 17:28,1586784614,长袖善舞v,https://tva3.sinaimg.cn/crop.0.0.180.180.180/5e946966jw1e8qgp5bmzyj2050050aa8.jpg
转发微博,2016-01-28 17:28,1758051795,枪手Edward,https://tva1.sinaimg.cn/crop.0.0.362.362.180/68c9bdd3jw8erpcjxc13hj20a20a2t94.jpg
转发微博,2016-01-28 17:28,5514427005,八十七团司法所,https://tva3.sinaimg.cn/crop.0.0.240.240.180/0061bYn3jw8ep5i0ys7n8j306o06oweq.jpg
都有问题！,2016-01-28 17:28,2111876953,史江滨,https://tva1.sinaimg.cn/crop.0.0.1241.1241.180/7de0af59jw8f669kxfkytj20yi0yhq5g.jpg
转发微博,2016-01-28 17:28,2098732807,言为评,https://tva3.sinaimg.cn/crop.0.0.1080.1080.180/7d181f07jw8exhxtkmy30j20u00u0jzx.jpg
真可怕,2016-01-28 17:28,1942616395,吃土型非酋,https://tva2.sinaimg.cn/crop.0.0.180.180.180/73c9f94bjw1e8qgp5bmzyj2050050aa8.jpg
#女子痛斥医院票贩#【[话筒]暗访4500元挂号医院号贩 揭买号就医全程】“女子北京看病怒斥黄牛”后，昨天新浪观察员来到事发医院，从号贩手里拿到300元专家号，一番周折后，成功拿着以别人信息挂的号就诊。期间号贩发给她题为《全社会都该感谢号贩子》的文章，建议好好看看。http://t.cn/Rb3PJot,2016-01-28 17:27,1714265131,阳光喜欢绽放,https://tva4.sinaimg.cn/crop.0.0.640.640.180/662d9c2bjw8ez0ch4ogcbj20hs0hst9e.jpg
转发微博,2016-01-28 17:27,5029994233,小楼一夜雨丶,https://tva3.sinaimg.cn/crop.0.0.640.640.180/005uplhfjw8eghee4nckuj30hs0hs75s.jpg
院长大人，你摊上事儿了！你们这些王八蛋！,2016-01-28 17:27,1872757570,四好老爷们儿,https://tva4.sinaimg.cn/crop.0.0.750.750.180/6fa00342jw8f95o72o5efj20ku0kujsl.jpg
内外勾结，坑害百姓,2016-01-28 17:27,1688488555,睿澄,https://tva2.sinaimg.cn/crop.0.0.750.750.180/64a44a6bjw8evju59l1enj20ku0kugml.jpg
转发微博,2016-01-28 17:27,1749237114,方舟文都,https://tva3.sinaimg.cn/crop.591.17.705.705.180/68433d7ajw8fce5vnk2i4j21kw0w01cz.jpg
转发微博,2016-01-28 17:27,2403016182,新闻酸菜馆,https://tva4.sinaimg.cn/crop.0.0.1397.1397.180/8f3b1df6gw1enjodmo3ktj212w12waq8.jpg
转发微博,2016-01-28 17:26,1257278322,川明_,https://tva1.sinaimg.cn/crop.0.0.180.180.180/4af08b72jw1e8qgp5bmzyj2050050aa8.jpg
暗访4500元挂号医院号贩 揭买号就医全程,2016-01-28 17:26,5380286332,我的sos,https://tva3.sinaimg.cn/crop.0.0.1022.1022.180/005S78fOgw1emlveo48atj30sg0sgq48.jpg
转发微博,2016-01-28 17:26,3176892703,金属软管德宇管业,https://tvax4.sinaimg.cn/default/images/default_avatar_male_180.gif
天朝上国,2016-01-28 17:25,5399248959,站在屋顶的小人物八世,https://tva3.sinaimg.cn/crop.256.14.768.768.180/005ToHiDgw1emzvaoyuz0j30zk0m8jxr.jpg
