04-14 09:51,6066512039,0726仲宫泽熙CINDY,0,回复<a href='https://m.weibo.cn/n/人帅屁事多'>@人帅屁事多</a>:为什么是小王,https://tvax4.sinaimg.cn/crop.0.0.1125.1125.180/006CysUnly8ffoa7zsx55j30v90v9abc.jpg
04-14 01:00,2652831173,认错要逛的街,0,已经过了那么久了，处理结果怎么样了？,https://tva2.sinaimg.cn/crop.0.0.640.640.180/9e1efdc5jw8exx07vrwuej20hs0hsab3.jpg
04-06 11:56,1610394122,Sun-nicholas坶L安,0,西安地铁的广告能把人吵死 上车广告 下车广告 还装逼自己亏损 要提高地铁票价,https://tva1.sinaimg.cn/crop.0.0.639.639.180/5ffcaa0ajw8eja4ugyc6lj20hs0hrmz4.jpg
03-30 20:02,5769586302,苏寒柳,0,转发,https://tva1.sinaimg.cn/crop.0.0.996.996.180/006isAXAjw8f7ifzvwt58j30ro0roteb.jpg
03-30 02:57,5644862984,FthewholeW,0,很快老总要擦窗户失足身亡了,https://tvax1.sinaimg.cn/default/images/default_avatar_male_180.gif
03-26 01:52,6085629629,R王166,0,巴那R搞唔清。拥酶,https://tvax1.sinaimg.cn/crop.0.0.996.996.180/006DQGgBly8ffj7exfgruj30ro0rp0uc.jpg
03-25 01:50,1498678567,飞飞1025,0,背后，有多少黑手，揪出来！,https://tva2.sinaimg.cn/crop.0.0.512.512.180/59540527jw8f2e2tm8gfyj20e80e8wf5.jpg
03-24 20:03,2129367587,hongsediguo1985,1,回复<a href='https://m.weibo.cn/n/芒果菠萝味'>@芒果菠萝味</a>:中国哪家媒体的背后不是共产狗呢？没有共产狗中宣猪点头谁敢发文章,https://tva4.sinaimg.cn/crop.0.0.180.180.180/7eeb9223jw1e8qgp5bmzyj2050050aa8.jpg
03-24 07:41,1576763054,李达康来了,0,背后的老板是谁,https://tvax3.sinaimg.cn/crop.212.18.287.287.180/5dfb7eaely8ff67rkt86vj20dw0c574k.jpg
03-23 20:36,2728770612,读书万卷不如怡然自得,0,"也不知道这个公司给某些官人塞了多少好处<span class=""url-icon""><img src=""//h5.sinaimg.cn/m/emoticon/icon/others/d_erha-0d2bea3a7d.png"" style=""width:1em;height:1em;""></span>",https://tva4.sinaimg.cn/crop.0.0.325.325.180/a2a5bc34jw8fcowlqwpn6j20910blq4g.jpg
03-23 20:11,6129940619,用户6129940619,0,一查到底。,https://tva3.sinaimg.cn/crop.0.0.960.960.180/006GQBzZjw8fcbnen0hc5j30qo0qo75c.jpg
03-23 19:40,1788123942,落寞_伤情,1,回复<a href='https://m.weibo.cn/n/-for-what'>@-for-what</a>:不知是地铁，好像还有铁路宝兰客专甘肃段他也中标了,https://tva1.sinaimg.cn/crop.0.0.1004.1004.180/6a949b26jw8f6aq87rahrj20rw0rxacj.jpg
03-23 19:32,5186363244,草莓芒果甜甜的,0,简直比景甜的背后力量还神奇,https://tvax2.sinaimg.cn/crop.0.0.438.438.180/005EZs04ly8fe1gf9utgej30c60c6glx.jpg
03-23 19:32,5186363244,草莓芒果甜甜的,1,回复<a href='https://m.weibo.cn/n/肛洞'>@肛洞</a>:又他妈拿临时工当借口！,https://tvax2.sinaimg.cn/crop.0.0.438.438.180/005EZs04ly8fe1gf9utgej30c60c6glx.jpg
03-23 19:31,5186363244,草莓芒果甜甜的,1,回复<a href='https://m.weibo.cn/n/momonv'>@momonv</a>:背后力量简直比景甜还神奇,https://tvax2.sinaimg.cn/crop.0.0.438.438.180/005EZs04ly8fe1gf9utgej30c60c6glx.jpg
03-23 19:18,1773342684,happy小维,1,这种新闻还少么？少报一些我也不会改观,https://tva3.sinaimg.cn/crop.145.116.333.333.180/69b30fdcjw8et0olcytfmj20go0cijt6.jpg
03-23 19:09,2134322257,WuuuuDc,1,"回复<a href='https://m.weibo.cn/n/momonv'>@momonv</a>:<span class=""url-icon""><img src=""//h5.sinaimg.cn/m/emoticon/icon/others/d_doge-d903433c82.png"" style=""width:1em;height:1em;""></span><span class=""url-icon""><img src=""//h5.sinaimg.cn/m/emoticon/icon/others/d_doge-d903433c82.png"" style=""width:1em;height:1em;""></span><span class=""url-icon""><img src=""//h5.sinaimg.cn/m/emoticon/icon/others/d_doge-d903433c82.png"" style=""width:1em;height:1em;""></span>新京报 澎湃 还有个什么鬼的，并称媒体三大毒瘤",https://tvax4.sinaimg.cn/crop.75.51.443.443.180/7f372c51ly8fe3nekwt5aj20go0gognk.jpg
03-23 19:02,5761355237,鉴绿师,0,哎呦，就是中铁的领导嘛，从科长到处长再到副总到总经理,https://tvax3.sinaimg.cn/crop.0.0.664.664.180/006hU3Gtly8fepof4ji01j30ig0igdh9.jpg
03-23 18:19,2436087665,杠杆123,0,地铁的钱有关人员也敢贪，可见腐败已经到骨髓了。,https://tva4.sinaimg.cn/crop.0.0.720.720.180/9133bf71jw8ekqs49owmfj20k00k0jrt.jpg
03-23 18:08,1132301483,流浪的红拖鞋,0,大家都看出苗头了，这事不简单<a href='https://m.weibo.cn/n/心中已无码'>@心中已无码</a>,https://tva1.sinaimg.cn/crop.0.0.180.180.180/437d8cabjw1e8qgp5bmzyj2050050aa8.jpg
03-23 17:45,1743166213,键委素鸡,0,灵道之间斗争很激烈啊，赚点零花钱咋这么难？,https://tva4.sinaimg.cn/crop.0.10.289.289.180/67e69b05gw1ei74qvz0bnj208c0amgmb.jpg
03-23 17:10,5985471983,云涯之外,1,回复<a href='https://m.weibo.cn/n/晴天去了'>@晴天去了</a>:听说过，不过要说造谣最大、最多的，还真轮不到他们。,https://tva1.sinaimg.cn/crop.0.0.960.960.180/006x4qGHjw8f5v01qczouj30qo0qot98.jpg
03-23 17:08,5985471983,云涯之外,0,这种事出过多次了，那次搞清楚了？,https://tva1.sinaimg.cn/crop.0.0.960.960.180/006x4qGHjw8f5v01qczouj30qo0qot98.jpg
03-23 16:31,2129367587,hongsediguo1985,2,回复<a href='https://m.weibo.cn/n/师西瓜'>@师西瓜</a>:共产垃圾教出来的媒体，你也知道是什么德行,https://tva4.sinaimg.cn/crop.0.0.180.180.180/7eeb9223jw1e8qgp5bmzyj2050050aa8.jpg
03-23 16:01,2929295014,世界与熏,0,刚换届就洗牌是不是不太好,https://tva4.sinaimg.cn/crop.0.0.1328.1328.180/ae997ea6jw8fddh4m54l2j210w10wdkn.jpg
03-23 15:40,1954947787,姑娘你真俊-X,1,说的对，背后的领导你出来让大家认识认识,https://tvax2.sinaimg.cn/crop.7.0.626.626.180/748622cbly8fdruxwgkokj20hs0he0u1.jpg
03-23 15:34,6087977434,祈福村的老杜,0,<a href='https://m.weibo.cn/n/新京报'>@新京报</a> 良心报！?,https://tvax1.sinaimg.cn/crop.0.0.664.664.180/006E0x2qly8fe2kfosg18j30ig0ig75e.jpg
03-23 14:56,5325252256,轻轻问小窝,0,记者好胆量啊，我怕的是没有新闻自由的国家你就算查出来了也报不出来！,https://tva1.sinaimg.cn/crop.0.15.640.640.180/005Oodnqjw8f5bdqo7cpbj30hs0inq4c.jpg
03-23 14:37,2919429337,王彦生hm,0,必须深挖背景历量，腐败分子啊,https://tva2.sinaimg.cn/crop.0.0.996.996.180/ae02f4d9jw8fd5h4fgcb9j20ro0rodig.jpg
03-23 14:33,3135288792,,0,新华社也提出了同样的问题。,https://tva1.sinaimg.cn/crop.0.0.511.511.180/bae0b5d8jw8f4xdls4xwjj20e70e8mx7.jpg
03-23 14:19,3196545655,顾小星在行动,0,这些东西进场的时候不需要送检吗？在施工过程中的每一次送检报告都合格吗？施工现场没有监理吗？,https://tva2.sinaimg.cn/crop.0.0.180.180.180/be876a77jw1e8qgp5bmzyj2050050aa8.jpg
03-23 13:57,5809325760,简单虎妞,1,一追到底，灰尘漫扬……,https://tva3.sinaimg.cn/crop.0.7.1125.1125.180/006l9l0Ajw8fbkeqmh6j4j30v90voq5s.jpg
03-23 13:45,2198938002,河南新视界工作室,0,呵呵……,https://tva4.sinaimg.cn/crop.364.0.1053.1053.180/83112192jw8f2a0z7k50oj21d80wt49y.jpg
03-23 13:36,3608076852,王铭鑫WMX,0,"奥P公司，用洋人名号命名的公司？新京蟾进，追问，没有政府部门认真调查，行吗？<span class=""url-icon""><img src=""//h5.sinaimg.cn/m/emoticon/icon/default/d_yiwen-5ee3076b68.png"" style=""width:1em;height:1em;""></span>",https://tva1.sinaimg.cn/crop.0.0.498.498.180/d70ee234jw8f8rvulnsxmj20du0du74s.jpg
03-23 13:26,2678770783,空谷幽兰-ss,0,支持新京报，挖出背后的大老虎,https://tva1.sinaimg.cn/crop.0.0.180.180.180/9faacc5fjw1e8qgp5bmzyj2050050aa8.jpg
03-23 13:02,2078213453,我想上电视,0,这跟国家一点关系都没有,https://tva1.sinaimg.cn/crop.102.0.438.438.180/7bdf054djw8f2uv5i58nnj20fe0kijsa.jpg
03-23 12:53,3317354572,黄光中就是我,0,打虎英雄何在！求真相啊。,https://tva2.sinaimg.cn/crop.0.0.1080.1080.180/c5bad04cjw8eocc3h8au4j20u00u0n0q.jpg
03-23 12:42,5676225204,阿米吧吧霍,0,这种新闻下面还有人喷 喷的人是不是脑残 支持新京报?,https://tvax3.sinaimg.cn/crop.0.0.511.511.180/006c8Rtqly8fe1399b9jjj30e80e70tq.jpg
03-23 12:28,5937965278,弄死畜生,1,回复<a href='https://m.weibo.cn/n/师西瓜'>@师西瓜</a>:你是个官宦子弟，老子猜对了,https://tva3.sinaimg.cn/crop.0.0.664.664.180/006tR61wjw8f8aqvjqx9nj30ig0igmye.jpg
03-23 12:28,2729117253,弥尘Y,0,不止西安地铁有，成都地铁也有用。,https://tvax2.sinaimg.cn/crop.0.0.996.996.180/a2ab0645ly8fe2yzbmfltj20ro0rojtz.jpg
03-23 12:26,1849450717,中A1912,0,持续关注,https://tva1.sinaimg.cn/crop.0.0.1328.1328.180/6e3c60ddjw8fa0w9bh8vmj210w10wwfc.jpg
03-23 12:23,1978724520,梦里你叫我林先生,0,管你有没有资质，只要有背景就什么都ok啦！,https://tva4.sinaimg.cn/crop.0.0.438.438.180/75f0f0a8jw8f13av8m65kj20c60c6aah.jpg
03-23 12:22,1270900140,周青,1,想搞清楚谁举报的奥凯。。。。奥凯这么牛，能把奥凯掰倒，必须得更牛。。。。,https://tva1.sinaimg.cn/crop.0.0.180.180.180/4bc065acjw1e8qgp5bmzyj2050050aa8.jpg
03-23 12:09,5059883455,向着月亮去奔跑,1,老虎和苍蝇都不要放过！,https://tva2.sinaimg.cn/crop.0.0.640.640.180/005wqKPtjw8ew433ys5snj30hs0hsjsi.jpg
03-23 11:55,1738954082,大熊猫Tony,1,回复<a href='https://m.weibo.cn/n/momonv'>@momonv</a>:新京报就算了吧！  澎湃好点，但也只是好点,https://tvax2.sinaimg.cn/crop.0.0.750.750.180/67a65562ly8fe32oesozxj20ku0kut9m.jpg
03-23 11:53,2785259382,师西瓜,1,回复<a href='https://m.weibo.cn/n/弄死畜生'>@弄死畜生</a>:我理解你 毕竟生活得不好就是喜欢发泄,https://tva4.sinaimg.cn/crop.0.0.1328.1328.180/a603af76jw8f850c3mkn1j210w10wtc9.jpg
03-23 11:50,5937965278,弄死畜生,0,回复<a href='https://m.weibo.cn/n/师西瓜'>@师西瓜</a>:我看是你眼瞎吧,https://tva3.sinaimg.cn/crop.0.0.664.664.180/006tR61wjw8f8aqvjqx9nj30ig0igmye.jpg
03-23 11:37,2673392997,岁月如哥1999,0,相关官员们没拿好处，谁信。,https://tva2.sinaimg.cn/crop.10.88.455.455.180/9f58bd65jw8f5kdk4agpej20dc0hstbo.jpg
03-23 11:34,1841663383,图_图_胡,0,"我们的社会从来都不缺少这种半路出来的“黑马”，追责不会停止，但是追责到哪一步？事情真相的披露程度还是你们说了算<span class=""url-icon""><img src=""//h5.sinaimg.cn/m/emoticon/icon/others/d_doge-d903433c82.png"" style=""width:1em;height:1em;""></span>",https://tva3.sinaimg.cn/crop.0.0.996.996.180/6dc58d97jw8f9aluqzuvij20ro0ro40q.jpg
03-23 11:32,1787362427,来一碗炒粉,0,不就是姓赵吗,https://tva2.sinaimg.cn/crop.0.0.720.720.180/6a88fc7bjw8evo51mq3bhj20k00k0gmw.jpg
03-23 11:21,2607913453,乌尔奇奥拉SMDS怕鬼,0,"上面估计还存在侥幸心理啊，从套路学上讲王志伟应该自杀或者意外死亡的时候到了；从为人的尊严来讲，他要说的还应该很多很多！不过，这个王志伟是狗的可能性极大啊<span class=""url-icon""><img src=""//h5.sinaimg.cn/m/emoticon/icon/others/d_doge-d903433c82.png"" style=""width:1em;height:1em;""></span><span class=""url-icon""><img src=""//h5.sinaimg.cn/m/emoticon/icon/others/d_doge-d903433c82.png"" style=""width:1em;height:1em;""></span><span class=""url-icon""><img src=""//h5.sinaimg.cn/m/emoticon/icon/others/d_doge-d903433c82.png"" style=""width:1em;height:1em;""></span>",https://tva2.sinaimg.cn/crop.0.0.180.180.180/9b7199edjw1e8qgp5bmzyj2050050aa8.jpg
03-23 11:21,5090543281,七月娃娃_,1,回复<a href='https://m.weibo.cn/n/momonv'>@momonv</a>:西安还有一件巨额集资的事情没有曝光，14年到现在，居然没有一个媒体报道过，多少人家破人亡了，有的人一辈子血汗钱没了，有的人养老钱没了，二十几万受害，居然没有一点新闻报道,https://tvax4.sinaimg.cn/crop.0.0.750.750.180/005yvoQNly8fcxtajdd9uj30ku0ku3z3.jpg
03-23 10:58,3131468971,小石乙兽,0,你试试,https://tva1.sinaimg.cn/crop.0.1.510.510.180/baa66cabjw8em1v7bbni1j20e60e8wfi.jpg
03-23 10:47,5098029511,-爱魔宝贝-,0,说句真心话，当今社会如若不是网络舆情的压力，若不是那么几个敢于顶着多方政府高层压力却依然说真话报事实的媒体，就我们老百姓能怎样？还不是只要凑合能活着就睁一只眼闭一只眼得过且过,https://tva1.sinaimg.cn/crop.0.0.1536.1536.180/005z0Omrjw8f7bu5bjf1yj316o16oq7z.jpg
03-23 10:35,2785259382,师西瓜,0,回复<a href='https://m.weibo.cn/n/弄死畜生'>@弄死畜生</a>:不说新京报和澎湃新闻表达的观点 单就新闻的完整性 真实性就有问题 选择性瞎眼是他们这两个报社最喜欢干的事情,https://tva4.sinaimg.cn/crop.0.0.1328.1328.180/a603af76jw8f850c3mkn1j210w10wtc9.jpg
03-23 10:34,2734563095,津门进行时2734563095,1,回复<a href='https://m.weibo.cn/n/momonv'>@momonv</a>:说新京报造谣的，难道这件事也是造谣？,https://tva2.sinaimg.cn/crop.0.0.664.664.180/a2fe1f17jw8fbp3iacnblj20ig0iggmi.jpg
03-23 10:32,1825133963,吃迟痴赤持,0,这些大型公共项目招标基本都是做样子，几万亿投资基本都进了少数公司和个人腰包,https://tva4.sinaimg.cn/crop.0.0.180.180.180/6cc9558bjw1e8qgp5bmzyj2050050aa8.jpg
03-23 10:31,5937965278,弄死畜生,2,回复<a href='https://m.weibo.cn/n/师西瓜'>@师西瓜</a>:此人大概是个官宦子弟，否则不会这么恨说真话的媒体,https://tva3.sinaimg.cn/crop.0.0.664.664.180/006tR61wjw8f8aqvjqx9nj30ig0igmye.jpg
03-23 10:25,1881721574,微笑luobu,0,一人顶罪，最具有当今社会主义特色的现状,https://tvax3.sinaimg.cn/default/images/default_avatar_male_180.gif
03-23 10:22,6066374863,鸿蒙禅师,0,这件事的根本原因还是在于采购商低价中标的无良竞争怪圈，大多数情况下没人看你企业社会责任感、商业信誉等更重要但现在社会却不承认的东西。材料商这样做，有时候仅仅是为了无奈的生存。这件事的背后，有千万个工程类似问题存在，且不仅是电缆材料。在关乎国体的中国制造领域，是时候改变价值观了。,https://tva1.sinaimg.cn/crop.9.0.493.493.180/006CxTdRjw8fbvq896erij30e80dpmxj.jpg
03-23 10:21,3091254923,手机用户3091254923云沧海,0,一查到底,https://tva4.sinaimg.cn/crop.0.0.720.720.180/b840ce8bjw8ephzgy4darj20k00k0ab4.jpg
03-23 10:18,1865757121,秦星之火,0,估计奥凯是专为腐败而诞生的企业，也就是说要建地铁了，奥凯公司诞生了，这是一个多么庞大的腐败帝国……,https://tvax1.sinaimg.cn/crop.0.0.639.639.180/6f3531c1ly8fdy3jt2xw6j20hs0hrwf6.jpg
03-23 10:11,1652871937,大别山老土,1,这么多中字头捧臭脚，你就知道这力量有多大了。你知道力量有多大了，你也就知道搞不清了。,https://tva2.sinaimg.cn/crop.0.0.720.720.180/6284d301jw8elint6t5x0j20k00k0t9i.jpg
03-23 10:10,5876525816,竹甲,0,有党的地方就有腐败,https://tva4.sinaimg.cn/crop.54.86.388.388.180/006pHiOsjw8f2yjfm0x6bj30dw0dw3yk.jpg
03-23 10:06,1160943045,一把破吉他2017,0,老板怕了，下跪磕头道歉，不是怕处罚自己，是怕再挖下去，挖出背后的人。,https://tva2.sinaimg.cn/crop.414.177.163.163.180/453295c5jw1f35k4f76s6j20t10gbadh.jpg
03-23 09:49,5233830525,膏药何哥,0,水不浅,https://tva1.sinaimg.cn/crop.0.0.996.996.180/005IcCpnjw8fbumurpap9j30ro0ro41s.jpg
03-23 09:47,3190226754,不生非,0,朝廷是不会让你搅动这盆水的,https://tvax3.sinaimg.cn/crop.0.0.750.750.180/be26ff42ly8fdof58zrc6j20ku0kut9v.jpg
03-23 09:37,2181790995,侃侃大山ss,0,法人变更过了，查查到底是谁！ ,https://tva2.sinaimg.cn/crop.0.0.640.640.180/820b7d13jw8ecp3hbypmuj20hs0hsq3r.jpg
03-23 09:31,3288388253,散户加盟,0,"背后的力量就是金钱的力量，拜钱教是天下第一大教~<span class=""url-icon""><img src=""//h5.sinaimg.cn/m/emoticon/icon/default/d_wu-93aef02809.png"" style=""width:1em;height:1em;""></span><span class=""url-icon""><img src=""//h5.sinaimg.cn/m/emoticon/icon/default/d_hehe-4f9f713058.png"" style=""width:1em;height:1em;""></span><span class=""url-icon""><img src=""//h5.sinaimg.cn/m/emoticon/icon/default/d_xixi-ce63ce2629.png"" style=""width:1em;height:1em;""></span>",https://tva3.sinaimg.cn/crop.0.8.591.591.180/c400d29djw1eft4ufhz5pj20gf0gwgn7.jpg
03-23 09:31,1222879083,胖达JOJO熊,0,回复<a href='https://m.weibo.cn/n/JIANGHWAWEI'>@JIANGHWAWEI</a>:新京报的确是名利的奴才,https://tva3.sinaimg.cn/crop.0.0.180.180.180/48e3a76bjw1e8qgp5bmzyj2050050aa8.jpg
03-23 09:30,2142091030,秋天0220,0,平时不知道怎么压榨员工呢,https://tva4.sinaimg.cn/crop.0.0.480.480.180/7fadb716jw8eejiieqg52j20dc0dc74i.jpg
03-23 09:30,1245856784,丑娃娃哈哈1983,0,替罪羊应该已经准备好了,https://tva1.sinaimg.cn/crop.0.0.180.180.180/4a424410jw1e8qgp5bmzyj2050050aa8.jpg
03-23 09:28,3050706537,泪心飞扬,0,一定会不了了之,https://tvax2.sinaimg.cn/default/images/default_avatar_male_180.gif
03-23 09:20,3178623264,臻xmmm,1,当初反咬一口，是认为他的靠山能摆平一切；后来下跪道歉，是因为靠山摆不平了，让他全兜着。于是小弟生疏而青涩地开演痛心疾首的悔过大片，只可惜入戏不深演技太差，照着剧本念，居然把台词都念错了。,https://tvax2.sinaimg.cn/crop.0.12.488.488.180/bd75f120ly8fd25pbjqcej20dk0e8q3f.jpg
03-23 09:17,5848344793,w52244,0,终于见到肛门胸了,https://tvax3.sinaimg.cn/crop.0.0.750.750.180/006nN3DPly8fdwkj0dek4j30ku0ku0ub.jpg
03-23 09:15,2635651852,厦门国际快递专家,0,"<span class=""url-icon""><img src=""//h5.sinaimg.cn/m/emoticon/icon/default/d_xixi-ce63ce2629.png"" style=""width:1em;height:1em;""></span>",https://tva3.sinaimg.cn/crop.0.0.512.512.180/9d18db0cjw8evk8ijuceqj20e80e80ti.jpg
03-23 09:13,1712879252,又又818,0,背后的力量无非就是大人物一句话，然后管他有没有资质神马的，管他是不是公开招标的，他就可以中标,https://tva2.sinaimg.cn/crop.206.0.666.666.180/66187694jw8ew351kxp22j20xc0xc7c3.jpg
03-23 09:12,1860353964,鲍鲍官方微博,0,是条大鱼！,https://tva2.sinaimg.cn/crop.0.0.180.180.180/6ee2bfacjw1e8qgp5bmzyj2050050aa8.jpg
03-23 09:12,1751311495,勿吻瞳谭,0,真相只有一个，负责招标的是一个       临     时     工    ！！！ ,https://tva1.sinaimg.cn/crop.30.0.127.127.180/6862e487jw8enoapfos0wj205k05k744.jpg
03-23 09:10,2106501795,廿五不闹,0,封口费 封口费 封口费 封口费 封口费 封口费～～～大家最喜欢这个项目了哈！,https://tva1.sinaimg.cn/crop.0.554.1066.1066.180/7d8eaaa3jw8eupm9f0ao3j20u01hcgnt.jpg
03-23 09:08,1312494833,凌晨三点二十一,0,马克思说：如果有10％的利润，资本就保证到处被使用；有20％的利润，资本就活跃起来；有50％的利润，资本就铤而走险；为了100％的利润，资本就敢践踏一切人间法律；有300％的利润，资本就敢犯任何罪行，甚至冒绞首的危险。,https://tva1.sinaimg.cn/crop.0.0.180.180.180/4e3b14f1jw1e8qgp5bmzyj2050050aa8.jpg
03-23 09:01,2185726301,子非鱼救助小站,0,感觉是个替死鬼，我不相信一个管事的敢这样搞！,https://tva2.sinaimg.cn/crop.46.0.558.558.180/8247895djw8f9cs4cvb80j20hz0fi0ui.jpg
03-23 09:00,5842724782,笨也要好好活,0,不了了之,https://tva2.sinaimg.cn/crop.0.0.996.996.180/006nptCujw8f5x927qrk7j30ro0rpjtf.jpg
03-23 08:50,3171070995,随波朱流,0,呵呵 谁敢往上查呢   搞搞小虾米就得了,https://tva3.sinaimg.cn/crop.0.0.180.180.180/bd02b413jw1e8qgp5bmzyj2050050aa8.jpg
03-23 08:48,2321940537,胡小柒h,0,在继续挖党的根基就要动摇了,https://tva3.sinaimg.cn/crop.0.0.664.664.180/8a660039jw8f7z8w6au2lj20ig0igt9i.jpg
03-23 08:47,3843145253,飞翔352,0,回复<a href='https://m.weibo.cn/n/飞翔352'>@飞翔352</a>:到处修路都影响公交车运行了,https://tva2.sinaimg.cn/crop.0.0.480.480.180/e511be25jw8efw5coduzdj20dc0dcjrm.jpg
03-23 08:46,3843145253,飞翔352,0,太可恶了， 现在天天上班迟到,https://tva2.sinaimg.cn/crop.0.0.480.480.180/e511be25jw8efw5coduzdj20dc0dcjrm.jpg
03-23 08:38,5731606637,JIANGHWAWEI,1,回复<a href='https://m.weibo.cn/n/胖达JOJO熊'>@胖达JOJO熊</a>:不是sB，就是奴才，狗奴才。无人性的东西。,https://tvax4.sinaimg.cn/crop.0.0.996.996.180/006fTeIlly8fe742do0nwj30ro0rowhn.jpg
03-23 08:36,1842876850,冷风过境之殇,0,背后有鬼,https://tva1.sinaimg.cn/crop.0.0.480.480.180/6dd811b2jw8edlkhf2xp3j20dc0dct9k.jpg
03-23 08:33,5488176179,秋尾九日,4,这种招标模式在国企单位太普遍了！领导关系户最后没中标，就以各种理由取消结果，again。。。直到领导满意！别问我是怎么知道的。。。,https://tva2.sinaimg.cn/crop.0.0.1342.1342.180/005ZpPkDjw8fdgl0skpidj311a11aq7j.jpg
03-23 08:32,3218747262,Zhang-jun,1,大家可能猜的差不多，但是都想确认下，到底怎么忽悠我们,https://tvax3.sinaimg.cn/crop.0.0.1328.1328.180/bfda2f7ely8fff11q3lgfj210w10w7dt.jpg
03-23 08:32,2654867090,义乌博客站长,0,活该 惺惺作态 还下跪,https://tvax4.sinaimg.cn/crop.0.0.749.749.180/9e3e0e92ly8fe55yugcfvj20ku0ktaay.jpg
03-23 08:30,2144640223,manking2011,1,我觉得首要任务是把全国所有公共工程全部进行复查，看看有没有合格的。,https://tva4.sinaimg.cn/crop.0.22.1125.1125.180/7fd49cdfjw8f6ekds5msgj20v90whdk5.jpg
03-23 08:30,5092653292,钱势金生v,1,回复<a href='https://m.weibo.cn/n/我姓刘不叫德华'>@我姓刘不叫德华</a>:说得有理，跟人家，还关注人家。这不是犯贱吗,https://tva1.sinaimg.cn/crop.0.0.996.996.180/005yEfLejw8f2e2ae10msj30ro0rpjt7.jpg
03-23 08:29,5926073718,琉璃耳环2016,0,"回复<a href='https://m.weibo.cn/n/赵泽妈'>@赵泽妈</a>:连地铁公司  还在鞠躬呢～<span class=""url-icon""><img src=""//h5.sinaimg.cn/m/emoticon/icon/default/d_yinxian-b3257f06bb.png"" style=""width:1em;height:1em;""></span>",https://tva1.sinaimg.cn/crop.0.1.1125.1125.180/006t3cuajw8f49xk3v39vj30v90vcdhe.jpg
03-23 08:28,1773837174,郑淑荣,1,再追问就跳楼了，新京报这是要逼死人！,https://tva4.sinaimg.cn/crop.0.0.180.180.180/69ba9b76jw1e8qgp5bmzyj2050050aa8.jpg
03-23 08:27,5747390713,扬城小警008,0,"首先应该搞清楚<a href='https://m.weibo.cn/n/新京报'>@新京报</a> 背后的力量！！要不我们的质问不该停止！！！！<span class=""url-icon""><img src=""//h5.sinaimg.cn/m/emoticon/icon/others/o_lazhu-3725445c33.png"" style=""width:1em;height:1em;""></span><span class=""url-icon""><img src=""//h5.sinaimg.cn/m/emoticon/icon/others/o_lazhu-3725445c33.png"" style=""width:1em;height:1em;""></span><span class=""url-icon""><img src=""//h5.sinaimg.cn/m/emoticon/icon/others/o_lazhu-3725445c33.png"" style=""width:1em;height:1em;""></span><span class=""url-icon""><img src=""//h5.sinaimg.cn/m/emoticon/icon/others/o_lazhu-3725445c33.png"" style=""width:1em;height:1em;""></span>送给小编<span class=""url-icon""><img src=""//h5.sinaimg.cn/m/emoticon/icon/others/h_ruo-4d7ee42fd0.png"" style=""width:1em;height:1em;""></span>",https://tva1.sinaimg.cn/crop.0.0.512.512.180/006gXsSdjw8f7uhrk8311j30e80e8t9t.jpg
03-23 08:22,5403591818,淡然一笑94438,0,这都搞不清楚？警察是维稳专用？,https://tva2.sinaimg.cn/crop.0.0.100.100.180/005TGV4Kjw8enuaxt5g61j302s02st8i.jpg
03-23 08:21,2239105095,好梦必多多,0,中央不插手，这事查清楚难,https://tva2.sinaimg.cn/crop.0.0.640.640.180/85760847jw1ert5k8p18fj20hs0hst96.jpg
03-23 08:19,2683117843,刘四那天,0,"南方系后，唯新京报<span class=""url-icon""><img src=""//h5.sinaimg.cn/m/emoticon/icon/others/h_good-55854d01bb.png"" style=""width:1em;height:1em;""></span>",https://tva3.sinaimg.cn/crop.0.0.512.512.180/9fed2113jw8ewwxfmxa4mj20e80e8jrz.jpg
03-23 08:14,1400773424,人在天津卫,0,剑指哪位大佬？貌似中字头企业也用的哦，纷纷忙着撇清关系……又要出“大老虎”了……,https://tva1.sinaimg.cn/crop.0.0.180.180.180/537e1b30jw1e8qgp5bmzyj2050050aa8.jpg
03-23 08:14,1728506632,幽兰居士乙,0,查清楚！！！,https://tvax2.sinaimg.cn/crop.0.0.664.664.180/6706eb08ly8fechq214j0j20ig0iggmn.jpg
03-23 08:13,2528033137,筝_,0,用人民的生命在开玩笑，有没有一点道德良心，难道自己的亲戚朋友都不坐嘛,https://tva3.sinaimg.cn/crop.0.13.1242.1242.180/96aeb971jw8f9tsu0k8e4j20yi0z8gpb.jpg
03-23 08:10,2403521681,晨晨__yiwang曾经,1,招标的时候一般都是要求供应商资质在三年以上才有资格投标，而且还要求投标人提供业绩，他能中标太不合理了,https://tva2.sinaimg.cn/crop.3.0.196.196.180/8f42d491jw1elbo7gctl6j205k05kdfo.jpg
03-23 08:01,3494809231,哟哈哟哈1382406211,1,回复<a href='https://m.weibo.cn/n/奇葩研究院校长'>@奇葩研究院校长</a>:先应查甲方，用什么品牌必须要甲方同意的！,https://tva3.sinaimg.cn/crop.0.0.180.180.180/d04e8e8fjw1e8qgp5bmzyj2050050aa8.jpg
03-23 08:00,3297624830,撇脚狐狸,0,得饶人处且饶人。,https://tva4.sinaimg.cn/crop.0.0.480.480.180/c48dc2fejw8ekp2csfmp2j20dc0dcq3z.jpg
03-23 07:58,1659858180,nono399,0,回复<a href='https://m.weibo.cn/n/呐喊_2017'>@呐喊_2017</a>:明知里面有猫腻，这种事情还很多。,https://tva2.sinaimg.cn/crop.0.0.749.749.180/62ef6d04jw8exwbfdlu41j20ku0ktq43.jpg
03-23 07:55,2412577277,清扬1988937,0,"不止是电缆吧<span class=""url-icon""><img src=""//h5.sinaimg.cn/m/emoticon/icon/default/d_wabishi-f5765407f7.png"" style=""width:1em;height:1em;""></span>",https://tva1.sinaimg.cn/crop.0.0.180.180.180/8fcd01fdjw1e8qgp5bmzyj2050050aa8.jpg
03-23 07:53,1618158875,hoho126,0,公开的秘密?,https://tva1.sinaimg.cn/crop.55.45.465.465.180/6073251bjw1farl8fnl6sj20fi0fhq87.jpg
03-23 07:43,1353094932,000从前的我000,0,你懂的,https://tva4.sinaimg.cn/crop.0.0.1002.1002.180/50a69714jw8f16n4u560ij20ru0ru42z.jpg
03-23 07:40,1705460983,伺农,0,不搞清楚心惊报背后的力量，追问就不该停止,https://tvax4.sinaimg.cn/default/images/default_avatar_male_180.gif
03-23 07:31,5457809240,茗品呀茗品,0,回复<a href='https://m.weibo.cn/n/一根芦苇2016'>@一根芦苇2016</a>:是呀，谁还记得。亲戚或余悲，他人亦已歌,https://tva1.sinaimg.cn/crop.0.0.100.100.180/005Xmpvijw8eq4331zcafj302s02st8k.jpg
03-23 07:30,1784634772,玩转大济南,0,转发微博,https://tva3.sinaimg.cn/crop.714.0.272.272.180/6a5f5d94jw1f4vpbl78spj20sg0gkdm7.jpg
03-23 07:29,6085567277,一根芦苇2016,3,7.23温州动车事故，有谁还记得？,https://tva4.sinaimg.cn/crop.0.0.664.664.180/006DQq2Vjw8fanpp44wnpj30ig0igab2.jpg
03-23 07:21,1937890790,生活晴天见,2,你说追问就追问啊，老子都已经跪过了还想咋滴,https://tva1.sinaimg.cn/crop.0.0.511.511.180/7381dde6jw8faf2j734bnj20e70e874x.jpg
03-23 07:20,5850500940,STudEPy,0,涉及政治博弈,https://tva4.sinaimg.cn/crop.0.0.1080.1080.180/006nW6yojw8f6holmjy1mj30u00u0n03.jpg
03-23 07:16,5603155432,周昱201505,0,追查是要追查，温柔点，否则要死一堆人！年纪大了，看不得打打杀杀！,https://tva4.sinaimg.cn/crop.0.0.168.168.180/0067cgGIjw8ervqb10na5j304o04ojr8.jpg
03-23 07:15,2554802772,新哥施瓦,0,"这不是难为领导么<span class=""url-icon""><img src=""//h5.sinaimg.cn/m/emoticon/icon/others/d_erha-0d2bea3a7d.png"" style=""width:1em;height:1em;""></span><span class=""url-icon""><img src=""//h5.sinaimg.cn/m/emoticon/icon/others/d_erha-0d2bea3a7d.png"" style=""width:1em;height:1em;""></span><span class=""url-icon""><img src=""//h5.sinaimg.cn/m/emoticon/icon/others/d_erha-0d2bea3a7d.png"" style=""width:1em;height:1em;""></span>",https://tva4.sinaimg.cn/crop.0.0.180.180.180/98473254jw1e8qgp5bmzyj2050050aa8.jpg
03-23 07:03,2659490415,安大小丸子,1,有时候舆论的力量不可小觑，终于压不住了，追责要追到背后的关系人才能服众啊,https://tva1.sinaimg.cn/crop.0.0.511.511.180/9e849a6fjw8fbeb3ygtrlj20e80e7mxc.jpg
03-23 06:50,1258807734,o雅堂主,2,回复<a href='https://m.weibo.cn/n/momonv'>@momonv</a>:别有用心你大爷，你丫用苹果手机不是给美帝捐子弹么？你丫什么居心？,https://tva2.sinaimg.cn/crop.0.0.996.996.180/4b07e1b6jw8fahcknv084j20ro0rptb2.jpg
03-23 06:43,5228524809,SPQR--ROME,0,Repost,https://tva1.sinaimg.cn/crop.490.0.711.711.180/005HQm9jjw8er3lr8apttj30zk0qodoy.jpg
03-23 06:40,2740337242,__西瓜菇凉n,1,这件事肯定没有这么简单,https://tvax1.sinaimg.cn/crop.0.0.1242.1242.180/a3563a5aly8ffbzq7ih3ij20yi0yi41i.jpg
03-23 06:36,2619054537,达膜老范,0,昭然若揭却永远也揭不开。,https://tva4.sinaimg.cn/crop.220.28.189.189.180/9c1b99c9jw1ea8myomz2nj20c807nmy4.jpg
03-23 06:36,1654535875,山清水-秀,0,转发微博,https://tva1.sinaimg.cn/crop.0.0.1328.1328.180/629e36c3jw8f92i1kzw04j210w10wgx0.jpg
03-23 06:26,5889913152,小清新末班车09,0,百姓不比从前了，不那么容易被糊弄了。,https://tvax1.sinaimg.cn/default/images/default_avatar_male_180.gif
03-23 06:22,5659418887,大裤仍然扯着裆,0,新京报要搞事？,https://tva1.sinaimg.cn/crop.0.6.768.768.180/006b0lnNjw8fc7bwzos9gj30lc0lpt9v.jpg
03-23 06:05,3193195874,孟素华,0,"<span class=""url-icon""><img src=""//h5.sinaimg.cn/m/emoticon/icon/others/h_good-55854d01bb.png"" style=""width:1em;height:1em;""></span>",https://tva4.sinaimg.cn/crop.191.0.283.283.180/be544d62jw8ew0txmanhmj20ii07v0tc.jpg
03-23 05:38,1747297902,呐喊_2017,0,<a href='https://m.weibo.cn/n/nono399'>@nono399</a>,https://tva1.sinaimg.cn/crop.0.0.640.640.180/6825a66ejw8f2ao0qdeo0j20hs0hsgmr.jpg
03-23 04:30,5552183650,雏Mgirl,0,就该整整这贪污腐败的风气。还应该建议查查那些贪污腐败的建筑行业，拖欠农民工工资多少年都理直气壮的不还～,https://tva4.sinaimg.cn/crop.0.0.748.748.180/0063KoBcjw8fajsktlnrcj30ks0ksaat.jpg
03-23 02:58,3479035320,瑞瑞爱吹风,0,垃圾玩意,https://tva4.sinaimg.cn/crop.0.0.1242.1242.180/cf5dddb8jw8fabngwjxooj20yi0yi47i.jpg
03-23 02:46,5116679369,CFAdarren,0,"党国<span class=""url-icon""><img src=""//h5.sinaimg.cn/m/emoticon/icon/default/d_haha-bdd6ceb619.png"" style=""width:1em;height:1em;""></span>",https://tva2.sinaimg.cn/crop.0.0.996.996.180/005Ah42Bjw8f90ac9pg9cj30ro0rpmyb.jpg
03-23 02:23,5769047512,邓大平dengdaping,1,"做地铁的都是平民百姓 这真是那穷人生命当儿戏<span class=""url-icon""><img src=""//h5.sinaimg.cn/m/emoticon/icon/default/d_zhuakuang-c8e8ba42eb.png"" style=""width:1em;height:1em;""></span>",https://tva2.sinaimg.cn/crop.0.0.1242.1242.180/006iqkNqjw8eyn46820ljj30yi0yin0i.jpg
03-23 02:12,5156368622,说闹觉余妮,0,"查不起<span class=""url-icon""><img src=""//h5.sinaimg.cn/m/emoticon/icon/default/d_wabishi-f5765407f7.png"" style=""width:1em;height:1em;""></span>",https://tva3.sinaimg.cn/crop.0.0.1420.1420.180/005CXB1Qjw8f2eydhxr71j313g13g41e.jpg
03-23 02:06,1784842967,哎呦喂呀哟嘿,1,让他下跪的不是他的良心，而是他背后的权力,https://tva3.sinaimg.cn/crop.0.0.996.996.180/6a628ad7jw8f6gbbov3rjj20ro0rpjvj.jpg
03-23 01:51,5766795748,我思故我在唯物,0,当然是市委书记，市长了，你去查吧！不谢，我是雷锋！,https://tva1.sinaimg.cn/crop.0.13.1242.1242.180/006igT0Ejw8fceyiazcw1j30yi0z842l.jpg
03-23 01:48,2628769943,奇葩研究院校长,0,回复<a href='https://m.weibo.cn/n/奇葩研究院校长'>@奇葩研究院校长</a>:由里到外的查,https://tva2.sinaimg.cn/crop.0.0.664.664.180/9cafd897jw8fca0b495psj20ig0ig76n.jpg
03-23 01:47,2628769943,奇葩研究院校长,2,顺序反了，先查质监局和监理公司，供应商最后查。,https://tva2.sinaimg.cn/crop.0.0.664.664.180/9cafd897jw8fca0b495psj20ig0ig76n.jpg
03-23 01:46,2348064637,Carrie98834,0,先把前几天那个副市长的头砍了！,https://tva2.sinaimg.cn/crop.0.0.180.180.180/8bf49f7djw1e8qgp5bmzyj2050050aa8.jpg
03-23 01:45,5255889706,成辉餐饮品牌研究,0,应该搞清背后的官员。,https://tvax4.sinaimg.cn/crop.87.172.1843.1843.180/005JHb0Cly1fcjtkws3ixj31kw2dcty9.jpg
03-23 01:42,2348064637,Carrie98834,0,不查出个当值大老虎都对不起观众！,https://tva2.sinaimg.cn/crop.0.0.180.180.180/8bf49f7djw1e8qgp5bmzyj2050050aa8.jpg
03-23 01:32,2822104704,猫胡子003,0,转发微博,https://tva4.sinaimg.cn/crop.0.0.996.996.180/a835e680jw8f6feedlgfoj20ro0rojvl.jpg
03-23 01:32,2145570410,玉风乱弹,1,"挖出与之勾肩搭背的狗官才是主要目的！！！<span class=""url-icon""><img src=""//h5.sinaimg.cn/m/emoticon/icon/others/o_weiguan-440ebe5b66.png"" style=""width:1em;height:1em;""></span><span class=""url-icon""><img src=""//h5.sinaimg.cn/m/emoticon/icon/others/o_weiguan-440ebe5b66.png"" style=""width:1em;height:1em;""></span><span class=""url-icon""><img src=""//h5.sinaimg.cn/m/emoticon/icon/others/o_weiguan-440ebe5b66.png"" style=""width:1em;height:1em;""></span>",https://tva4.sinaimg.cn/crop.0.0.100.100.180/7fe2ce6ajw8ekefp7e95nj202s02sq2r.jpg
03-23 01:28,1826164702,T尊元,1,後面是什N大家都知道，什N{查幔,https://tva2.sinaimg.cn/crop.0.0.996.996.180/6cd90fdejw8fbwr9xe6e9j20ro0rp403.jpg
03-23 01:07,3346978922,-yoeding,0,说的不错,https://tvax1.sinaimg.cn/crop.0.7.497.497.180/c77ed86aly8ff00gl7th6j20dt0e8weu.jpg
03-23 01:00,1569704834,聿慌仑,0,"回复<a href='https://m.weibo.cn/n/种花家里没种花'>@种花家里没种花</a>:后来就该杀该剐咯<span class=""url-icon""><img src=""//h5.sinaimg.cn/m/emoticon/icon/default/d_xiaoku-7430606cb7.png"" style=""width:1em;height:1em;""></span><span class=""url-icon""><img src=""//h5.sinaimg.cn/m/emoticon/icon/default/d_xiaoku-7430606cb7.png"" style=""width:1em;height:1em;""></span>",https://tva3.sinaimg.cn/crop.0.15.750.750.180/5d8fcb82jw8faf98zdsexj20ku0lpaax.jpg
03-23 01:00,2359197833,夜幕踏星,0,这么恶劣的事件不给人民个交代吗？,https://tvax2.sinaimg.cn/crop.10.0.730.730.180/8c9e8089ly8ffla341keqj20ku0kawfx.jpg
03-23 00:59,2186868711,铁手的乖乖-Pepe,0,追查到底！,https://tva2.sinaimg.cn/crop.0.0.750.750.180/8258f7e7jw8f0csj1iwhwj20ku0kugnf.jpg
03-23 00:49,1231439985,七月流,1,回复<a href='https://m.weibo.cn/n/能不能快乐的玩耍啊'>@能不能快乐的玩耍啊</a>:武汉的也拿了几个项目了,https://tvax1.sinaimg.cn/crop.0.0.512.512.180/49664871ly8ff5uvtpzk2j20e80e83z8.jpg
03-23 00:46,1662543502,_Lilylis,0,"下跪博什么同情<span class=""url-icon""><img src=""//h5.sinaimg.cn/m/emoticon/icon/default/d_nu-3895b46600.png"" style=""width:1em;height:1em;""></span>滚粗枪毙都是活该，杀一儆百！不拿群众的性命当回事儿。<span class=""url-icon""><img src=""//h5.sinaimg.cn/m/emoticon/icon/default/d_bishi-c1f9abcd15.png"" style=""width:1em;height:1em;""></span><span class=""url-icon""><img src=""//h5.sinaimg.cn/m/emoticon/icon/default/d_bishi-c1f9abcd15.png"" style=""width:1em;height:1em;""></span>",https://tva3.sinaimg.cn/crop.0.0.996.996.180/6318668ejw8f2yor6a1i4j20ro0rpwga.jpg
03-23 00:43,1905181203,衍吹墓旒,0,回复<a href='https://m.weibo.cn/n/理性的理性3'>@理性的理性3</a>:查水表,https://tva1.sinaimg.cn/crop.0.0.180.180.180/718ec213jw1e8qgp5bmzyj2050050aa8.jpg
03-23 00:39,5034549223,静思T七彩云,0,人心不足，蛇吞象。,https://tva1.sinaimg.cn/crop.0.1.1200.1200.180/005uIsePjw8edlk0xlf4kj30xc0xegpv.jpg
03-23 00:38,2613820123,碧辉小二郎,1,那位发文举报的大兄弟还好吗？能不能更新一下他的动态。。,https://tva2.sinaimg.cn/crop.0.80.863.863.180/9bcbbadbjw8e9xinaqpfrj20nz0sgaci.jpg
03-23 00:27,1733840143,懒惰熊天天不想起床,0,<a href='https://m.weibo.cn/n/MoneyBaby酱'>@MoneyBaby酱</a>,https://tva4.sinaimg.cn/crop.0.0.750.750.180/67584d0fjw8f3m2uvp4kmj20ku0kvmyj.jpg
03-23 00:26,1084905243,Hugh_zhouyeh,0,老虎苍蝇一起打,https://tva2.sinaimg.cn/crop.0.0.996.996.180/40aa571bjw8fc8mchv8ukj20ro0rojua.jpg
03-23 00:18,1944623671,来未向奔,0,中铁是大客户,https://tva1.sinaimg.cn/crop.0.0.180.180.180/73e89a37jw1e8qgp5bmzyj2050050aa8.jpg
03-23 00:17,3813994375,欢乐大饼脸,1,回复<a href='https://m.weibo.cn/n/zhansir看财经'>@zhansir看财经</a>:他还吃不了这么多...只能说内部管理混乱，他有失职,https://tva4.sinaimg.cn/crop.0.0.996.996.180/e354ef87jw8fahazw93p5j20ro0roq4f.jpg
03-23 00:15,5685718089,与你漫步于世界之下,0,建议国企以及流水上千万上亿的集团，最好彻查。这背后的势力一定很厉害。否则宣扬了几天都没有查出来个什么有价值的信息。背后的“神秘人”看来网络关系挺强大。,https://tva2.sinaimg.cn/crop.0.0.664.664.180/006cMH0tjw8f6cygtpbhzj30ig0igq3z.jpg
03-23 00:13,5457809240,茗品呀茗品,0,像追责纳粹一样追查下去，不能由三聚氰胺的处理结果再现了,https://tva1.sinaimg.cn/crop.0.0.100.100.180/005Xmpvijw8eq4331zcafj302s02st8k.jpg
03-23 00:11,5685718089,与你漫步于世界之下,2,回复<a href='https://m.weibo.cn/n/能不能快乐的玩耍啊'>@能不能快乐的玩耍啊</a>:河南貌似也准备查,https://tva2.sinaimg.cn/crop.0.0.664.664.180/006cMH0tjw8f6cygtpbhzj30ig0igq3z.jpg
03-23 00:07,3709807937,热爱生活的马泽强,0,为良心和勇气鼓掌,https://tva1.sinaimg.cn/crop.0.0.640.640.180/dd1f2d41jw8eziqe1dyilj20hs0hsmy0.jpg
03-23 00:04,1778640191,流浪男人2,0,能量不是一般的小,https://tva4.sinaimg.cn/crop.0.0.180.180.180/6a03e53fjw1e8qgp5bmzyj2050050aa8.jpg
03-22 23:50,1288763721,明哲MingGel,0,一滩绝望的死水,https://tva1.sinaimg.cn/crop.0.0.1080.1080.180/4cd0f949jw8enl45e9n0ij20u00u0gvy.jpg
03-22 23:50,2695157895,牧狼一世,2,人无自由，国家即监狱，民无选票，政府即强盗；国无宪政，百姓皆奴隶。一个社会，当警察失去了正义，士兵失去了勇气，法官失去了公平，记者失去了真实，学 者失去了良知，律师失去了辩护权，医生失去了良心，教师失去了灵魂；抑或是良知被关进监狱；那么，这个社会就成了地地道道的人间地狱！,https://tva1.sinaimg.cn/crop.0.0.1328.1328.180/a0a4d887jw8eycga6a8idj210w10w775.jpg
03-22 23:44,2090715514,灬剑神一笑灬,0,两会一结束，某组织就给全国人民带来了好东西。,https://tva3.sinaimg.cn/crop.0.0.180.180.180/7c9dc97ajw1e8qgp5bmzyj2050050aa8.jpg
03-22 23:39,1960014203,拯救贝比,0,"<span class=""url-icon""><img src=""//h5.sinaimg.cn/m/emoticon/icon/others/o_huatong-9f86617336.png"" style=""width:1em;height:1em;""></span>",https://tva4.sinaimg.cn/crop.0.0.180.180.180/74d3717bjw1e8qgp5bmzyj2050050aa8.jpg
03-23 00:04,1778640191,流浪男人2,0,能量不是一般的小,https://tva4.sinaimg.cn/crop.0.0.180.180.180/6a03e53fjw1e8qgp5bmzyj2050050aa8.jpg
03-22 23:50,1288763721,明哲MingGel,0,一滩绝望的死水,https://tva1.sinaimg.cn/crop.0.0.1080.1080.180/4cd0f949jw8enl45e9n0ij20u00u0gvy.jpg
03-22 23:50,2695157895,牧狼一世,2,人无自由，国家即监狱，民无选票，政府即强盗；国无宪政，百姓皆奴隶。一个社会，当警察失去了正义，士兵失去了勇气，法官失去了公平，记者失去了真实，学 者失去了良知，律师失去了辩护权，医生失去了良心，教师失去了灵魂；抑或是良知被关进监狱；那么，这个社会就成了地地道道的人间地狱！,https://tva1.sinaimg.cn/crop.0.0.1328.1328.180/a0a4d887jw8eycga6a8idj210w10w775.jpg
03-22 23:44,2090715514,灬剑神一笑灬,0,两会一结束，某组织就给全国人民带来了好东西。,https://tva3.sinaimg.cn/crop.0.0.180.180.180/7c9dc97ajw1e8qgp5bmzyj2050050aa8.jpg
03-22 23:39,1960014203,拯救贝比,0,"<span class=""url-icon""><img src=""//h5.sinaimg.cn/m/emoticon/icon/others/o_huatong-9f86617336.png"" style=""width:1em;height:1em;""></span>",https://tva4.sinaimg.cn/crop.0.0.180.180.180/74d3717bjw1e8qgp5bmzyj2050050aa8.jpg
03-22 23:36,3947299316,_坤zzzk,0,"<span class=""url-icon""><img src=""//h5.sinaimg.cn/m/emoticon/icon/others/h_good-55854d01bb.png"" style=""width:1em;height:1em;""></span>",https://tva3.sinaimg.cn/crop.0.0.512.512.180/eb4701f4jw8f7fkz6ssfhj20e80e8glz.jpg
03-22 23:34,5890963738,相信着付出着,0,Repost,https://tvax3.sinaimg.cn/crop.0.0.996.996.180/006qFSMaly8ffoe805ghej30ro0rp406.jpg
03-22 23:28,5775082148,普F石,2,应该还是能拉下两个的,https://tva1.sinaimg.cn/crop.0.0.1002.1002.180/006iPEGgjw8f8zvw7k8p9j30ru0ru40w.jpg
03-22 23:27,5602896198,KASUMI君,0,新京报要是靠你的后台去找背后的人，你公司明天不倒闭算我输,https://tva3.sinaimg.cn/crop.0.0.996.996.180/0067bbfwjw8ezb1i3li84j30ro0rp411.jpg
03-22 23:24,1975306962,温小良,2,"回复<a href='https://m.weibo.cn/n/聿慌仑'>@聿慌仑</a>:轮子虽然是煽动反党的一群垃圾，不过在某些方面特别是贪官，他们的消息准确率的确有点高的<span class=""url-icon""><img src=""//h5.sinaimg.cn/m/emoticon/icon/default/d_sikao-7f3b022e72.png"" style=""width:1em;height:1em;""></span>比国内报道会早几天<span class=""url-icon""><img src=""//h5.sinaimg.cn/m/emoticon/icon/default/d_xu-4d53192efb.png"" style=""width:1em;height:1em;""></span>",https://tva2.sinaimg.cn/crop.23.264.355.355.180/75bccad2jw8f2q8d8p0b7j20hs0hs74f.jpg
03-22 23:23,5880292523,爱吃宵夜的小铭,0,个人感觉不止电缆这一项！这几年高铁飞速发展，所以可能很多人盯上这个大蛋糕，这里面有多少腐败谁也不知道！所以这事就算了吧！万一查什么大问题，对经济发展影响不好！,https://tva2.sinaimg.cn/crop.401.40.768.768.180/006pX6HNgw1f1vh5rmpn8j30zk0nowk0.jpg
03-22 23:21,3478788482,低调Miao壮,0,肯定是个大老虎,https://tva2.sinaimg.cn/crop.0.0.1080.1080.180/cf5a1982jw8evu7yhedvmj20u00u0wfn.jpg
03-22 23:15,1644849010,又见胡子兄,1,搞清楚利益输送的渠道和过程，不愁找不到源头。,https://tva4.sinaimg.cn/crop.0.0.180.180.180/620a6772jw1e8qgp5bmzyj2050050aa8.jpg
03-22 23:08,5146860021,沧海1200,1,估计是分账不均闹出来的，我等草民也就瞎起哄看个热闹，这其中的关系利益错综复杂，查清楚了又怎样，还有后来人.....,https://tva1.sinaimg.cn/crop.0.0.180.180.180/005CjHpjjw8egkdhq6bjaj30500500so.jpg
03-22 23:06,2403024001,Tracy-黄河文,0,地铁这样的工程居然敢用劣质电缆，每天那么多人坐地铁，出事后果可想而知！！,https://tva4.sinaimg.cn/crop.0.0.180.180.180/8f3b3c81jw1e8qgp5bmzyj2050050aa8.jpg
03-22 23:05,2627283515,鲲鹏乐悠悠,0,其实，大家都知道，这个公司就是某些权贵的白手套！只是不知道大家有没有能量把他挖出来！,https://tva4.sinaimg.cn/crop.0.233.1137.1137.180/9c992a3bjw8eo907v6eu4j21kw16o1kx.jpg
03-22 23:01,2152955352,宇宙自然流,0,背后的力量动得了吗 最后多半是不了了之 呵呵哒,https://tva1.sinaimg.cn/crop.0.0.720.720.180/80537dd8jw8emds3flv91j20k00k03zr.jpg
03-22 23:00,2492355251,瘦马驮卷天一涯,1,"在招投标的世界里，永远没有独立第三方<span class=""url-icon""><img src=""//h5.sinaimg.cn/m/emoticon/icon/default/d_hehe-4f9f713058.png"" style=""width:1em;height:1em;""></span>",https://tva4.sinaimg.cn/crop.0.0.1006.1006.180/948e52b3jw8f9jo869xy0j20ry0rywfx.jpg
03-22 22:55,5146925597,renzhe_37349,0,追下去，查他幕后为他撑腰的官员，严办责任人和涉事领导，为人民还一个公道,https://tva4.sinaimg.cn/crop.0.0.1480.1480.180/005CjYsZjw8f8d0hpgz3dj3154154ah1.jpg
03-22 22:50,2281291241,家语佳音,0,千万别跳楼啊，大的在后头呢,https://tva2.sinaimg.cn/crop.0.0.180.180.180/87f9bde9jw1e8qgp5bmzyj2050050aa8.jpg
03-22 22:49,2191440693,TanFeng__,1,看看周永康的利益网，这些实在是正常的不能再正常了,https://tva2.sinaimg.cn/crop.0.0.512.512.180/829ebb35jw8epa98xk8b1j20e80e8gmc.jpg
03-22 22:49,1535904815,百合炖黄小米,0,后台不够硬就不要硬来,https://tva2.sinaimg.cn/crop.0.0.180.180.180/5b8c0c2fjw1e8qgp5bmzyj2050050aa8.jpg
03-22 22:45,2252507505,DQLXYSH,0,"<span class=""url-icon""><img src=""//h5.sinaimg.cn/m/emoticon/icon/others/h_good-55854d01bb.png"" style=""width:1em;height:1em;""></span><span class=""url-icon""><img src=""//h5.sinaimg.cn/m/emoticon/icon/others/h_zan-6e88e6f51d.png"" style=""width:1em;height:1em;""></span>",https://tvax4.sinaimg.cn/crop.0.0.1080.1080.180/86428971ly8fdtt7fppy0j20u00u0q88.jpg
03-22 22:43,5763089262,子非鱼小姐_1991,1,"能和中字挂上的，还查什么怎么查都没有结果的。大不了又有明正言顺顶包的，我朝威武<span class=""url-icon""><img src=""//h5.sinaimg.cn/m/emoticon/icon/default/d_xiaoku-7430606cb7.png"" style=""width:1em;height:1em;""></span><span class=""url-icon""><img src=""//h5.sinaimg.cn/m/emoticon/icon/default/d_xiaoku-7430606cb7.png"" style=""width:1em;height:1em;""></span><span class=""url-icon""><img src=""//h5.sinaimg.cn/m/emoticon/icon/default/d_xiaoku-7430606cb7.png"" style=""width:1em;height:1em;""></span><span class=""url-icon""><img src=""//h5.sinaimg.cn/m/emoticon/icon/default/d_xiaoku-7430606cb7.png"" style=""width:1em;height:1em;""></span>",https://tva1.sinaimg.cn/crop.0.0.511.511.180/006i1kMCjw8ey4ayg5v5nj30e70e874z.jpg
03-22 22:43,5605334353,过河北行,1,背景很深，往大了说我们不追究迟早有一天会死在这上面！！！！！,https://tvax2.sinaimg.cn/default/images/default_avatar_male_180.gif
03-22 22:41,1075092354,五线四弦,0,这家公司只是个影子公司，,https://tva3.sinaimg.cn/crop.0.0.180.180.180/40149b82jw1e8qgp5bmzyj2050050aa8.jpg
03-22 22:38,1891109424,不会吸血的公蚊子,1,为新京报点赞 敢说话,https://tvax2.sinaimg.cn/crop.0.5.1242.1242.180/70b80a30ly8fdrgz66su1j20yi0ytacr.jpg
03-22 22:38,1190477433,觉醒的晚了,0,拭目以待,https://tva1.sinaimg.cn/crop.0.15.641.641.180/46f53e79jw8f92b6k70y4j20ht0in3zj.jpg
03-22 22:37,2884174252,奥琳娜娜子,0,雾里看花水中望月……,https://tvax3.sinaimg.cn/crop.5.0.740.740.180/abe901acly8ffj0nnc9loj20ku0kkab1.jpg
03-22 22:37,2214543214,泽畔微言,1,必须严查，追究到底。不只西安地铁，成都和合肥地铁都有这家公司的供货,https://tva4.sinaimg.cn/crop.0.0.180.180.180/83ff3f6ejw1e8qgp5bmzyj2050050aa8.jpg
03-22 22:37,1749907490,于润洁品牌策划,2,若能挖出背后的力量，算我输……,https://tva2.sinaimg.cn/crop.286.471.1638.1638.180/684d7822jw1eaa8gpzya7j21kw23ukjm.jpg
03-22 22:36,1359545497,__5in9leMan___,0,笑而不语,https://tvax1.sinaimg.cn/crop.0.0.1002.1002.180/51090499ly8fdjffp9jc7j20ru0run0i.jpg
03-22 22:35,2567520331,-冬候鸟,0,招标的跟主管的还有质检部门的统统枪毙,https://tva3.sinaimg.cn/crop.0.0.180.180.180/9909404bjw1e8qgp5bmzyj2050050aa8.jpg
03-22 22:34,1189048417,倪龙洲,0,看看今晚的电影频道，夺命地铁吧！艹,https://tva2.sinaimg.cn/crop.0.0.664.664.180/46df7061jw8f5ogikhrtvj20ig0igjs7.jpg
03-22 22:33,5254035494,255752BzpCT,0,顶顶,https://tva1.sinaimg.cn/crop.0.0.438.438.180/005JzoDYjw8f9w5iubdicj30c60c674w.jpg
03-22 22:33,3752733274,志在四方47,1,揪出这伙拿别人性命开玩笑家伙。,https://tva4.sinaimg.cn/crop.0.0.720.720.180/dfae2a5ajw8evtlgl0788j20k00k0412.jpg
03-22 22:33,1819882692,我就喜欢TM,2,回复<a href='https://m.weibo.cn/n/紊活_2015'>@紊活_2015</a>:查不到那。中途就会有官员自杀,https://tvax4.sinaimg.cn/crop.2.0.1238.1238.180/6c7934c4ly8ffiz24iu5jj20yi0yeq6s.jpg
03-22 22:31,1972913635,无敌幽灵王,0,赞同，查吧。,https://tva1.sinaimg.cn/crop.0.0.996.996.180/759845e3jw8f27y7l6n9xj20ro0roac2.jpg
03-22 22:30,1034245641,深圳律师160,1,稍有常识的都知道，奥凯公司连投标的条件都不符，但它不仅投标了还中标了，傻子都明白这其中有巨大的腐败问题，综合分析，最大可能是地铁总包，即中字头央企领导在暗中操作，否则不可能连成都地铁都能进去,https://tva4.sinaimg.cn/crop.0.0.180.180.180/3da55609jw1e8qgp5bmzyj2050050aa8.jpg
03-22 22:30,5358304667,穿布鞋的腿毛君,3,衣食住用行造假，就应该直接入刑，在强大的利益驱使下，国家若不严峻宪法只能造成“割韭菜”般恶性循环。,https://tva1.sinaimg.cn/crop.0.2.750.750.180/005QCTOPjw8fcdhqlv8taj30ku0kzmyk.jpg
03-22 22:30,2454815285,人帅屁事多,3,小王啊，你先替我背个锅先进去，我后面捞你出来。,https://tva3.sinaimg.cn/crop.0.0.639.639.180/92518235jw8ewvbwfsx9uj20hs0hr0ti.jpg
03-22 22:30,1456373744,信阳财经,0,关门的节奏,https://tva4.sinaimg.cn/crop.0.0.180.180.180/56ce7ff0jw1e8qgp5bmzyj2050050aa8.jpg
03-22 22:30,1456373744,信阳财经,0,倒闭,https://tva4.sinaimg.cn/crop.0.0.180.180.180/56ce7ff0jw1e8qgp5bmzyj2050050aa8.jpg
03-22 22:28,1569704834,聿慌仑,0,"回复<a href='https://m.weibo.cn/n/zhansir看财经'>@zhansir看财经</a>:呵呵,轮子的媒体…<span class=""url-icon""><img src=""//h5.sinaimg.cn/m/emoticon/icon/default/d_xiaoku-7430606cb7.png"" style=""width:1em;height:1em;""></span><span class=""url-icon""><img src=""//h5.sinaimg.cn/m/emoticon/icon/default/d_xiaoku-7430606cb7.png"" style=""width:1em;height:1em;""></span> 脑子是个好东西",https://tva3.sinaimg.cn/crop.0.15.750.750.180/5d8fcb82jw8faf98zdsexj20ku0lpaax.jpg
03-22 22:26,1950514245,秋天65465498,0,在这事这个观点支持你，点个赞，上次造谣的事就呵呵了，站对不站队,https://tva3.sinaimg.cn/crop.20.108.384.384.180/74427c45gw1er0f40hdk8j20dc0hsgos.jpg
03-22 22:23,1626249374,不会跳的小蛙,0,缺乏有效的监督，这种现象无法杜绝。,https://tva3.sinaimg.cn/crop.0.0.180.180.180/60ee989ejw1e8qgp5bmzyj2050050aa8.jpg
03-22 22:22,3287005060,快乐小武haha,0,下跪有用还要警察干嘛,https://tvax1.sinaimg.cn/default/images/default_avatar_female_180.gif
03-22 22:21,2804004332,霞蔚千秋,0,转发微博,https://tva4.sinaimg.cn/crop.0.0.180.180.180/a721b5ecjw1e8qgp5bmzyj2050050aa8.jpg
03-22 22:20,1130808434,法律究精,0,最重要的是钱到那里去了！！！,https://tva1.sinaimg.cn/crop.282.29.960.960.180/4366c472gw1e8idhhv17fj218g0xcdp4.jpg
03-22 22:20,5611793613,小肥肥yoyo,0,"这下玩大了<span class=""url-icon""><img src=""//h5.sinaimg.cn/m/emoticon/icon/others/d_erha-0d2bea3a7d.png"" style=""width:1em;height:1em;""></span><span class=""url-icon""><img src=""//h5.sinaimg.cn/m/emoticon/icon/others/d_erha-0d2bea3a7d.png"" style=""width:1em;height:1em;""></span><span class=""url-icon""><img src=""//h5.sinaimg.cn/m/emoticon/icon/others/d_erha-0d2bea3a7d.png"" style=""width:1em;height:1em;""></span>",https://tva2.sinaimg.cn/crop.0.0.996.996.180/0067MvSdjw8f8su8yisq2j30ro0rpdio.jpg
03-22 22:19,2314868482,我姓刘不叫德华,13,回复<a href='https://m.weibo.cn/n/胖达JOJO熊'>@胖达JOJO熊</a>:鄙视还不赶紧取消关注！谁又没逼着你关注！赶紧去关注你的共青团，人民日报，环球时报！好紧回家看新闻联播去！,https://tva3.sinaimg.cn/crop.0.0.996.996.180/89fa1702jw8f7o1xhfawlj20ro0rpabk.jpg
03-22 22:18,2508447350,鲁迅的秋天,0,中铁也该整顿了,https://tva1.sinaimg.cn/crop.0.0.1080.1080.180/9583de76jw8ehtrxy113gj20u00u00xk.jpg
03-22 22:17,5334797994,朱德的朱大海的海,5,查看都和那些国企有合作？全国地铁大检查… ,https://tva1.sinaimg.cn/crop.6.3.497.497.180/005P2gEWgw1enhkbjfrzgj30e80e8dj3.jpg
03-22 22:17,1495330445,申佳明,0,转发微博,https://tva2.sinaimg.cn/crop.0.16.238.238.180/5920ee8djw1ethy906oexj206o08wt8z.jpg
03-22 22:16,2785259382,师西瓜,13,回复<a href='https://m.weibo.cn/n/momonv'>@momonv</a>:笑死了 新京报是最别有用心的媒体 澎湃新闻是它兄弟,https://tva4.sinaimg.cn/crop.0.0.1328.1328.180/a603af76jw8f850c3mkn1j210w10wtc9.jpg
03-22 22:15,2092603137,魔豆农场,0,奥凯电缆虽然质量差但是通到哪里你们想象都想象不到，难道通天？,https://tva4.sinaimg.cn/crop.0.0.180.180.180/7cba9701jw1e8qgp5bmzyj2050050aa8.jpg
03-22 22:15,1140068373,济宁律师李传册,0,转发微博,https://tva4.sinaimg.cn/crop.0.0.180.180.180/43f41015jw1e8qgp5bmzyj2050050aa8.jpg
03-22 22:15,2157948425,arbirr,0,呵呵呵～～,https://tva2.sinaimg.cn/crop.212.0.532.532.180/809fae09jw8f2dgf2kz9dj20qm0eut99.jpg
03-22 22:14,1222879083,胖达JOJO熊,1,回复<a href='https://m.weibo.cn/n/小屋518_624'>@小屋518_624</a>:恨太严重了，对新京报只有鄙视，有多少阴谋和谣言出自新京报呀！跟风炒作热点，博眼球，各种煽乎，它早已失去一个正常媒体追求真相和本质,https://tva3.sinaimg.cn/crop.0.0.180.180.180/48e3a76bjw1e8qgp5bmzyj2050050aa8.jpg
03-22 22:12,1937851624,宇文古乐,1,"能同时成为西安和成都地铁的电缆供应商，也是牛逼<span class=""url-icon""><img src=""//h5.sinaimg.cn/m/emoticon/icon/others/d_doge-d903433c82.png"" style=""width:1em;height:1em;""></span>",https://tvax3.sinaimg.cn/crop.0.0.750.750.180/738144e8ly8ff1jp4z2h4j20ku0kujsb.jpg
03-22 22:10,2530992920,J九IU,0,刚开始还那么义正言辞，现在败露了就跪地求饶！陈江河说人啦，要活得敞亮！应该继续查！现在没出问题，还好，可是出了问题就是大问题！,https://tva1.sinaimg.cn/crop.0.0.180.180.180/96dbe318jw1e8qgp5bmzyj2050050aa8.jpg
03-22 22:10,5582667811,毛超伟M,0,有大问题,https://tva3.sinaimg.cn/crop.0.0.540.540.180/0065OiVdjw8exd8j3bgq6j30f00f0dg7.jpg
03-22 22:10,3969227343,平壤首富,0,锅已经背了，你们还想怎么样？,https://tvax1.sinaimg.cn/crop.0.0.800.800.180/ec959a4fly8fdppc7odkuj20m80m8anu.jpg
03-22 22:09,1222879083,胖达JOJO熊,0,回复<a href='https://m.weibo.cn/n/酆林666'>@酆林666</a>:哈哈哈哈哈，你是来搞笑的吧,https://tva3.sinaimg.cn/crop.0.0.180.180.180/48e3a76bjw1e8qgp5bmzyj2050050aa8.jpg
03-22 22:07,3037428080,笔随意和,0,奥凯下跪还是为了利益，为利益的下跪没价值,https://tvax4.sinaimg.cn/crop.171.142.444.444.180/b50b7970ly8fdtamybm2dj20m80gotn4.jpg
03-22 22:07,1650649110,墨天鹅,3,一个月后就会销声匿迹的，不信等着看新闻，可能连坐地铁的人都懒得去理电缆究竟有没有换的事,https://tvax1.sinaimg.cn/crop.116.17.530.530.180/6262e816ly8fe15xl4wh3j20j60j6wha.jpg
03-22 22:06,5474833451,粉红狗真垃圾,14,回复<a href='https://m.weibo.cn/n/胖达JOJO熊'>@胖达JOJO熊</a>:希望你好好改造，早日出狱，赚积分不容易啊,https://tva1.sinaimg.cn/crop.24.19.130.130.180/005YvQhljw8f533cncc4tj3050050743.jpg
03-22 22:06,2859673367,play1369,0,"新京报让人刮目相看！<span class=""url-icon""><img src=""//h5.sinaimg.cn/m/emoticon/icon/others/h_good-55854d01bb.png"" style=""width:1em;height:1em;""></span>",https://tva1.sinaimg.cn/crop.0.0.180.180.180/aa732717jw1e8qgp5bmzyj2050050aa8.jpg
03-22 22:06,5474833451,粉红狗真垃圾,0,回复<a href='https://m.weibo.cn/n/zhansir看财经'>@zhansir看财经</a>:国内好像没看到报道哈哈哈,https://tva1.sinaimg.cn/crop.24.19.130.130.180/005YvQhljw8f533cncc4tj3050050743.jpg
03-22 22:05,6047441137,天亮睡6047441137,0,背后有人,https://tva1.sinaimg.cn/crop.0.0.1006.1006.180/006BgrHbjw8f99mpfv2bdj30ry0ryn1i.jpg
03-22 22:05,1959824447,KenPhilips,0,"<span class=""url-icon""><img src=""//h5.sinaimg.cn/m/emoticon/icon/others/h_good-55854d01bb.png"" style=""width:1em;height:1em;""></span>",https://tva4.sinaimg.cn/crop.0.0.180.180.180/74d08c3fjw1e8qgp5bmzyj2050050aa8.jpg
03-22 22:04,1596866497,jackuuuu,0,共产党养的官狗都不如，老是拿老百姓开刀,https://tva1.sinaimg.cn/crop.0.0.512.512.180/5f2e3fc1jw8el9ymjqdimj20e80e8js1.jpg
03-22 22:04,6106237946,苍耳Lucy,0,希望揪出幕后使者，还大家公道……,https://tva2.sinaimg.cn/crop.0.0.996.996.180/006Ff9qOjw8fbuj3h08spj30ro0ro0v4.jpg
03-22 22:04,2717959285,一叶扁舟2717959285,0,转发支持！,https://tva4.sinaimg.cn/crop.0.0.664.664.180/a200c475jw8f47hjjtdtxj20ig0igdgv.jpg
03-22 22:03,3128366387,2加班,0,问得好。,https://tva4.sinaimg.cn/crop.0.0.180.180.180/ba771533jw1e8qgp5bmzyj2050050aa8.jpg
03-22 22:03,1904619441,少年老傅,10,刚成立不久？铁路行业要求主要物资供应商有近三年内国家级重点工程供货业绩，这道铁门槛是怎么跨过去的？相关行业国家级检测机构出具的检测报告是怎么拿到的？处、局、部三级验收是怎么通过的？其实这猫腻些业内大多数人都知道，但是我们都不敢说,https://tva1.sinaimg.cn/crop.0.0.996.996.180/71862fb1jw8f747zfetwsj20ro0rogqp.jpg
03-22 22:03,5581947032,柒柒染年,0,"好好查查有地铁的城市吧，保不齐还能查出来一串儿。<span class=""url-icon""><img src=""//h5.sinaimg.cn/m/emoticon/icon/default/d_tanshou-dcf7d5d0d6.png"" style=""width:1em;height:1em;""></span><span class=""url-icon""><img src=""//h5.sinaimg.cn/m/emoticon/icon/default/d_tanshou-dcf7d5d0d6.png"" style=""width:1em;height:1em;""></span><span class=""url-icon""><img src=""//h5.sinaimg.cn/m/emoticon/icon/default/d_tanshou-dcf7d5d0d6.png"" style=""width:1em;height:1em;""></span>",https://tva3.sinaimg.cn/crop.218.119.704.704.180/0065LhpKjw8f12r4xox81j30qo0z8th9.jpg
03-22 22:01,5581947032,柒柒染年,2,"这不是明摆着有后台才能中标的吗……<span class=""url-icon""><img src=""//h5.sinaimg.cn/m/emoticon/icon/default/d_tanshou-dcf7d5d0d6.png"" style=""width:1em;height:1em;""></span><span class=""url-icon""><img src=""//h5.sinaimg.cn/m/emoticon/icon/default/d_tanshou-dcf7d5d0d6.png"" style=""width:1em;height:1em;""></span><span class=""url-icon""><img src=""//h5.sinaimg.cn/m/emoticon/icon/default/d_tanshou-dcf7d5d0d6.png"" style=""width:1em;height:1em;""></span>这不查它，相关部门可以关门了。要你们干嘛？装大爷，当摆设都不好看啊。<span class=""url-icon""><img src=""//h5.sinaimg.cn/m/emoticon/icon/others/d_erha-0d2bea3a7d.png"" style=""width:1em;height:1em;""></span><span class=""url-icon""><img src=""//h5.sinaimg.cn/m/emoticon/icon/others/d_erha-0d2bea3a7d.png"" style=""width:1em;height:1em;""></span><span class=""url-icon""><img src=""//h5.sinaimg.cn/m/emoticon/icon/others/d_erha-0d2bea3a7d.png"" style=""width:1em;height:1em;""></span>",https://tva3.sinaimg.cn/crop.218.119.704.704.180/0065LhpKjw8f12r4xox81j30qo0z8th9.jpg
03-22 21:59,2182180275,拼无涯HZP,1,我们这个制度真的是够烂，什么问题都不能规避,https://tva2.sinaimg.cn/crop.0.0.180.180.180/82116db3jw1e8qgp5bmzyj2050050aa8.jpg
03-22 21:58,6003451134,喜欢我就说,1,中纪委快去，公检法快去,https://tva4.sinaimg.cn/crop.78.1.197.197.180/006yhRT0jw8f73v9ajjyyj309v05kt8p.jpg
03-22 21:57,2995323407,我是一只小蘑菇,0,曾经做工程师时买过电缆，电缆这种东西可以说类似卖金属了，但是电缆品牌的指定连公司总经理都做不了主，都是上面定好的，国企待久了，真的觉得这个国家不会再好了，处处都是腐败和心机，每个人都有些自己的小算盘。,https://tva2.sinaimg.cn/crop.0.19.1242.1242.180/b289020fjw8fazde2hsq8j20yi0zljv4.jpg
03-22 21:56,1365105917,家麟播播娃,0,性质实在恶劣，互害型社会再添一典型案例。,https://tva2.sinaimg.cn/crop.0.0.512.512.180/515ddcfdjw8emnfdknfhwj20e80e8gm1.jpg
03-22 21:56,3063956725,步教二中队,1,背后一定有巨虎,https://tva3.sinaimg.cn/crop.0.0.996.996.180/b6a044f5jw8fcg0ox1aswj20ro0ro0u5.jpg
03-22 21:56,3289905262,嗯魔图木盒,5,回复<a href='https://m.weibo.cn/n/小屋518_624'>@小屋518_624</a>:看到某团前段时间阴阳怪气的就一阵恶心,https://tva2.sinaimg.cn/crop.0.0.720.720.180/c417f86ejw8euc07wltubj20k00k0gmp.jpg
03-22 21:54,1825344125,糊焦蓓蓓,0, 还要上多少次头条才能消停 让人爱不起来,https://tva4.sinaimg.cn/crop.0.0.180.180.180/6ccc8a7djw1e8qgp5bmzyj2050050aa8.jpg
03-22 21:53,3808756186,尚好摄影,0,难,https://tva3.sinaimg.cn/crop.0.0.664.664.180/e30501dajw8f7mqfvts0hj20ig0igdh8.jpg
03-22 21:53,3176170543,lthqe,1,电缆不合格，市政府还妄谈地铁是安全的，不负责任的当地政府。,https://tvax2.sinaimg.cn/crop.0.0.512.512.180/bd50842fly8fdbzi7spcgj20e80e8js3.jpg
03-22 21:52,2631008667,Brian1527,27,回复<a href='https://m.weibo.cn/n/胖达JOJO熊'>@胖达JOJO熊</a>:你是什么货色倒是被不少人看懂了，恭喜你,https://tva1.sinaimg.cn/crop.1.0.1240.1240.180/9cd2019bjw8f37siucct1j20yi0ygdmv.jpg
03-22 21:52,1653207120,子小里予-,0,见怪不怪,https://tva3.sinaimg.cn/crop.0.0.180.180.180/6289f050jw1e8qgp5bmzyj2050050aa8.jpg
03-22 21:52,3087026685,鑫哥2012的围脖,0,"<span class=""url-icon""><img src=""//h5.sinaimg.cn/m/emoticon/icon/others/h_good-55854d01bb.png"" style=""width:1em;height:1em;""></span><span class=""url-icon""><img src=""//h5.sinaimg.cn/m/emoticon/icon/others/h_good-55854d01bb.png"" style=""width:1em;height:1em;""></span><span class=""url-icon""><img src=""//h5.sinaimg.cn/m/emoticon/icon/others/h_good-55854d01bb.png"" style=""width:1em;height:1em;""></span>",https://tva1.sinaimg.cn/crop.0.0.320.320.180/b80049fdjw8eb1jve4yftj208w08wglz.jpg
03-22 21:51,2040247787,法号倒空和尚,0,这几乎成了中国工程项目的常态！不是查不出来，而是想不想差！能不能查下去！,https://tva4.sinaimg.cn/crop.0.0.180.180.180/799bb5ebjw1f4h5lcbpjoj2050050mx3.jpg
03-22 21:49,2814758347,时空飞碟UFO,0,终究是一场戏,https://tva2.sinaimg.cn/crop.0.0.1080.1080.180/a7c5cdcbjw8ereuaarjnfj20u00u0di3.jpg
03-22 21:49,3954607654,小样还是找到你了,1,这么大能力，用屁股想后面的后台都不小，就看敢不敢动了，有没有魄力动！,https://tva1.sinaimg.cn/crop.0.0.638.638.180/ebb68626jw8efjafq2nmnj20hq0hqgn1.jpg
03-22 21:48,2498978302,Yang_肉桂不慌乱,0,新京报牛逼！,https://tva3.sinaimg.cn/crop.0.0.480.480.180/94f361fejw8el6fk43x8rj20dc0dcq41.jpg
03-22 21:46,1616764884,上海大闲人,0,副市长都道歉了，这灰孙子不就地伏法？,https://tva4.sinaimg.cn/crop.0.19.1242.1242.180/605ddfd4jw8faieykefhsj20yi0zk0uv.jpg
03-22 21:46,2081840805,jdrrnk,0,万一出事，你跪破头都没用！！！呵呵，奸商,https://tva2.sinaimg.cn/crop.54.0.212.212.180/7c165ea5jw8ef5mrtg00bj208w05waa0.jpg
03-22 21:46,1767570821,m17280036,0,我觉西安政府不会追问为什么,https://tva2.sinaimg.cn/crop.0.0.180.180.180/695afd85jw1e8qgp5bmzyj2050050aa8.jpg
03-22 21:45,5840476077,揭秘者0007,14,"回复<a href='https://m.weibo.cn/n/小屋518_624'>@小屋518_624</a>:既得利益集团最恨说真话的媒体<span class=""url-icon""><img src=""//h5.sinaimg.cn/m/emoticon/icon/default/d_xiaoku-7430606cb7.png"" style=""width:1em;height:1em;""></span>",https://tva3.sinaimg.cn/crop.11.145.248.248.180/006ng2D3jw8f0ddknu7dhj30890cf0sx.jpg
03-22 21:44,1858971812,过虎,0,下跪只是做戏，根本不需要。背后的故事却应该严查。,https://tva4.sinaimg.cn/crop.0.1.1125.1125.180/6ecda8a4jw8f0b5fsex7yj20v90vb101.jpg
03-22 21:42,1909761281,张羽的小屋,0,回复<a href='https://m.weibo.cn/n/-for-what'>@-for-what</a>:有这可能,https://tva2.sinaimg.cn/crop.0.0.1080.1080.180/71d4a501jw8ev10u854vij20u00u0q55.jpg
03-22 21:41,1909761281,张羽的小屋,3,回复<a href='https://m.weibo.cn/n/我实名举报'>@我实名举报</a>:直接登录中纪委网站举报吧！,https://tva2.sinaimg.cn/crop.0.0.1080.1080.180/71d4a501jw8ev10u854vij20u00u0q55.jpg
03-22 21:41,3679896974,别想的太美,3,有圈子上面有人？,https://tva3.sinaimg.cn/crop.0.0.750.750.180/db56c58ejw8fbl918tepmj20ku0kuq3w.jpg
03-22 21:40,1665156845,老宅的兔_被渣浪下岗,37,问题出在前三排，关键还在主席台！,https://tva3.sinaimg.cn/crop.0.0.180.180.180/634046edjw1e8qgp5bmzyj2050050aa8.jpg
03-22 21:40,1909761281,张羽的小屋,0,事儿大了……,https://tva2.sinaimg.cn/crop.0.0.1080.1080.180/71d4a501jw8ev10u854vij20u00u0q55.jpg
03-22 21:40,2694507163,一天到晚想歇的鱼,3,这人要保护起来，别抑郁了。,https://tva4.sinaimg.cn/crop.77.0.175.175.180/a09aea9bjw8eo90evc23zj208s06kt9a.jpg
03-22 21:39,1504020871,庄生夜梦,4,放心，不会深挖。,https://tva4.sinaimg.cn/crop.0.0.180.180.180/59a58987jw1e8qgp5bmzyj2050050aa8.jpg
03-22 21:39,2327238307,我是monstersea,0,<a href='https://m.weibo.cn/n/SUPERJ'>@SUPERJ</a>,https://tva4.sinaimg.cn/crop.0.0.1002.1002.180/8ab6d6a3jw8f8y167duaaj20ru0ru0vm.jpg
03-22 21:38,5065293736,小伊伊1008,0,有多少官老爷因为这件事吃不香睡不着？送他们个字:该！,https://tva1.sinaimg.cn/crop.0.0.664.664.180/005wNsi4jw8fbpcd66zltj30ig0igwfs.jpg
03-22 21:38,1166503290,John__Well,0,"买回来不检查吗？<span class=""url-icon""><img src=""//h5.sinaimg.cn/m/emoticon/icon/default/d_xixi-ce63ce2629.png"" style=""width:1em;height:1em;""></span>",https://tva1.sinaimg.cn/crop.0.0.180.180.180/45876d7ajw1e8qgp5bmzyj2050050aa8.jpg
03-22 21:38,1818923053,腊八k,0,真想查不难，不过可能也就走个过场，给“主人”一个“交代”。,https://tva4.sinaimg.cn/crop.0.1.640.640.180/6c6a902djw8ezjc06kcnpj20hs0hut9e.jpg
03-22 21:38,1790975355,陈伟恒增重中,13,这套路还不清楚吗？某个领导知道这工程，立即找人合伙开一个公司，再通过某些手段中标，之后的就不用说了吧,https://tva1.sinaimg.cn/crop.0.0.180.180.180/6ac01d7bjw1e8qgp5bmzyj2050050aa8.jpg
03-22 21:38,1890332502,真的没有如果iii,0,转发微博,https://tva3.sinaimg.cn/crop.0.0.1342.1342.180/70ac2f56jw8f3r9qwkffnj211a11a0wy.jpg
03-22 21:37,3780389734,白阿飘,0,真能揪出来吗反正不抱希望的,https://tva1.sinaimg.cn/crop.0.0.750.750.180/e1542b66jw8fbzr9o2k3bj20ku0kujsu.jpg
03-22 21:37,1851222805,十月-苹果,0,以权谋私,https://tva1.sinaimg.cn/crop.196.161.492.492.180/6e576b15jw8f9yrwm8019j20om0moq33.jpg
03-22 21:37,2400330660,Ace的心,4,"我公司将持续关注该事件，对于网络上的不实谣言，我公司将依法维权并追究相关人员的法律责任。 特此声明！ 陕西奥凯电缆有限公司 2017年3月15日<span class=""url-icon""><img src=""//h5.sinaimg.cn/m/emoticon/icon/default/d_xiaoku-7430606cb7.png"" style=""width:1em;height:1em;""></span>",https://tva1.sinaimg.cn/crop.0.0.1006.1006.180/8f1223a4jw8fd1oro6bkpj20ry0rywg3.jpg
03-22 21:36,1790975355,陈伟恒增重中,1,这套路还不清楚吗？某个领导知道这工程，找人合伙开,https://tva1.sinaimg.cn/crop.0.0.180.180.180/6ac01d7bjw1e8qgp5bmzyj2050050aa8.jpg
03-22 21:35,1903363660,eee,0,赞，新京报,https://tva3.sinaimg.cn/crop.83.0.480.480.180/7173064cjw8f7ehahi6i7j20hs0dcab0.jpg
03-22 21:35,2211616674,定格的酒窝,0,追问不应该停止！,https://tva3.sinaimg.cn/crop.0.1.640.640.180/83d297a2jw8eo5m9gmadvj20hs0hv3zf.jpg
03-22 21:33,5906045212,谢添添可不可以不勇敢,0,你们是在逼他自杀,https://tva3.sinaimg.cn/crop.0.0.750.750.180/006rHa9Kjw8f38q42pyxkj30ku0kvzl3.jpg
03-22 21:32,3193842632,大玩家孤枫,1,领导的关系，找个壳子过过票，如今觉得不行，拉个人垫垫背,https://tva4.sinaimg.cn/crop.0.0.180.180.180/be5e2bc8jw1e8qgp5bmzyj2050050aa8.jpg
03-22 21:32,1005575731,我看着寂寞长大开成了花,15,"回复<a href='https://m.weibo.cn/n/momonv'>@momonv</a>:所以从来没说过新京报造谣是吗？<span class=""url-icon""><img src=""//h5.sinaimg.cn/m/emoticon/icon/default/d_tanshou-dcf7d5d0d6.png"" style=""width:1em;height:1em;""></span>",https://tva4.sinaimg.cn/crop.0.0.996.996.180/3befde33jw8fb4eoyxlj3j20ro0rptaq.jpg
03-22 21:30,1663977560,小熊没肚脐,0,有监理吗？,https://tva3.sinaimg.cn/crop.0.0.996.996.180/632e4858jw8f37rj9qgetj20ro0rpdgi.jpg
03-22 21:29,5546786964,水深不可淌62629,0,中铁系工程,https://tva2.sinaimg.cn/crop.0.0.100.100.180/0063nKFSjw8epzwqfkbjwj302s02swec.jpg
03-22 21:29,2207723952,一切向美好而发生,0,????,https://tvax3.sinaimg.cn/crop.0.0.664.664.180/839731b0ly8fdpqvlb1cjj20ig0igab1.jpg
03-22 21:29,2080626477,老狼YMT,0,羊丢了，披着狼皮的家伙说，是我吃的！,https://tvax2.sinaimg.cn/crop.0.0.1242.1242.180/7c03d72dly8fdphsbp09jj20yi0yigql.jpg
03-22 21:27,5606806150,国际廉盟,0,支持一下！,https://tva3.sinaimg.cn/crop.115.26.376.376.180/0067rApgjw8es3wle04tvj30go0c8wej.jpg
03-22 21:26,3202499754,爱哭的毛毛虫儿儿,11,回复<a href='https://m.weibo.cn/n/九月与十二'>@九月与十二</a>:负责招标的是临时工，已被停职开除，省市领导高度重视……案件目前正在调查中,https://tvax4.sinaimg.cn/crop.0.0.498.498.180/bee244aaly8ffbj6jd91pj20du0dut97.jpg
03-22 21:24,1803821533,叫我汪某某,3,"回复<a href='https://m.weibo.cn/n/手机用户1814169494_527'>@手机用户1814169494_527</a>:兰州也是这几年搞的，会不会呢，<span class=""url-icon""><img src=""//h5.sinaimg.cn/m/emoticon/icon/default/d_hehe-4f9f713058.png"" style=""width:1em;height:1em;""></span>，妈的！把这事桶出来的这位英雄大家应该好好感谢一下！",https://tva2.sinaimg.cn/crop.0.0.996.996.180/6b8421ddjw8fc93rf7lk4j20ro0rp0uo.jpg
03-22 21:24,2400330660,Ace的心,0,"顶上去！！！===陕西奥凯电缆公司关于不实贴文《西安地铁你们还敢坐吗》的声明====  这个申明斥责造谣的人，对于网络上的不实谣言，我公司将依法维权并追究相关人员的法律责任。===【---辟谣的言都变成了事实，，，真不要脸<span class=""url-icon""><img src=""//h5.sinaimg.cn/m/emoticon/icon/default/d_haha-bdd6ceb619.png"" style=""width:1em;height:1em;""></span>",https://tva1.sinaimg.cn/crop.0.0.1006.1006.180/8f1223a4jw8fd1oro6bkpj20ry0rywg3.jpg
03-22 21:24,2372280723,smilings_dong,0,你懂的?,https://tva1.sinaimg.cn/crop.0.0.664.664.180/8d662193jw8f1fdsvumlbj20ig0igq3s.jpg
03-22 21:23,5954895823,只需砍一刀,0,大家都懂的,https://tvax4.sinaimg.cn/crop.0.7.750.750.180/006v08qPly8ff4lz5gx5mj30ku0l80u6.jpg
03-22 21:22,5737980239,豆包华华,6,是不是某二代的皮包公司？,https://tva3.sinaimg.cn/crop.0.0.664.664.180/006gjYMnjw8fcby0tnor8j30ig0igab6.jpg
03-22 21:22,2341774154,搬砖工,0,招投标钱给够就行。,https://tva3.sinaimg.cn/crop.0.0.996.996.180/8b94a34ajw8fbosovci17j20ro0ro787.jpg
03-22 21:22,1408786840,刘邦村长,0,背后的力量？人民币。,https://tva3.sinaimg.cn/crop.0.0.180.180.180/53f86198jw1e8qgp5bmzyj2050050aa8.jpg
03-22 21:22,2327329595,消失的地平线lh,0,转发微博,https://tva1.sinaimg.cn/crop.0.23.1125.1125.180/8ab83b3bjw8f6rubq8wb0j20v90wk0uv.jpg
03-22 21:22,1132195545,格瑞斯瓦尔德,0,你知道的太多了,https://tva2.sinaimg.cn/crop.0.0.720.720.180/437beed9jw8elna6t7kujj20k00k0jtu.jpg
03-22 21:21,3546830367,桅侬,0,黄书记，李局长，还没现身呢。,https://tva4.sinaimg.cn/crop.0.0.180.180.180/d368561fjw1f9o896d439j205005074t.jpg
03-22 21:20,3107195283,小丑爱吃鱼00,0,不要学日本人动不动就跪下道歉，好么！我们需要的是法律的制裁,https://tvax3.sinaimg.cn/crop.0.0.750.750.180/b9340993ly8ffj0n5g51cj20ku0kuglu.jpg
03-22 21:19,1861971280,晴耕雨读-li,1,为新京报点赞,https://tva1.sinaimg.cn/crop.0.0.180.180.180/6efb6d50jw1e8qgp5bmzyj2050050aa8.jpg
03-22 21:19,2594036862,青衫子弟,0,这个标题就是担当。,https://tvax3.sinaimg.cn/default/images/default_avatar_male_180.gif
03-22 21:17,3851881091,凌宇Q,0,打雷要下雨，雷欧~,https://tva2.sinaimg.cn/crop.161.0.355.355.180/e5970a83jw8etn19yge19j20hs0dcdj0.jpg
03-22 21:17,2256535805,活捉宝宝一只,1,我就等着看看怎么给圆回来,https://tvax1.sinaimg.cn/crop.0.1.750.750.180/868000fdly8fe0itawwe4j20ku0kwjrv.jpg
03-22 21:16,1814169494,手机用户1814169494_527,1,回复<a href='https://m.weibo.cn/n/叫我汪某某'>@叫我汪某某</a>:至少三个省了，合肥也在排查，其它的还有吗？,https://tvax3.sinaimg.cn/default/images/default_avatar_female_180.gif
03-22 21:15,2538717320,liaozhuoying,2,中国特色！！！这只是冰山一角。。。。,https://tva4.sinaimg.cn/crop.0.0.720.720.180/9751c088jw8ec6b1h4ui5j20k00k0abb.jpg
03-22 21:15,6132341341,缘宇平,0,有权不用过期作废了吗！,https://tvax3.sinaimg.cn/crop.0.10.492.492.180/006H0G7jly8fdmjcar876j30do0e8gmd.jpg
03-22 21:13,2695128860,冷雨敲窗1997,0,盘根错节谁敢动，真动也是做样子,https://tva4.sinaimg.cn/crop.0.0.996.996.180/a0a4671cjw8f6iaasslgfj20ro0rodhl.jpg
03-22 21:13,1781669001,UC新闻主编,1,判无期。地铁那么重要的交通工具，万一出问题，死伤肯定上百！！！,https://tvax3.sinaimg.cn/crop.0.10.750.750.180/6a321c89ly8fdv8ubp8n2j20ku0lfq3o.jpg
03-22 21:13,2632206061,上清寺小百科,2,背后的力量？天津爆炸案了了吗？,https://tva1.sinaimg.cn/crop.0.0.640.640.180/9ce446edjw8ekk7e087q1j20hs0hs3zk.jpg
03-22 21:10,3126293307,明明知道不可以oc,0,回复<a href='https://m.weibo.cn/n/妞妞冬冬爸爸'>@妞妞冬冬爸爸</a>:哥，小心跨省抓捕，保重,https://tvax3.sinaimg.cn/crop.0.0.996.996.180/ba57733bly8feb3varqhij20ro0roq3q.jpg
03-22 21:09,2393726714,胖了个樟哥,0,老江湖都懂，法人就是替罪羊老总才是应该杀了的那个。还有，什么招投标，都是套路形式好吧。,https://tvax3.sinaimg.cn/crop.0.0.996.996.180/8ead5efaly8fdj2th8jy2j20ro0rojv8.jpg
03-22 21:09,2652854983,悟空净澈,0,"如何拿到铁道设备供应准入证呢<span class=""url-icon""><img src=""//h5.sinaimg.cn/m/emoticon/icon/default/d_haha-bdd6ceb619.png"" style=""width:1em;height:1em;""></span>   一条龙<span class=""url-icon""><img src=""//h5.sinaimg.cn/m/emoticon/icon/default/d_haha-bdd6ceb619.png"" style=""width:1em;height:1em;""></span>",https://tva3.sinaimg.cn/crop.0.0.180.180.180/9e1f5ac7jw1e8qgp5bmzyj2050050aa8.jpg
03-22 21:09,1786270381,孤孤单单的柠檬,0,挖真想,https://tva4.sinaimg.cn/crop.0.1.1242.1242.180/6a7852adjw8ev5jvoa9nyj20yi0yltaw.jpg
03-22 21:09,1905872047,瞌睡虫JACK,1,地球人都知道,https://tva2.sinaimg.cn/crop.0.65.636.636.180/71994cafjw1e6ofsuopdvj20hs0nqjvl.jpg
03-22 21:09,3137584317,灵会漂洋过海去看LEE,1,只是道歉有啥用？还好没出事，万一出事，那可是关乎很多人的安全问题，,https://tva3.sinaimg.cn/crop.0.0.996.996.180/bb03bcbdjw8fca4g2c2hkj20ro0rp0v5.jpg
03-22 21:08,5452081809,月黑L高通宵正好,0,好像只有新京报敢说实话了吧！！,https://tva2.sinaimg.cn/crop.0.0.996.996.180/005WYnxnjw8fck0awqnhqj30ro0romyu.jpg
03-22 21:08,2931178437,三叶兰,0,背后就是官员咯,https://tva3.sinaimg.cn/crop.0.0.180.180.180/aeb63bc5jw1e8qgp5bmzyj2050050aa8.jpg
03-22 21:08,2798873322,小鱼儿的小小小号,0,替死鬼,https://tva2.sinaimg.cn/crop.0.0.640.640.180/a6d36aeajw8f1znuqc6bfj20hs0hs0tj.jpg
03-22 21:07,3391114854,真李-韦戈,0,"查！<span class=""url-icon""><img src=""//h5.sinaimg.cn/m/emoticon/icon/others/o_weiguan-440ebe5b66.png"" style=""width:1em;height:1em;""></span>?",https://tva1.sinaimg.cn/crop.0.0.480.480.180/ca204e66jw8el5cpw3ujdj20dc0dcwew.jpg
03-22 21:07,5960527280,你在我安i大姑娘003,0,不敢坐三号线了,https://tvax3.sinaimg.cn/crop.0.0.512.512.180/006vnLqMly8fdvx96fvwej30e80e80t6.jpg
03-22 21:07,5463596823,宛如曦熙,0,如果没有人拿回扣  我直播自杀,https://tva2.sinaimg.cn/crop.0.0.80.80.180/005XKH7pjw8enzpfxwvfwj3028028q2p.jpg
03-22 21:06,1089484364,苹果青2011,0,背后再追就是山巅了,https://tvax1.sinaimg.cn/default/images/default_avatar_female_180.gif
03-22 21:06,2363221205,不撒谎的椰子,0,"<span class=""url-icon""><img src=""//h5.sinaimg.cn/m/emoticon/icon/others/h_good-55854d01bb.png"" style=""width:1em;height:1em;""></span>",https://tva2.sinaimg.cn/crop.48.0.377.377.180/8cdbe4d5jw8f1wbipre48j20bt0ahq3n.jpg
03-22 21:06,5886412971,9999999刘露露,0,请深挖。,https://tva3.sinaimg.cn/crop.0.0.767.767.180/006qmMUHjw8f6lhoz03cwj30lb0lcwfn.jpg
03-22 21:05,1222879083,胖达JOJO熊,0,回复<a href='https://m.weibo.cn/n/小屋518_624'>@小屋518_624</a>:那追捧新京报都是什么货色，你也懂,https://tva3.sinaimg.cn/crop.0.0.180.180.180/48e3a76bjw1e8qgp5bmzyj2050050aa8.jpg
03-22 21:05,3169000732,手机用户3169000732,0,新京报牛，使劲挖，挖出利益链我就服你,https://tvax1.sinaimg.cn/default/images/default_avatar_male_180.gif
03-22 21:05,5233999184,能不能快乐的玩耍啊,4,回复<a href='https://m.weibo.cn/n/叫我汪某某'>@叫我汪某某</a>:西安，成都，合肥……未完待m,https://tva2.sinaimg.cn/crop.0.0.480.480.180/005IdkhGjw8eiy3zz264jj30dc0dcdfw.jpg
03-22 21:05,6030674892,200斤的大力士,1,中央有人。,https://tva4.sinaimg.cn/crop.0.0.640.640.180/006A861Sjw8f85ld2ott3j30hs0hsmxp.jpg
03-22 21:05,1680980285,我是洋蒙,0,这哥们这么快就认怂，看来水应该不算太深。,https://tva1.sinaimg.cn/crop.0.0.1080.1080.180/6431b93djw8eprpleslvaj20u00u0n0h.jpg
03-22 21:05,1259000417,牧野Home,0,怎么中标的才是关键,https://tva3.sinaimg.cn/crop.1.0.638.638.180/4b0ad261jw8e9u9btu1z1j20hs0hqgmh.jpg
03-22 21:04,1746825690,社区送温暖啦,1,回复<a href='https://m.weibo.cn/n/momonv'>@momonv</a>:所以媒体我只关注了 新京报 和 南方,https://tva1.sinaimg.cn/crop.0.0.996.996.180/681e71dajw8fb0miij8r6j20ro0rogmy.jpg
03-22 21:03,5627153154,飞翔98855,0,说的好，然而，这就是社会。,https://tva3.sinaimg.cn/crop.0.0.168.168.180/0068OXAKjw8esxu7jlnq5j304o04ot8k.jpg
03-22 21:03,2703421391,绿安福农产品,0,现在露馅了！估计有人要完蛋了！,https://tva4.sinaimg.cn/crop.13.0.723.723.180/a122efcfjw8fd11o2jtrpj20ku0k3abd.jpg
03-22 21:03,2617281440,荞饭,2,此起彼腐啊,https://tva4.sinaimg.cn/crop.0.0.540.540.180/9c008ba0jw8erupnigzvsj20f00f0dg0.jpg
03-22 21:02,5240131486,1吃瓜群众155,0,回复<a href='https://m.weibo.cn/n/珞玟-'>@珞玟-</a>:财经笑而不语,https://tva3.sinaimg.cn/crop.0.0.664.664.180/005ID3zMjw8fcyyzntbbdj30ig0igmxu.jpg
03-22 21:01,5582761223,今非礼勿视,2,根深蒂固的腐败 在怎么打老虎都不管用 古人的不见棺材不落泪 永远不过时,https://tva1.sinaimg.cn/crop.0.0.750.750.180/0065OHdRjw8ete0uesvjrj30ku0kugn4.jpg
03-22 21:00,2133635260,无锡空港001,0,转发微博,https://tva2.sinaimg.cn/crop.0.0.720.720.180/7f2cb0bcjw8ekb53qioqej20k00k0750.jpg
03-22 21:00,3089660471,乐山1967,1,这个层次的腐败还很多，只是还未引起高层的注意。,https://tva2.sinaimg.cn/crop.0.0.996.996.180/b8287a37jw8f14x04l4oxj20ro0rp0v4.jpg
03-22 20:59,2004932743,心随远动-默默,0,追,https://tva2.sinaimg.cn/crop.0.0.996.996.180/7780d887jw8f83unrj558j20ro0ro42c.jpg
03-22 20:59,1803821533,叫我汪某某,0,"道歉有用！？？？<span class=""url-icon""><img src=""//h5.sinaimg.cn/m/emoticon/icon/default/d_hehe-4f9f713058.png"" style=""width:1em;height:1em;""></span>！去死吧！",https://tva2.sinaimg.cn/crop.0.0.996.996.180/6b8421ddjw8fc93rf7lk4j20ro0rp0uo.jpg
03-22 20:59,3063956725,步教二中队,0,好样的，就佩服新京，有正义感的新闻媒体,https://tva3.sinaimg.cn/crop.0.0.996.996.180/b6a044f5jw8fcg0ox1aswj20ro0ro0u5.jpg
03-22 20:59,1975779933,那些曾经的伤痕,0,背后有大官,https://tva1.sinaimg.cn/crop.0.0.996.996.180/75c4025djw8f8xsn1wujbj20ro0rpq5r.jpg
03-22 20:58,2610727401,雪地巡警X,0,回扣呗，你们能抓住吃回扣的人我就服！,https://tva3.sinaimg.cn/crop.0.0.180.180.180/9b9c89e9jw1e8qgp5bmzyj2050050aa8.jpg
03-22 20:57,1570333573,小鸭黎,0,"不知道能追问到什么层次<span class=""url-icon""><img src=""//h5.sinaimg.cn/m/emoticon/icon/default/d_wabishi-f5765407f7.png"" style=""width:1em;height:1em;""></span>",https://tva1.sinaimg.cn/crop.96.512.644.644.180/5d996385gw1ejtbl5kop9j20qo0zkwsn.jpg
03-22 20:57,6097273980,彭向宇1,1,哪里都有不平事，新京报又不是济公，摁倒葫芦又起瓢，大老虎关进去，小老虎正茁壮成长,https://tvax2.sinaimg.cn/crop.0.0.664.664.180/006EDxuIly8fdi6zaiqebj30ig0ig3zt.jpg
03-22 20:57,5688351518,USA女孩想嫁我大湖北,5,既有电力，又是交通，难不成又是李家小子。,https://tva3.sinaimg.cn/crop.0.0.720.720.180/006cXK58jw8ex7incliluj30k00k0aau.jpg
03-22 20:57,2655404580,左手风清右手云淡,0,一个成立不久，缺乏既往案例(西安地铁是其第一单！)的公司能接连二三地中标全国各地地铁项目，傻子都知“扛把子&quot;在哪。低价中标？p！1、地铁公司缺钱？2、评标时首先看资质、产品、服务、既往案例等，同等条件下才考虑价格！法人代表？呵～参照天津港爆炸案，顶雷的。查什么？该公司的真正股东名单！,https://tva2.sinaimg.cn/crop.0.0.180.180.180/9e464224jw1e8qgp5bmzyj2050050aa8.jpg
03-22 20:56,2683091273,helloJacky_,11,"能搞清“背后的力量”算老百姓输<span class=""url-icon""><img src=""//h5.sinaimg.cn/m/emoticon/icon/others/d_doge-d903433c82.png"" style=""width:1em;height:1em;""></span>",https://tvax1.sinaimg.cn/crop.0.0.1010.1010.180/9fecb949ly8ffnqaw7212j20s20s2myv.jpg
03-22 20:56,1928830820,ok潘潘,0,"算是从抵制日韩转移到抵制奥凯啦？两会就有代表曾表示，就连一颗螺丝都不敢在国内采购，这算是爱国吗？<span class=""url-icon""><img src=""//h5.sinaimg.cn/m/emoticon/icon/default/d_touxiao-3458a765a2.png"" style=""width:1em;height:1em;""></span>",https://tva3.sinaimg.cn/crop.80.0.480.480.180/72f79f64jw8e7jvoiqi7ij20hs0dc3zp.jpg
03-22 20:56,1847318220,保仁堂主,0,转发微博,https://tva4.sinaimg.cn/crop.0.0.480.480.180/6e1bd6ccjw8et9mreeunmj20dc0dcmxh.jpg
03-22 20:55,2335261132,XKFY3,10,在党的领导下，不管是工程还是材料都不会是无缘无故地就能中标的,https://tva2.sinaimg.cn/crop.0.0.180.180.180/8b3141ccjw1e8qgp5bmzyj2050050aa8.jpg
03-22 20:55,1579145872,大帅哥程程的爸爸,0,大鱼在后面，这个公司负责人只是一个小卒。,https://tva2.sinaimg.cn/crop.0.0.180.180.180/5e1fda90jw1e8qgp5bmzyj2050050aa8.jpg
03-22 20:55,3668849775,悠悠阳光2013,0,招标 施工 验收都有问题,https://tva3.sinaimg.cn/crop.0.0.664.664.180/daae346fjw8f71j179vrgj20ig0igaaw.jpg
03-22 20:55,2106565220,noblezhang,0,好像还不止一条线？,https://tva3.sinaimg.cn/crop.0.0.1080.1080.180/7d8fa264jw8erxv11st0fj20u00u0jup.jpg
03-22 20:54,2521485704,小屋518_624,21,回复<a href='https://m.weibo.cn/n/胖达JOJO熊'>@胖达JOJO熊</a>:恨新京报的都是些什么货色，你懂的！,https://tvax1.sinaimg.cn/default/images/default_avatar_male_180.gif
03-22 20:54,5654161482,叫啥咧1,1,砖沙石霸吗？,https://tva4.sinaimg.cn/crop.0.0.1068.1068.180/006aEhGWjw8f5jflbs7ghj30to0tptc3.jpg
03-22 20:54,2776792962,冬天的早餐,5,就怕背后的力量没人敢查，,https://tvax4.sinaimg.cn/crop.0.0.664.664.180/a5827f82ly8fdrdzgl823j20ig0igacg.jpg
03-22 20:54,1844349444,TeeLee3,0,丁书苗第二,https://tva1.sinaimg.cn/crop.0.0.180.180.180/6dee8a04jw1e8qgp5bmzyj2050050aa8.jpg
03-22 20:54,1668421022,山海经的妖怪,0,还是站队没站好，不然谁敢查就搞谁,https://tva4.sinaimg.cn/crop.0.0.180.180.180/6372159ejw1e8qgp5bmzyj2050050aa8.jpg
03-22 20:53,3428248890,我嗨小小虎,0,"不能原谅<span class=""url-icon""><img src=""//h5.sinaimg.cn/m/emoticon/icon/default/d_nu-3895b46600.png"" style=""width:1em;height:1em;""></span><span class=""url-icon""><img src=""//h5.sinaimg.cn/m/emoticon/icon/default/d_nu-3895b46600.png"" style=""width:1em;height:1em;""></span>",https://tva1.sinaimg.cn/crop.0.1.640.640.180/cc56ed3ajw8eo4ch3k0a9j20hs0huq3v.jpg
03-22 20:53,6064564903,午夜二过头,11,"回复<a href='https://m.weibo.cn/n/momonv'>@momonv</a>:这些腐败分子不死，那就要让上千无辜人死于特大安全事故。<span class=""url-icon""><img src=""//h5.sinaimg.cn/m/emoticon/icon/default/d_nu-3895b46600.png"" style=""width:1em;height:1em;""></span>",https://tva4.sinaimg.cn/crop.0.0.440.440.180/006CqimXjw8fcoslvj9xsj30c80c80t5.jpg
03-22 20:53,6101985899,二者皆可抛C,0,这才是真正的媒体,https://tva3.sinaimg.cn/crop.0.8.750.750.180/006EXjhpjw8fbqo5rb7fqj30ku0laaek.jpg
03-22 20:53,3282707144,x井的乐叔,0,听说今晚九点半市长吕健会在3号线逐一排查,https://tvax4.sinaimg.cn/crop.0.0.750.750.180/c3aa22c8ly8ff9i23gdojj20ku0kudgz.jpg
03-22 20:52,1770491324,盼北极星,0,背后是只大老虎,https://tvax3.sinaimg.cn/crop.26.380.661.661.180/69878dbcly8ffpjqjg24wj20k00zkmy1.jpg
03-22 20:52,2932646557,明明系李LI,0,正义必胜！人民必胜！,https://tvax1.sinaimg.cn/crop.0.12.1125.1125.180/aecca29dly8ffo5eu1qz3j20v90vxag2.jpg
03-22 20:52,1725297091,aaamjs,0,这件事真想查的话能查不清楚吗？徐才厚都能查清楚，更别说一个区区的奥凯公司了。,https://tva3.sinaimg.cn/crop.138.38.240.240.180/66d5f1c3tw1eaa8p25ncaj20b408cwfl.jpg
03-22 20:52,2695988437,腿_2018,0,没错，若追问就此轻易平息，只会有更多的潜在受害者，更多的34万人出现。绝不可让人命背锅。,https://tva3.sinaimg.cn/crop.0.0.498.498.180/a0b184d5jw8f5qdwg07myj20du0dudgz.jpg
03-22 20:51,1670414193,江水东逝,0,支持！但谁来搞清楚背后的力量？“朝里有人好做官，背后有人好发财”，谁能改变？,https://tva3.sinaimg.cn/crop.0.0.180.180.180/63907f71jw1e8qgp5bmzyj2050050aa8.jpg
03-22 20:51,1199085683,大锋ivan,0,确切地说，国家该整顿招投标了。一个奥凯算什么,https://tva3.sinaimg.cn/crop.0.0.640.640.180/47789873jw8f2vlfkvkdmj20hs0hs3zf.jpg
03-22 20:51,1222879083,胖达JOJO熊,11,有本事去查别瞎bb，新京报不就是那个靠博眼球出位的流氓媒体吗？别以为我们不知道你什么货色！,https://tva3.sinaimg.cn/crop.0.0.180.180.180/48e3a76bjw1e8qgp5bmzyj2050050aa8.jpg
03-22 20:50,1843204963,Michael-Love-Jill,0,想用磕头谢罪，把所有的罪都自己担了，想得美，那些贪官一个都不会放过,https://tva3.sinaimg.cn/crop.0.0.180.180.180/6ddd1363jw1e8qgp5bmzyj2050050aa8.jpg
03-22 20:50,2155106555,一二之无羁,1,法人不一定是老板,https://tva3.sinaimg.cn/crop.0.0.664.664.180/807450fbjw8f06fnoiar3j20ig0igmyr.jpg
03-22 20:50,1623585445,jinayjin,0,任何合作双方都或多或少有点关系，这下玩完了,https://tva2.sinaimg.cn/crop.0.0.1242.1242.180/60c5f2a5jw8f3gr0pdku1j20yi0yj78v.jpg
03-22 20:50,2275773253,银言慧语,7,极具中国特色！！！,https://tvax2.sinaimg.cn/crop.0.0.996.996.180/87a58b45ly8ffdsk9ga4mj20ro0ro40m.jpg
03-22 20:50,2277033414,珞玟-,5,回复<a href='https://m.weibo.cn/n/vlvx'>@vlvx</a>:澎湃不止敢说话，还经常煽动群众,https://tva3.sinaimg.cn/crop.0.0.750.750.180/87b8c5c6jw8faxorl3fp8j20ku0kuaaj.jpg
03-22 20:49,5518616079,中山b小平^_2015,22,回复<a href='https://m.weibo.cn/n/-for-what'>@-for-what</a>:最起码也是中央级别的，要不就和谐了找个替死鬼拉倒，省级也管不了别的省啊,https://tvax4.sinaimg.cn/crop.0.0.1068.1068.180/0061ty8Lly8fdz712azusj30to0to40u.jpg
03-22 20:49,2927612341,周永坤微博,2,上穷碧落下黄泉，决不放过背后的黑心贪官。,https://tva1.sinaimg.cn/crop.219.0.982.982.180/ae7fd1b5jw8f0r4t6vu96j212c1d4k19.jpg
03-22 20:48,3278699212,郎知牙斯_339,1,为什么做这么伤天害理的事情！如果民众没有被发现呢？酿成大祸谁能负起责任？道歉解决不了问题！赔礼也于事无补！民众只是想知道实情！想知道阴暗的背后到底隐藏了多少丑陋的面孔！法网恢恢！我们只要真相！,https://tva2.sinaimg.cn/crop.0.0.1242.1242.180/c36cfaccjw8fczc9fh1uoj20yi0yin2v.jpg
03-22 20:48,1864938105,道旁李,0,转发微博,https://tva2.sinaimg.cn/crop.0.0.180.180.180/6f28b279jw1e8qgp5bmzyj2050050aa8.jpg
03-22 20:48,1828716071,夏明洋,0,"最关键疑问还没有解开:这个刚成立不久、资质浅薄的公司,是如何获得西安地铁三号线电缆供应商资质的？。。。。利益输送而已。",https://tva1.sinaimg.cn/crop.0.0.415.415.180/6cfffe27jw8exo0vnwh26j20bj0f3js1.jpg
03-22 20:48,3303760231,王小宁3698,0,成功,https://tva3.sinaimg.cn/crop.0.0.1242.1242.180/c4eb6167jw8fbq0i6zi5kj20yi0yidkg.jpg
03-22 20:48,1916556122,女疯子的理想之路,0,那么多媒体都不敢说的话，新京报冲这一次，要关注你一万年,https://tva4.sinaimg.cn/crop.0.0.512.512.180/723c535ajw8eg9coac2acj20e80e874s.jpg
03-22 20:47,1803821533,叫我汪某某,23,"回复<a href='https://m.weibo.cn/n/-for-what'>@-for-what</a>:能连着搞两个省，而且都是大省，<span class=""url-icon""><img src=""//h5.sinaimg.cn/m/emoticon/icon/doraemon/dr_chijing-709027feca.png"" style=""width:1em;height:1em;""></span>，一般的省级干部还没这么牛逼吧，！跨省了都！",https://tva2.sinaimg.cn/crop.0.0.996.996.180/6b8421ddjw8fc93rf7lk4j20ro0rp0uo.jpg
03-22 20:46,2594517390,沪言乱语,0,必须追查到底,https://tva1.sinaimg.cn/crop.0.0.180.180.180/9aa5318ejw1e8qgp5bmzyj2050050aa8.jpg
03-22 20:46,1045060802,丝路云,0,继续,https://tva2.sinaimg.cn/crop.0.0.180.180.180/3e4a5cc2jw1e8qgp5bmzyj2050050aa8.jpg
03-22 20:46,2549556215,mjpsg18598,0,"敢顶风作案，后台得有多硬？<span class=""url-icon""><img src=""//h5.sinaimg.cn/m/emoticon/icon/default/d_tanshou-dcf7d5d0d6.png"" style=""width:1em;height:1em;""></span><span class=""url-icon""><img src=""//h5.sinaimg.cn/m/emoticon/icon/default/d_tanshou-dcf7d5d0d6.png"" style=""width:1em;height:1em;""></span><span class=""url-icon""><img src=""//h5.sinaimg.cn/m/emoticon/icon/default/d_tanshou-dcf7d5d0d6.png"" style=""width:1em;height:1em;""></span>",https://tva4.sinaimg.cn/crop.0.0.180.180.180/97f723f7jw1e8qgp5bmzyj2050050aa8.jpg
03-22 20:46,1824217383,民泽君,0,小公司，大背景,https://tva4.sinaimg.cn/crop.409.150.1228.1228.180/6cbb5927jw1efjx30snabj21kw16he81.jpg
03-22 20:45,1877243285,路见,0,为了保护党员干部，祖国不会忘记你的,https://tva4.sinaimg.cn/crop.0.0.639.639.180/6fe47595jw8ez9r60arnwj20hs0hr75b.jpg
03-22 20:45,1731038174,魅影谜璃,4,腐败的那个什么市长，部长，快点出来领罪吧,https://tva2.sinaimg.cn/crop.0.0.180.180.180/672d8bdejw1e8qgp5bmzyj2050050aa8.jpg
03-22 20:45,2349382673,牮L,0,现在招投标哪有什么公开公正公平可言，哪个项目在招标前不都是已经定好了的。招标只是一个流程。,https://tva1.sinaimg.cn/crop.48.22.115.115.180/8c08bc11gw1f08bb30p1zj205c04iwed.jpg
03-22 20:45,2248553957,毛焦火辣的男人,0,有背景！把他搞臭！,https://tva1.sinaimg.cn/crop.0.0.180.180.180/860635e5jw1e8qgp5bmzyj2050050aa8.jpg
03-22 20:45,1755362075,-小荷de尖尖-,0,说实话还真是挺佩服这些能完全无视别人生命安全的人的。难道真的就不怕出了大问题死很多人？怎么想的呢？,https://tva4.sinaimg.cn/crop.14.0.722.722.180/68a0b31bjw8fba9vd3jmyj20ku0k2wf9.jpg
03-22 20:45,3508665297,悟道815,0,有些地方蛀虫太多，反腐太弱。,https://tva1.sinaimg.cn/crop.0.0.996.996.180/d121fbd1jw8f9ym8tjnlvj20ro0rp765.jpg
03-22 20:44,2156510102,青岛小哥201106,0,都这样想就好了,https://tva2.sinaimg.cn/crop.0.0.180.180.180/8089bb96jw1e8qgp5bmzyj2050050aa8.jpg
03-22 20:44,1010016155,稻田1213,0,太可恶了，拿大家的安全开玩笑,https://tva2.sinaimg.cn/crop.0.0.996.996.180/3c339f9bjw8f1ux40m5m4j20ro0rpwgv.jpg
03-22 20:44,1426547531,赵泽妈,8,"市领导居然没有引咎辞职的，也是内心强大<span class=""url-icon""><img src=""//h5.sinaimg.cn/m/emoticon/icon/default/d_tanshou-dcf7d5d0d6.png"" style=""width:1em;height:1em;""></span>",https://tva2.sinaimg.cn/crop.0.0.1328.1328.180/5507634bjw8fcb24j4adnj210w10waiv.jpg
03-22 20:44,1918211387,royidea,0,把背后的 老虎揪出来  黑了心了,https://tvax1.sinaimg.cn/crop.4.0.504.504.180/7255953bly8ff4vnbfp31j20e80e0t91.jpg
03-22 20:44,5203345677,王坤之明亮,0,资质不达，如何招标通过，应该一查到底，抓出藏在党中的蛀虫,https://tva2.sinaimg.cn/crop.0.0.511.511.180/005G8HUhjw8f0vrjdfb46j30e80e7aao.jpg
03-22 20:44,1777325543,传媒中人物,21,应该是某著名领导开的黑厂，这绝对是省部级官领导或者退休级大领导们合伙开的黑厂！,https://tva4.sinaimg.cn/crop.0.0.1080.1080.180/69efd5e7jw8es8i6nkyofj20u00u0tax.jpg
03-22 20:43,3553146501,我实名举报,2,回复<a href='https://m.weibo.cn/n/我实名举报'>@我实名举报</a>:东莞市车友驾校全国最强，不用给学员培训也不用按排学员考试，伪造一个交通局公章就能轻易的从东莞市交警支队拿出驾驶证。全国哪家驾校最强――东莞市车友驾校。 <a href='https://m.weibo.cn/n/畅行莞邑'>@畅行莞邑</a> <a href='https://m.weibo.cn/n/东莞市工商局'>@东莞市工商局</a> <a href='https://m.weibo.cn/n/平安东莞'>@平安东莞</a><a href='https://m.weibo.cn/n/南方都市报'>@南方都市报</a> <a href='https://m.weibo.cn/n/广州日报'>@广州日报</a> <a href='https://m.weibo.cn/n/东莞日报'>@东莞日报</a> <a href='https://m.weibo.cn/n/东莞阳光网'>@东莞阳光网</a> <a href='https://m.weibo.cn/n/东莞广播电视台'>@东莞广播电视台</a>  <a href='https://m.weibo.cn/n/江宁公安在线'>@江宁公安在线</a>,https://tva4.sinaimg.cn/crop.0.0.540.540.180/d3c8b685jw8exrf6ozev8j20f00f03zt.jpg
03-22 20:43,2882894561,老笨头321,0,该追责不仅是电缆的制造商，应该严查有关联的部门责任人经办人的责任。太坑爹了！,https://tvax2.sinaimg.cn/default/images/default_avatar_male_180.gif
03-22 20:43,2074092527,蹦蹦青蛙,0,只让一个小小的总经理出来背锅，谁信服？？？？一定要查电缆公司向谁行贿了！后台是谁！！！把老百姓的性命当什么了？？？这些贪官污吏在我大西安要逆天啊！！！！倒查三号线建设期省市政府、地铁公司全部领导！！！追查责任！！！追究刑责！诛其九族??????,https://tva3.sinaimg.cn/crop.43.0.120.120.180/7ba023efjw1ek4wo7gdzdj205k05kjrw.jpg
03-22 20:43,2203981153,童稚的生命永远在梦里,5,舆论发酵后，整改问题，并推出替死鬼,https://tva4.sinaimg.cn/crop.5.0.502.502.180/835e1561jw8fbg71cse46j20e80dy3z8.jpg
03-22 20:43,1145920875,梦中尘,1,反腐如果追根究底最后党没了，你赔啊?！,https://tva2.sinaimg.cn/crop.0.0.180.180.180/444d5d6bjw1e8qgp5bmzyj2050050aa8.jpg
03-22 20:43,1104447097,^f不迷,0,支持！,https://tva4.sinaimg.cn/crop.57.69.984.984.180/41d48679jw8f8zmnwq0tmj20u00u075i.jpg
03-22 20:43,2328819417,云看点,4,交通大学的某教授发布会 用“没有问题”的说法安稳社会，现在为何这般模样？,https://tvax3.sinaimg.cn/crop.0.0.996.996.180/8acef6d9ly8ffjcdxnty1j20ro0romz1.jpg
03-22 20:43,5715200721,vlvx,5,回复<a href='https://m.weibo.cn/n/momonv'>@momonv</a>:澎湃笑笑不说话,https://tvax1.sinaimg.cn/crop.0.0.996.996.180/006eMoMNly8ffpeqzm7xfj30ro0rp76v.jpg
03-22 20:43,2890076022,掰了个呆们,14,估计是理不清楚！罚酒三杯！找几个替罪羊,https://tva2.sinaimg.cn/crop.0.0.749.749.180/ac430f76jw8f3wg9ota8ej20ku0kt3zg.jpg
03-22 20:42,2087789124,唯一pony,0,追呀，查呀。本来招标本质有问题，想少掏钱用好设备可能么？资本家利益永远在第一位的。,https://tvax1.sinaimg.cn/crop.0.0.996.996.180/7c712244ly8fee109f4bzj20ro0ron0j.jpg
03-22 20:42,1134084605,杨三材他姑,2,把百姓生命幔,https://tva2.sinaimg.cn/crop.0.0.640.640.180/4398c1fdjw8f43cz80uwwj20hs0hsgm9.jpg
03-22 20:42,3082356800,Half_Huang,2,可怕，公共交通也玩猫腻。。还是地铁，我好方好方,https://tva3.sinaimg.cn/crop.0.0.480.480.180/b7b90840jw8ecffiis81lj20dc0dct95.jpg
03-22 20:42,2464305592,首席小板凳群众,0,刚开始，有靠山怕个鸟。后来，靠山:一帮饭桶，还不赶紧认错平息,https://tva1.sinaimg.cn/crop.0.0.640.640.180/92e251b8jw8eyqdhjf4f0j20hs0hsmyl.jpg
03-22 20:42,5669507209,肥皂游击队,14,"我觉得以你的后台，你去查他绝逼死定<span class=""url-icon""><img src=""//h5.sinaimg.cn/m/emoticon/icon/others/d_doge-d903433c82.png"" style=""width:1em;height:1em;""></span>",https://tva3.sinaimg.cn/crop.0.12.488.488.180/006bGFOFjw8fbllavintrj30dk0e874q.jpg
03-22 20:42,2914589325,zhansir看财经,66,当官都这样了，你说还有什么不腐败？ ,https://tvax1.sinaimg.cn/crop.0.0.664.664.180/adb91a8dly8feyqopi7b6j20ig0ig0uv.jpg
03-22 20:42,3040172414,西仟生态家园_只卖绿色食品,0,背后的黑手才是重点，必须深挖！,https://tva1.sinaimg.cn/crop.0.0.200.200.180/b535597ejw8f786bj1lnij205k05kq32.jpg
03-22 20:42,2537053147,只因我正言_D0622,0,追,https://tva2.sinaimg.cn/crop.0.0.748.748.180/97385bdbjw8em2yi67mf5j20ks0ks411.jpg
03-22 20:42,3094763227,我的老婆有点萌,0,"回复<a href='https://m.weibo.cn/n/妞妞冬冬爸爸'>@妞妞冬冬爸爸</a>:是个明白人<span class=""url-icon""><img src=""//h5.sinaimg.cn/m/emoticon/icon/others/h_good-55854d01bb.png"" style=""width:1em;height:1em;""></span>",https://tva4.sinaimg.cn/crop.0.0.180.180.180/b87656dbjw1e8qgp5bmzyj2050050aa8.jpg
03-22 20:42,2524525300,理性的理性3,0,从周小平，到电缆案，现在每天媒体上几乎对陕西福建势力形成了围攻之势。,https://tva2.sinaimg.cn/crop.0.0.180.180.180/967932f4jw1e8qgp5bmzyj2050050aa8.jpg
03-22 20:42,5340920343,伊丽莎白懒羊羊_,0,看看新京报能坚持追问到什么时候！！加油！！！！,https://tva1.sinaimg.cn/crop.0.0.996.996.180/005PrXmvjw8f7ym1c7keuj30ro0rp75n.jpg
03-22 20:42,1202590235,想当初老子的队伍,0,结果还是部宫斗剧,https://tva4.sinaimg.cn/crop.0.0.1242.1242.180/47ae121bjw8f4kedr8etbj20yi0yimzt.jpg
03-22 20:42,3035964073,智健0081,0,中国特色社会主义,https://tva1.sinaimg.cn/crop.0.0.996.996.180/b4f522a9jw8fch6ejc3bxj20ro0rotaq.jpg
03-22 20:42,5802529054,云夏919,2,这个国家已经自上而下烂透了！,https://tvax3.sinaimg.cn/default/images/default_avatar_male_180.gif
03-22 20:42,1799012127,北景三月,0,傻子也知道因为啥！,https://tva2.sinaimg.cn/crop.0.2.750.750.180/6b3abf1fjw8f6enbn2fkyj20ku0kz418.jpg
03-22 20:41,3224260061,小兵-在巡逻,18,"<span class=""url-icon""><img src=""//h5.sinaimg.cn/m/emoticon/icon/others/h_good-55854d01bb.png"" style=""width:1em;height:1em;""></span>支持新京报！",https://tva2.sinaimg.cn/crop.0.0.512.512.180/c02e4dddjw8fc9gmvg43oj20e80e8mxe.jpg
03-22 20:41,1747918315,亲亲笔记,0,看来，那方又要打大老虎了吧。,https://tva4.sinaimg.cn/crop.0.0.180.180.180/682f1debjw1e8qgp5bmzyj2050050aa8.jpg
03-22 20:41,2183940294,老杨-V,0,问得好！,https://tva4.sinaimg.cn/crop.210.6.594.594.180/822c48c6gw1ea8y1pe79fj20p00godoy.jpg
03-22 20:41,3206560865,时光吹老了帅少年,0,招标？ 呵呵,https://tvax1.sinaimg.cn/crop.7.0.498.498.180/bf203c61ly8ffn4kz9rlrj20e80duglt.jpg
03-22 20:41,5263064007,刘硕宁,1,这不是我昨天问的吗,https://tva4.sinaimg.cn/crop.0.0.960.960.180/005Kbhn9jw8f5klm3fv0yj30qo0qoag9.jpg
03-22 20:41,5014657527,马默语,7,"明知故问，举报了！<span class=""url-icon""><img src=""//h5.sinaimg.cn/m/emoticon/icon/others/d_erha-0d2bea3a7d.png"" style=""width:1em;height:1em;""></span>",https://tvax4.sinaimg.cn/crop.153.103.977.977.180/005tmZv1ly8femi01ugp9j30zo0zoqv5.jpg
03-22 20:41,6076411768,用户6076411768,0,"回复<a href='https://m.weibo.cn/n/午夜二过头'>@午夜二过头</a>:<span class=""url-icon""><img src=""//h5.sinaimg.cn/m/emoticon/icon/default/d_nu-3895b46600.png"" style=""width:1em;height:1em;""></span>",https://tvax1.sinaimg.cn/default/images/default_avatar_male_180.gif
03-22 20:41,3337183940,柳小溪_32931,1,希望新京报跟进，此事件太重大！,https://tvax2.sinaimg.cn/crop.409.153.1228.1228.180/c6e962c4ly1fek4s962y6j21kw16o7rp.jpg
03-22 20:41,2508295224,别山吴园居士,1,呵呵，哪一个豆腐渣工程的背后没有官商勾结、权钱交易？！,https://tva4.sinaimg.cn/crop.0.66.400.400.180/95818c38jw8eygrls21hjj20b40es74i.jpg
03-22 20:41,3732346423,湿傅湿傅等等我,0,必须深挖，腐败无大小，交通关乎每一个人,https://tva2.sinaimg.cn/crop.114.146.289.289.180/de771637jw8ewmndftp7sj20eh0cl42m.jpg
03-22 20:41,1938973697,Z文大叔,0,你以为下跪道歉就能阻止调查？,https://tva3.sinaimg.cn/crop.0.32.234.234.180/73926401tw1echryjz1zmj206k07faam.jpg
03-22 20:41,1889672821,Emperor-i,0,新京报是我还敬佩的媒体之一,https://tva4.sinaimg.cn/crop.307.0.1536.1536.180/70a21e75jw8f9s00n0fj1j21kw16o1kx.jpg
03-22 20:40,3317812503,冯沟往事,0,这一波我支持新京报！只要不造谣，还是人民的好孩子！,https://tva1.sinaimg.cn/crop.0.0.1242.1242.180/c5c1cd17jw8f85t3melecj20yi0yijzu.jpg
03-22 20:40,3197171640,陕西新闻吧,0,"<a class='k' href='https://m.weibo.cn/k/陕西舆情?from=feed'>#陕西舆情#</a><span class=""url-icon""><img src=""//h5.sinaimg.cn/m/emoticon/icon/default/d_sikao-7f3b022e72.png"" style=""width:1em;height:1em;""></span><span class=""url-icon""><img src=""//h5.sinaimg.cn/m/emoticon/icon/default/d_sikao-7f3b022e72.png"" style=""width:1em;height:1em;""></span>",https://tva1.sinaimg.cn/crop.0.0.664.664.180/be90f7b8jw8eymnqignbnj20ig0igdgn.jpg
03-22 20:40,6069454959,直肠,0,回复<a href='https://m.weibo.cn/n/肛管'>@肛管</a>:<a href='https://m.weibo.cn/n/新京报'>@新京报</a> 你说呢？,https://tvax1.sinaimg.cn/crop.0.0.1242.1242.180/006CKOuPly8ffo6vdliljj30yi0yijt6.jpg
03-22 20:40,6069454959,直肠,47,追责要从根本上出发，不可包庇，不可故意转移群众视线。,https://tvax1.sinaimg.cn/crop.0.0.1242.1242.180/006CKOuPly8ffo6vdliljj30yi0yijt6.jpg
03-22 20:40,2524525300,理性的理性3,14,直指“那位追寻初心的人”,https://tva2.sinaimg.cn/crop.0.0.180.180.180/967932f4jw1e8qgp5bmzyj2050050aa8.jpg
03-22 20:40,1958904057,你走我回家,0,转发微博,https://tva3.sinaimg.cn/crop.0.0.180.180.180/74c280f9jw1e8qgp5bmzyj2050050aa8.jpg
03-22 20:40,2100787025,标题汪,9,替死鬼,https://tvax3.sinaimg.cn/crop.0.0.200.200.180/7d377751ly8ffbvp4yoz5j205k05kwf4.jpg
03-22 20:40,2821943895,-for-what,121,"起码要挖个省部级出来<span class=""url-icon""><img src=""//h5.sinaimg.cn/m/emoticon/icon/others/h_lai-809bc86d71.png"" style=""width:1em;height:1em;""></span>",https://tvax4.sinaimg.cn/crop.0.0.996.996.180/a8337257ly8fejasg7za9j20ro0ro40f.jpg
03-22 20:40,1834368700,李好同学Leila,2,继续追究有点难，zf巴不得赶紧过去,https://tvax1.sinaimg.cn/crop.0.4.750.750.180/6d563ebcly8fdzc8s1m4zj20ku0l2ab7.jpg
03-22 20:40,3481239350,卖红酒的小飞飞,2,我打赌追不出什么结果,https://tva1.sinaimg.cn/crop.273.6.666.666.180/cf7f7f36jw8fbkkon6oblj20xc0jbmyj.jpg
03-22 20:39,3040355035,妞妞冬冬爸爸,54,招投标就是个渣,https://tvax3.sinaimg.cn/crop.0.0.512.512.180/b53822dbly8fed34qqajkj20e80e8t9c.jpg
03-22 20:39,6064564903,午夜二过头,30,"交通腐败，人命关天， 感谢举报人，功德无量！阿弥陀佛！? 防止和杜绝了上千人死伤的重特大安全事故。假设一下想想地铁特大安全事故的现场场景，尸体横七竖八，堆积如山，有多可怕！<span class=""url-icon""><img src=""//h5.sinaimg.cn/m/emoticon/icon/default/d_nu-3895b46600.png"" style=""width:1em;height:1em;""></span>",https://tva4.sinaimg.cn/crop.0.0.440.440.180/006CqimXjw8fcoslvj9xsj30c80c80t5.jpg
03-22 20:39,3553146501,我实名举报,3,回复<a href='https://m.weibo.cn/n/我实名举报'>@我实名举报</a>:实名公开举报，事实清楚证据确实充分，请大家多多支持！,https://tva4.sinaimg.cn/crop.0.0.540.540.180/d3c8b685jw8exrf6ozev8j20f00f03zt.jpg
03-22 20:39,6005655223,九月与十二,214,背后的人更厉害，迫使他做替死鬼！,https://tva1.sinaimg.cn/crop.12.0.616.616.180/006yr7gPjw8fcdsiqwbldj30hs0h43z0.jpg
03-22 20:39,2917975304,狼毛榴莲町,51,"无非权钱作祟<span class=""url-icon""><img src=""//h5.sinaimg.cn/m/emoticon/icon/default/d_tanshou-dcf7d5d0d6.png"" style=""width:1em;height:1em;""></span>",https://tvax3.sinaimg.cn/crop.0.0.996.996.180/adecc508ly8feml2oxjl4j20ro0roq4r.jpg
03-22 20:39,1494903184,momonv,325,新京报已是不多的敢说话的媒体,https://tva3.sinaimg.cn/crop.0.0.180.180.180/591a6990jw1e8qgp5bmzyj2050050aa8.jpg
03-22 20:39,1769055141,祈Jul,5,背后力量！！！,https://tvax2.sinaimg.cn/crop.0.0.996.996.180/6971a3a5ly8feafplatvqj20ro0ro75y.jpg
03-22 20:39,3553146501,我实名举报,93,我实名举报广东东莞市车友驾驶员培训有限公司董事长张军，公然伪造交通局公章诈骗学员上千万元。强烈要求东莞市交通局收缴车友驾校的全部非法运输所得并作出罚款；强烈要求工商局对东莞车友驾校的欺诈经营行为进行处罚；强烈要求公安机关对东莞市车友驾校负责人张军进行抓捕！举报人：夏红全 <a href='https://m.weibo.cn/n/平安东莞'>@平安东莞</a> ,https://tva4.sinaimg.cn/crop.0.0.540.540.180/d3c8b685jw8exrf6ozev8j20f00f03zt.jpg
03-22 20:39,1598225114,诸葛梦德,3,你懂的！,https://tva1.sinaimg.cn/crop.0.0.180.180.180/5f42fadajw1e8qgp5bmzyj2050050aa8.jpg
03-22 20:39,6118784689,平衡中的失衡,8,擦，这次我同意你！,https://tvax1.sinaimg.cn/crop.0.0.750.750.180/006G5NpDly8fczpjkirubj30ku0kuabh.jpg
03-22 20:39,5708021243,闻道,1,是该问问。,https://tva4.sinaimg.cn/crop.0.0.1440.1440.180/006eih4Ljw8ewm2ayktpaj3140140n4u.jpg
