Source,Target
发布微博的博主,LilyL122
发布微博的博主,淡淡的丁香花味
中国新闻网,1998wangdi
发布微博的博主,LuoHui6969
发布微博的博主,才军本人
米瑞蓉,陕北苹果哥
中国新闻网,大家都叫鱼大夫
发布微博的博主,Johnny201314
发布微博的博主,明天全靠猜
中国新闻网,心跳加速55555
米瑞蓉,tongxinweibo
中国新闻网,梦想里有承诺
中国新闻网,正阳县检察院
发布微博的博主,咸鱼多多_
麟小德,峡谷谷长缇伯斯
中国新闻网,李倩倩倩倩倩倩倩倩
发布微博的博主,麟小德
中国新闻网,张义4367
发布微博的博主,仲夏夜空下
雾里的挥手,一江两岸----杏花村
发布微博的博主,Jessica清言
中国新闻网,白夜杂货铺
发布微博的博主,痴水沧浪狂月九霄
中国新闻网,向日葵88La
中国新闻网,A你的小鑫鑫
中国新闻网,梁笑卿
中国新闻网,恩丫sakura-ustc
米瑞蓉,番茄炒蛋12345
发布微博的博主,月上大白
中国新闻网,就叫lige
发布微博的博主,Y长川桔子
中国新闻网,文家小爽
中国新闻网,z敏敏仪
中国新闻网,请叫我阿罗吧
中国新闻网,阳光的小二刘
中国新闻网,土锅炖肉
中国新闻网,爱若转身
发布微博的博主,克罗诺斯2011
中国新闻网,懒懒的风Neo
发布微博的博主,陈三员外
发布微博的博主,安_木白
发布微博的博主,大智若愚Kimi
中国新闻网,shmily果爱
中国新闻网,寒风wf2000
中国新闻网,雾里的挥手
高规格苟且,碧天无际水空流
发布微博的博主,彭桂清
中国新闻网,抹茶与红豆77
达文西xx,抹茶与红豆77
米瑞蓉,小人物远视野
中国新闻网,slamdunk521
发布微博的博主,双鱼小姿
中国新闻网,异朽阁娃
发布微博的博主,蔡园子evan
中国新闻网,大千世界只一人
中国新闻网,十染-求娘娘辟邪
,CallMeFive
中国新闻网,不吃鱼的猫CJT
米瑞蓉,早早晚晚
中国新闻网,封寿炎
中国新闻网,泡芙小姐的苹果
发布微博的博主,守法公民008
中国新闻网,孔彦明童鞋
发布微博的博主,凯凯王的娜宝贝
发布微博的博主,月刊少女宫崎骏
发布微博的博主,真实的最爱榴莲
中国新闻网,SIT数码汇-
中国新闻网,桂林NEWS
高规格苟且,克罗诺斯2011
中国新闻网,月球厨师-鸡翼
米瑞蓉,敬畏耶和华是智慧的开端7
中国新闻网,流浪的小枫叶在吟唱
中国新闻网,盛闯同学
中国新闻网,吉安慧
发布微博的博主,韵儿1970
发布微博的博主,霍比特人的猫
中国新闻网,EX
中国新闻网,钟涓之
发布微博的博主,兜兜追着余儿游
发布微博的博主,jiangzhenxin0
发布微博的博主,期待来场说走就走的旅行
中国新闻网,520刘小贱
中国新闻网,北京老邓子
中国新闻网,一路兜兜转转跌跌撞撞
发布微博的博主,HXH小辉
发布微博的博主,karenwly
中国新闻网,虫虫Tg
中国新闻网,勤劳的nanababy
发布微博的博主,泠泠玲玲
发布微博的博主,烟雨老农
发布微博的博主,翻车鱼911
发布微博的博主,致正在消失的青春
中国新闻网,库尔德梅
发布微博的博主,一代文盲王
发布微博的博主,刘雄飞-
中国新闻网,中华矿工广播电台青梅轩主
中国新闻网,乐乐魔宝
中国新闻网,搜一搜您目wry做
中国新闻网,战斗-feng
中国新闻网,湘玉三龄童
中国新闻网,JK婷子
中国新闻网,难得不-糊涂
发布微博的博主,拜黑耶火
发布微博的博主,交通民警李自成
中国新闻网,欢仔在线
米瑞蓉,老猫阿贝
中国新闻网,南风窗传媒智库
中国新闻网,miffy201012
中国新闻网,听说改名就没人认识我了那我试试
中国新闻网,今宵2014
中国新闻网,请多观赵
发布微博的博主,克罗诺斯2011
发布微博的博主,江右布衣2011
发布微博的博主,鬼燃梦幻阴阳界
中国新闻网,江右布衣2011
米瑞蓉,Carrot_Crasher
中国新闻网,宣武崇文哪去了
发布微博的博主,富康水塔谢清元
中国新闻网,无肉不欢汤肉圆
中国新闻网,九离是家养宠物犬XD
中国新闻网,阿杜的DAILY
中国新闻网,炫酷的陶然
中国新闻网,羽枫_ltx
中国新闻网,银耀胖猫要减肥
中国新闻网,亚朋0901
发布微博的博主,做第一个我2012
中国新闻网,先天下之
发布微博的博主,鹫灼
中国新闻网,MissPrejudice
发布微博的博主,城东-城西
中国新闻网,米瑞蓉
发布微博的博主,一路随歌-古月有你-胡歌920生快
发布微博的博主,Eva王宓宓
中国新闻网,徐小叶飘啊飘
发布微博的博主,hi-女王大人
中国新闻网,默贱贱
中国新闻网,burjet
中国新闻网,昀出若昕
发布微博的博主,美少女壮士bibibi
中国新闻网,大宝媳妇0910
中国新闻网,半月晴夏
中国新闻网,万小鸦
发布微博的博主,中国新闻网
发布微博的博主,伊尔的美神
发布微博的博主,淡淡的丁香花味
发布微博的博主,鱼鱼爱洋洋
发布微博的博主,心泪52087
兰州晚报,噶玛妙方815
发布微博的博主,雨夜爱radio
发布微博的博主,旗叔不狂
发布微博的博主,依赖是个绝症
发布微博的博主,沉默的羔羊lw
发布微博的博主,人生就是豪赌
发布微博的博主,小宝贝的大宝贝JL
发布微博的博主,沐雪熙菲
落日余晖199801,山中亥儿
NJ芙蕖,南秀之莺
发布微博的博主,览书追影
发布微博的博主,小然木子李然然
蚊子哥哥啦,开心蓝箭-曲靖
活力草根博士,NJ芙蕖
青麦苗儿,抹茶与红豆77
发布微博的博主,十染-求娘娘辟邪
发布微博的博主,活力草根博士
发布微博的博主,执恋_赫妃李师师
发布微博的博主,茗凝悠夏
发布微博的博主,南方无崖子
人鱼鲨鱼,抹茶与红豆77
恕瑞玛老大哥,抹茶与红豆77
发布微博的博主,轻水依莲
发布微博的博主,永远长不大的大宝宝
鬼燃梦幻阴阳界,鸿渐升舞
发布微博的博主,青麦苗儿
发布微博的博主,啊哈missFe
发布微博的博主,兰州晚报
发布微博的博主,宝宝88520-1314
发布微博的博主,张鑫磊CF
发布微博的博主,虐豆狂魔孟德尔
发布微博的博主,七米海岸
发布微博的博主,蜜蜜蜜茶122
发布微博的博主,艾特vivi
发布微博的博主,来过便不从离开
发布微博的博主,赛福丶考菲德斯
发布微博的博主,_城事汇_
发布微博的博主,檬俏业牡难圬
发布微博的博主,本将醒
发布微博的博主,你不要这么有才
发布微博的博主,小彤彤挺好
发布微博的博主,耶律阿保机完颜阿骨打
发布微博的博主,倩洋气
发布微博的博主,聪明的红帽
发布微博的博主,小米饭河北
-天生无趣-,嗷呜吃掉青宇的小肥羊
a大头孤狼,抹茶与红豆77
发布微博的博主,B组编外成员
发布微博的博主,麻垛稻香
空山僧,Simple546
发布微博的博主,B组编外成员
发布微博的博主,轻舞大飞扬
发布微博的博主,西瓜是圆的
空山僧,keikeipoon
发布微博的博主,言回坐忘
子游乐行,荣生golf
发布微博的博主,情有独钟54545
发布微博的博主,J1an9999
捌叁贰肆,涂叉叉的solo
发布微博的博主,空山僧
和田玉百姓玉,子游乐行
和田玉百姓玉,茹玉轩
发布微博的博主,哈工程160514团支部
发布微博的博主,捌叁贰肆
发布微博的博主,威威家的聪明蛋
发布微博的博主,和田玉百姓玉
发布微博的博主,__Skyscraper
发布微博的博主,-天生无趣-
发布微博的博主,BuzzLightYeah
乔汝,中棋郭耀平
发布微博的博主,不不不是个小仙女
发布微博的博主,偶巴偶巴撒浪嘿
发布微博的博主,Homesick---
发布微博的博主,JennyHuang2017
发布微博的博主,黑纱公主101010
发布微博的博主,身后余香
发布微博的博主,善唯斯总代夏沫
发布微博的博主,最喜欢的藏蓝色
发布微博的博主,牧小兰
发布微博的博主,往事如风6812
发布微博的博主,全民gossip
发布微博的博主,liangyu良缘
发布微博的博主,基路亚飞影开始吃土
发布微博的博主,我糊六饼啊
发布微博的博主,江夏云飞
发布微博的博主,都很安静440
发布微博的博主,落箫尘的blog
发布微博的博主,济公活佛圣训
发布微博的博主,公理何在
发布微博的博主,江夏云飞
发布微博的博主,小不点0321
发布微博的博主,三观很正的大梁
发布微博的博主,圆乎乎的jjmao
发布微博的博主,天地人和011
徐梵M,bjgzwu
发布微博的博主,任愈航
发布微博的博主,惩恶扬善OK
发布微博的博主,Wuli武W喵喵
发布微博的博主,芷悦语2012
发布微博的博主,Galaxy鹿DOBI
发布微博的博主,有点甜的少年郎
发布微博的博主,Chen_weiyong
发布微博的博主,不会起昵称的烦恼
发布微博的博主,ssss596
发布微博的博主,穿着破皮鞋闯天涯
发布微博的博主,keitalee
发布微博的博主,Evelyn小P孩
发布微博的博主,Urnotmybabe
发布微博的博主,中广联合会交宣委
发布微博的博主,Final-Time
发布微博的博主,科勒诺维达东北总代理
发布微博的博主,午时已到奈何一笑
发布微博的博主,Dixon_1007
发布微博的博主,2016一场雪
发布微博的博主,樱之影
发布微博的博主,Diego928
发布微博的博主,吃饭不洗碗0
发布微博的博主,姆妈屋企
发布微博的博主,东坡街道政务服务
徐梵M,笑岔气了
发布微博的博主,伯尼熊
发布微博的博主,鱼鱼爱洋洋
发布微博的博主,钱钱钱钱难友
蚊子哥哥啦,鸡林耀
发布微博的博主,vvomg
发布微博的博主,响当当的蔡叨叨
发布微博的博主,静贤伊人
发布微博的博主,红星闪闪的Charles
然之草芥,徐梵M
发布微博的博主,像我这么正宗的黑眼圈少年
发布微博的博主,城东-城西
发布微博的博主,咯吱咯吱山风中的鱼干
徐梵M,爱澜微博
发布微博的博主,森林0329
发布微博的博主,追逐太阳W
发布微博的博主,孟亿万
发布微博的博主,A股趋势看盘
发布微博的博主,桃花主人
发布微博的博主,在烟火中缥缈
发布微博的博主,Mr-十三先生
发布微博的博主,吴大厨给我来碗西米露
发布微博的博主,桂林NEWS
南通日报,徐梵M
发布微博的博主,数学圈内人士
南通日报,左岸--清晨
发布微博的博主,黄山新闻综合广播
发布微博的博主,shaw抽抽
发布微博的博主,哥斯拉-反金刚站队
布来恩特于,我就是我001有梦想
发布微博的博主,yorkie幺柒
发布微博的博主,璐璐璐璐咕噜咕噜咕噜
发布微博的博主,凹桃就是Duang
发布微博的博主,樱飞旋
发布微博的博主,胖小胖123
发布微博的博主,_L一拥哪腥
发布微博的博主,南通日报
发布微博的博主,vivid______
发布微博的博主,China--娜是幸运的妞
发布微博的博主,太祖玛
发布微博的博主,Dy玲AC
发布微博的博主,猫元帅
发布微博的博主,一蓑烟雨任平生-清醒纪
发布微博的博主,nuannuanyangguang
发布微博的博主,熟悉的寂寞2010
发布微博的博主,甘小萍gxp
发布微博的博主,默默孙
发布微博的博主,生我养我的地方叫北京_
发布微博的博主,Motley200501
发布微博的博主,北海海事法院
发布微博的博主,甘肃农业大学信科院jijianbu
发布微博的博主,鬼燃梦幻阴阳界
发布微博的博主,绝不辜负乡亲们对我的期望
发布微博的博主,最搞笑视频集结号
发布微博的博主,小狗咬尾巴
发布微博的博主,乔安娜不二心
