7136,外商企业网上办理变更备案,市科技工贸和信息化委员会,2016.10.20,2016.10.25,"外商企业网上办理变更备案提交的附件《变更备案申报承诺书》中，法人签字是一定要手签还是可以直接盖法人签字章？
		","关于外商企业网上办理变更备案的问题，建议直接咨询我委外资处，电话88102060??? 88103192，谢谢！
		
		"
8576,关于境外设立公司，注册资金汇出的问题,市科技工贸和信息化委员会,2016.09.01,2016.09.02,"请问，我们公司计划在香港建立子公司，但由于我们在境外的公司为类金融类，工商无法备案，请问如何可以将注册资金汇出，不是投资款。谢谢！
		","你好，关于境外设立公司资金汇出问题，建议直接咨询我委对外合作处88103050，谢谢！
		
		"
9141,咨询注册中外合资企业应该在贵所如何办理,市科技工贸和信息化委员会,2016.08.08,2016.08.09,"你好？ 本公司与台湾（个人）在中国镜内想注册一家中外合资企业，请咨询一下在贵单位应该如何办理相关手续及流程，所需要的材料是否有相关格式及表格下载，谢谢！
		","你好，关于注册中外合资企业的问题，建议直接咨询我委外资处88102060??? 88103192，谢谢！
		
		"
9204,2016年展会补贴具体操作,市科技工贸和信息化委员会,2016.08.04,2016.08.08,"我司是2016年5月底参加的德国展会，现已注册，但无法申报，显示不在申报时间内，是先提交资料到有关部门还是等申报时间到了，申报后再提交资料呢，请问具体的操作流程是怎么样的？
		","你好，关于参加国外展会补贴的问题，建议直接咨询我委预算监督处88103153，谢谢！
		
		"
9334,咨询深圳创业补贴的事情,市科技工贸和信息化委员会,2016.07.29,2016.08.01,"我在某个公司网站上看到了深圳创业补贴的消息，想咨询一下此信息是否属实，以及此信息的具体有关内容
		","你好，关于您咨询的创业补贴的问题，请咨询我委预算监督处88103153，谢谢！
		
		"
9500,分公司的外商投资企业联合年报,市科技工贸和信息化委员会,2016.07.21,2016.07.22,"早上好，我们是隶属上海总公司（属于外商投资公司）的深圳分公司，我不太清楚深圳分公司要不要提交外商投资企业联合年报，还是只要总公司提交就行了？什么情况我们要，什么情况我们不要提交申报呢？ 谢谢您。
		","你好，关于外商投资企业联合年报的问题，建议直接咨询我委外资处88102060??? 88103192，谢谢！
		
		"
9636,关于来料加工企业情况,市科技工贸和信息化委员会,2016.07.14,2016.07.15,"您好，我室长春市商务局珠三角处杨德彬，有事想咨询贵委，有关加工贸易的情况，具体找那个处室联系，谢谢
		","你好，请联系我委外贸处88101497，谢谢！
		
		"
15162,外国投资者占比不到1%，还算是中外合资企业吗,市科技工贸和信息化委员会,2015.12.08,2015.12.09,"您好！我公司目前是中外合资企业，其中有两个股东是外国投资者，但是近期有个外国投资者股份将转让给中方投资者，那么，外国投资者只剩香港公司那个股东，占比才0.7%左右，这样，我公司的企业性质还是中外合资企业吗？是不是只要有外国投资者，无论占比多小，都算中外合资企业呢？谢谢！
		","您好！建议您向我委外资处提出咨询。电话：88103435,88103192。谢谢！ 
		
		"
18404,关于经营范围的问题,市科技工贸和信息化委员会,2015.07.31,2015.08.06,"我司的申报设立登记业务已核准，“但是经营范围中石油化工产品销售，需依法取得市经贸信息委审批文件后可经营，请务必尽快办理相关审批手续”请问怎么办理相关的手续问题？本人第一次办理业务，所以不是很了解。 我司主要经营以燃料油、沥青、润滑油、溶剂油、石脑油、甲醇、石油芳烃、化工轻油、液化石油气、天然气、易燃液体、压缩气体及液化气体、煤油、航空煤油、化工产品等等，这些属于一般经营范围还是许可经营范围？如果是需要得到审批文件后才可以经营的，需要怎么办理相关手续？ 请相关政府部门予以答复，谢谢。
		","您好！关于您咨询的问题请查看我委网站了解详情，网址：http://www.szjmxxw.gov.cn/Service/index.aspx?ClassId=13点击在线办事的业务类型划分――安全生产，如还有不清楚的地方建议您向我委安全生产监督处提出咨询。电话：82002232,82002417。谢谢！ 
		
		"
20322,办理数字证书,市科技工贸和信息化委员会,2015.05.12,2015.05.13,"数字证书在哪里办理？需要的材料有哪些？有没有专门的委托书？去海关大厦申领吗？当场就可以领到吗？
		","您好！您咨询的数字证书不知道是针对哪项业务的。如果是对外投资业务的请联系市经贸信息委对外合作处，电话82107335或中国国际电子商务中心深圳代表处，电话25331217,25331087.
		
		"
20468,关于澳门自然人并购内资公司事宜,市科技工贸和信息化委员会,2015.04.28,2015.05.06,"您好，我公司是小规模纳税人，有股东两人，现其中一个股东转让股份10%给澳门自然人丙，请问我要去见证可以办理吗？我要到贸工局办理什么程序才可以去见证呢？另外转让的价格有什么要求吗？ 
		","您好！建议您向我委外资管理处提出咨询。电话：82003435,82003192。谢谢！
		
		"
20925,M.I.D.代码的申领手续及查询方法,市科技工贸和信息化委员会,2015.04.10,2015.04.10,"我司为服装制造业。为外资企业。因我司有一些出口单的发票上有一个MID代码，有些没有。经在网上查询这MID代码是由经济贸易局外贸科办理的，一般去美国的货物都需提供这个代码（Manufacturer Identification Code,MID)但我打了几个经济贸易局的电话都说不是他们部门办理的，请问这项业务是不是取消了？或是转为别的部门办理了？如果之前办的现在能在网上查询到吗？
		","您好！建议您向我委对外贸易处提出咨询。电话：82001497。谢谢！
		
		"
22358,关于短期出口保费资助申请,市科技工贸和信息化委员会,2014.12.23,2014.12.25,"我申报2014年第三季度的短期出口信用保险保费资助申请，在深圳市经济贸易和信息化的申报记录中显示已办结，其它流程就不知道。想咨询保费资助大约什么时候可以到帐，谢谢
		","您好！建议贵公司联系我委预算监督处了解查询相关资金拨付情况，电话82003153.
"
22420,变更对外茂业经营者备案登记表,市科技工贸和信息化委员会,2014.12.15,2014.12.16,"因我司（小规模内资企业）公司经营地址发生变更，现要变更对外贸易经营者备案登记表，请问如何操作，具体操作流程和需要提供的资料？
		","
您好！企业办理备案变更，请通过我委网站登录“深圳市对外贸易经营者备案登记变更系统”，填写企业目前名称及注意反复检查13位企业代码。需变更项目才需填写企业的原信息和现信息，未发生变更的栏目不用填写。提交成功后打印《深圳市对外贸易经营者备案登记表事项变更申请表》盖企业公章后到市民中心行政服务大厅办理即可。联系电话：82108530。谢！
"
22773,在前海新区设立内资商业保理公司事宜,市科技工贸和信息化委员会,2014.12.01,2014.12.02,"您好！请问目前在前海新区能否设立内资商业保理公司？如果可以，具体的设立条件和流程是？谢谢！
		","目前内资商业保理审批还未放开。我市只在前海开展试点，如需申请可以找前海管理局。内资企业开展商业保理的有关政策现正在全国征求意见，尚无具体时间表。预计全国性政策出台后，将需要向我委申请后报部里备案。
"
22850,回收报废电子产品是否许可证,市科技工贸和信息化委员会,2014.11.17,2014.11.30,"您好，我们想咨询以下几个有关废弃电子产品回收的问题，非常感谢您的专业回复. 1. 我们深圳分公司为我们的客户在中国的分支机构提供IT电子资产报废处理服务，具体包括第一从Oracle/Microsoft等公司回收报废的笔记本电脑 台式电脑 服务器 交换机 企业级硬盘 打印机等等产品； 第二清洁翻新可用的产品； 第三 作为二手产品在市场上出售； 请问以上经营活动是否需要许可证? (对于不能再用的产品我们会出售给有废弃电器电子回收处理-拆解许可证的下游公司来处理, 我们公司自己并不自行处理) 2. 请问需要什么许可证? 许可证的名称是? 3. 该许可证需要向哪个部门申请? 我们公司在深圳前海注册 4. 该许可证的申请需要什么文件? 正常的申请需要多长时间完成，具体流程是什么? 再次感谢您的大力支持. ^_^
		","
您好！关于废旧电子产品回收，建议您向我委电力资源处提出咨询。电话：82107309。谢谢
"
25165,企业参于申请广交会的资格-黑名单,市科技工贸和信息化委员会,2013.11.12,2013.11.15,"兹我司深圳市***贸易有限公司于2009年度第一次参于广交会申请事宜，业务不熟，申请期间恰逢公司地址迁移，未及时向深圳交易团提交变更申请，致使我司不符合2009年度广交会申请资格。此情况我司于去年在申请2013年度广交会，提交申请材料时才发现，当时由于时间仓促，没有来得及。现公司确实本着企业发展需要，望能参于申请2014年度广交会资格，要怎么办？ 望政府有关部门能及时回复！电话难打，咨询无门。深圳是开放的城市，别再出现脸难看、门难进、事难办的形象。
		","您好！关于申请2014年度的广交会，我委网站上已经发布了通知，具体申请要求请查看通知。http://www.szjmxxw.gov.cn/Index20/2939.shtml? 深圳市经贸信息委关于受理第115届广交会展位申请的通知
"
25410,自动进口许可证的电子钥匙,市科技工贸和信息化委员会,2013.09.18,2013.09.22,"你好！请问自动许可证的电子钥匙在深圳哪里可以领取，去窗口办理的时候工作人员只说了可以去福田保税区。麻烦提供详细地址，谢谢~
		","您好！您可以去福田保税区英达利科技数码园A栋8楼中国国际电子商务中心深圳代表处办理电子钥匙。联系电话：25331236
"
25417,对外投资年检证书,市科技工贸和信息化委员会,2013.09.16,2013.09.18,"您好： 我司于6月17日至市民中心完成对外投资统计年报和联合年检，并提交年检证书及报送材料。办理人员答复待年检结束后将通知取回证书，但至今未接到任何相关通知及通告。烦请告知该年检证书取回日期及相应手续，谢谢！
		","您好！对外投资联合年检是商务主管部门和外汇管理部门联合年检的，待年检完我们会通知企业前来领证书的。预计10月份，到时会短信或邮箱通知企业领取。
"
25432,在深圳南山科技园创业不知道政府有哪些相关扶持政策,市科技工贸和信息化委员会,2013.09.16,2013.09.16,"我们在南山科技园投资了一家小型的软件技术公司，遇到资金等更方面困难，不知道政府是否有什么相关的扶持政策，或者我应该去那个部门直接咨询？
		","您好！关于中小企业扶持政策，可联系中小企业服务中心。咨询电话：82977351、82975925
"
25439,"外国企I,香港企I在深圳_公司之方法",市科技工贸和信息化委员会,2013.08.27,2013.09.16,"T外国企I,香港企I在深圳_公司之方法,xx.
		","您好！关于外资企业设立，包括设立中外合资企业、中外合作企业、外资企业、外商投资商业企业、外国投资者并购境内企业。申请设立不同类型的企业需要提交不同的资料。具体请参阅我委门户网站外商投资企业设立指南。地址：http://www.szjmxxw.gov.cn/newweb/BSZNContent.aspx?id=8&BSZNID=120感谢您对深圳经济贸易和信息化发展的关注。
"
25802,怎么办理进出口权,市科技工贸和信息化委员会,2013.05.22,2013.05.30,"你好，请问怎么办理进出口权，谢谢！！
		","您好！感谢您对深圳市经贸信息委工作的关注。进出口贸易权、进出口经营权、进出口企业批准证书，三证都指的是对外贸易经营者备案登记证书。办理对外贸易经营者备案登记的企业，必须首先取得工商营业执照，并在经营范围中具有从事相关“进出口”或“货物及技术进出口”经营业务；对于营业执照中无从事“进出口”业务经营范围的，须先到工商部门增加经营范围；然后在我委网站中的“对外贸易经营者备案登记系统”内进行申报。申报需要提交以下材料： 1、经申报单位负责人签名并加盖申报单位印章的《对外贸易经营者备案登记表》（备案系统中打印）；?2、营业执照复印件（正本或副本）（注:使用新版“营业执照”的，请一并提交经营范围含“进出口”或“货物及技术进出口”的备案信息，该信息可登录市市场监督管理局网站http://www.szscjg.gov.cn/ 的“市场主体信息查询”栏目查询并打印信息查询单）；?3、组织机构代码证书复印件；?4、企业法定法人或个体工商负责人身份证复印件；5、领证人非法人的，应提供已签字盖公章的法人委托书和领证人身份证复印件；6、对外贸易经营者为外商投资企业的，提交外商投资企业批准证书复印件；?7、依法办理工商登记的个体工商户（独资经营者），须提交合法公证机构出具的财产公证证明；依法办理工商登记的外国（地区）企业，须提交经合法公证机构出具的资金信用证明文件。?以上材料复印件均需校验原件。
"
25824,关于资金拨付的明细,市科技工贸和信息化委员会,2013.05.08,2013.05.22,"您好！ ?? 我司于2012年9月份申报了3份中小企业国际市场开拓资金的资料，受理编号分别为：201209263000100.201209193000361.201209193000362，此三份资料均已被受理。 ??? 2013年3月份政府在《深圳市经济贸易和信息化委员会》网站上公布了拨款明细和不予拨付的公司的名称，但是均未搜索到我公司名称：深圳市银星智能科技股份有限公司。 ????? 故此发此邮件询问一下，我公司的申请是否予以了批准，盼回复，谢谢！
","感谢您的咨询，您要咨询的问题建议与我委计划财务处82002414 82107026取得联系后反映情况或致电12345。此系统无法转件到处室还请见谅！
"
25842,中小企业国际市场开拓资金审核000--审核,市科技工贸和信息化委员会,2013.04.28,2013.05.07,"受理编号： 201211133000504 申请日期：2012-11-13 承诺日期：2013-02-15 一直没有收到补贴的资金，也没有收到其他任何回复，当然也打过2013年4月28号也打了 电话咨询，回复直接查公示，查不到啊，查不到，怎么办，等啊。 是不是一直等。? 请抽时间给答复，谢谢你。
","感谢您的咨询，您要咨询的问题建议与我委计划财务处82002414 82107026取得联系后反映情况或致电12345。此系统无法转件到处室还请见谅！
"
25843,外商投资,市科技工贸和信息化委员会,2013.04.23,2013.05.07,"我的一个美国朋友希望与我在深圳成立一家有限责任公司，资金全部由对方出，投 ? 资额大约是500万美元，法人代表是否可以由我担任？并且请问这个公司的性质是内 ? 企还是外企呢？在股份比例方面国家是否有相关的规定？ ? 那么这个公司成立后是否可以再入股到一些大型的国有企业占有一定比例的股份？谢谢
","感谢您的咨询，您要咨询的问题建议与我委外商投资管理处82002055、82001482取得联系后反映情况或致电12345。此系统无法转件到处室还请见谅！
"
26875,章程修改申请报告要求,市科技工贸和信息化委员会,2011.05.04,2011.05.10,"你好。我想咨询下外资企业的章程修改申请报告撰写有何要求，有范文参考吗？大概有哪些要求点需要写到？
","感谢您的咨询，关于外资企业的章程范本请上我委网站表格下载栏目――外商投资管理处下载专区下载，具体地址http://www.szsitic.gov.cn/bgxz/bgxz_4.htm
"
27653,新《公司法》实施后，外商投资商业企业的最低注册资本应是多少？,市科技工贸和信息化委员会,2009.11.06,2009.11.06,"新《公司法》实施后，外商投资商业企业的最低注册资本应是多少？
","新《公司法》颁布实施后，规定公司的最低注册资本额为3万元人民币。经向商务部有关部门核实，目前外商投资商业企业的最低注册资本额仍按8号令颁布时的《公司法》有关规定执行，即从事批发业务的有限责任公司最低注册资本额为50万元人民币，从事零售业务的最低注册资本额为30万元人民币。
"
27654,09资金,市科技工贸和信息化委员会,2009.11.06,2009.11.06,"关于09年的“中小企业国际市场开拓资金”，网上公布我们是第四批，我们打电话到财政局询问拨付时间，财政局的工作人员却说贸工局的材料还没有送到他们那，我想问贸工局何时会把材料送到财政局？我们企业又何时可以拨付？
","中小企业国际市场开拓资金是我委和市财政委共管的资金，中小企业申请该项资金的申报我委是严格按照非行政许可的要求２０个工作日转交市财政委，这是不会耽误的，由市财政国库统一拨付，请耐心等待.
"
27655,个人能否申请,市科技工贸和信息化委员会,2009.11.06,2009.11.06,"单独的自然个人能否申请?
","不行,必须满足:（一）符合深圳市人民政府统一规划、合理布局、有利流通、方便群众、便于检疫和管理的原则制定的定点屠宰场设置规划；　　（二）选址远离生活饮用水的地表水源保护区，不妨碍或者影响所在地居民生活和公共场所的活动；　　（三）有与屠宰规模相适应，水质符合国家规定标准的水源条件。　　法律依据：《生猪屠宰管理条例》第七条。
"
27656,如何申报,市科技工贸和信息化委员会,2009.11.06,2009.11.06,"[深圳市卓维信科技有限公司]：我电话咨询市安监局业务人员，危险化学品经营许可证是在贵处办理。我们公司经营农药进出口业务。谢谢
","如果农药中含有国家公布的“危险化学品”名录中的化学品的，属于危险化学品，其经营需取得”危险化学品经营许可证”，具体申报办法可到市民中心大厅２６号窗口咨询 。
"
27657,流程,市科技工贸和信息化委员会,2009.11.06,2009.11.06,"不知流程如何?
","（一） 根据商务部有关公告，企业提交申请；　　（二） 我局审核汇总转报商务部；　　（三） 商务部下达至企业。
"
27658,境外个人投资者当面呈报资料，身份证明是否还需公证或认证？,市科技工贸和信息化委员会,2009.11.06,2009.11.06,"境外个人投资者当面呈报资料，身份证明是否还需公证或认证？
","如境外个人投资者持合法证件入境，其本人亲自向审批及登记机关递交申报材料的，经审批及登记机关验证，其身份证明可不需公证或认证。
"
27659,需要年检吗,市科技工贸和信息化委员会,2009.11.06,2009.11.06,"是不是每年都要年检???
","是.
"
27660,申请设立或变更外商投资建筑业企业时需提交什么材料，审批程序是什么？,市科技工贸和信息化委员会,2009.11.06,2009.11.06,"申请设立或变更外商投资建筑业企业时需提交什么材料，审批程序是什么？
","根据商务部商资函【2005】90号文，从2006年3月31日起，深圳市贸工局有权对外商投资建筑业企业的设立、变更进行审批。具体申报材料和程序等事宜按《外商投资建筑业企业管理规定》（建设部、外经贸部令【2002】第113号）及其他外商投资法律法规的规定，在征求建设行政主管部门意见后办理。
"
27661,哪个部门负责,市科技工贸和信息化委员会,2009.11.06,2009.11.06,"什么部门负责这件事呀?
","市科工贸信委外贸处.
"
27662,条件,市科技工贸和信息化委员会,2009.11.06,2009.11.06,"需要什么条件
","?凡经过经过市科工贸信委批准使用、由转贷银行调查同意取得外贸出口基金贷款的、并已履行贷款合同按时归还贷款的企业。
"
27663,仍需要登记吗?,市科技工贸和信息化委员会,2009.11.06,2009.11.06,"仍需要登记吗?
","是的.
"
27664,时间,市科技工贸和信息化委员会,2009.11.06,2009.11.06,"多少时间能办好?
","我委接受资料后20个工作日以内送市财政局审定拨付.
"
27667,有没有依据,市科技工贸和信息化委员会,2009.11.06,2009.11.06,"不知做这件事有没有法律依据???
","商务部公告2007年第90号 公布2008年农产品、工业品和纺织品出口配额总量商务部公告2007年第75号 公布2008年原油、成品油非国营贸易进口允许量、分配依据和申请程序
"
27668,哪里申报,市科技工贸和信息化委员会,2009.11.06,2009.11.06,"我想请问企业制作网站的费用现在可以申请报销吗，在哪里申请。谢谢！(
","贵公司可申请国家中小企业国际市场开拓资金中的宣传推介项目-网站，详情请登录我委网站中小企业国际市场资金专栏。网站地址为：http://www.szbti.gov.cn/.
"
27669,申请设立或变更外商投资印刷企业时需提交什么材料，审批程序是什么？,市科技工贸和信息化委员会,2009.11.06,2009.11.06,"申请设立或变更外商投资印刷企业时需提交什么材料，审批程序是什么？
","根据商务部商资函【2005】91号文，从2006年3月31日起，深圳市贸工局有权对外商投资印刷企业的设立、变更进行审批。具体申报材料和程序等事宜按《设立外商投资印刷企业暂行规定》（新闻出版总署、外经贸部令【2002】第16号）及其他外商投资法律法规的规定，在申请人报经新闻出版行政部门批准后办理。
"
27670,年审,市科技工贸和信息化委员会,2009.11.06,2009.11.06,"仍需要年审吗?
","根据国家对外贸易法,不需要年审了
"
27671,有哪些外商投资商业项目仍须报商务部审批？程序如何？,市科技工贸和信息化委员会,2009.11.06,2009.11.06,"有哪些外商投资商业项目仍须报商务部审批？程序如何？
","下列情形之一的，须上报商务部审批：1、通过电视、电话、邮购、互联网、自动售货机等方式销售；2、分销商品涉及钢材、贵金属、铁矿石、燃料油、天然橡胶等重要工业原材料，及图书、报纸、期刊、成品油和原油、药品、汽车、农药和农膜化肥、盐、音像制品（批发）等；3、零售店铺：单一店铺营业面积超过5000平方米，且店铺数量超过3家，其外国投资者通过设立的外商投资商业企业在中国开设同类店铺总数超过30家；单一店铺营业面积超过3000平方米，店铺数量超过5家，其外国投资者通过设立的外商投资商业企业在中国开设同类店铺总数超过50家的零售项目；4、通过并购方式设立外商投资商业企业的，如果境内外企业被同一管理层所控制或其实际控制人为同一人。申报企业按申报须知报送全套资料一式一份和全套资料的复印件（申请、合同、章程应为原件）一式一份，涉及开设店铺的报送全套资料一式一份和全套资料的复印件一式二份给深圳市贸易工业局（市民中心服务大厅东厅8、9号窗口），由深圳市贸易工业局在5个工作日出具请示文件，上报国家商务部，商务部在收到全部申请资料后三个月内作出是否批准的决定，对于批准的，颁发《外商投资企业批准证书》，对于不批准的，应说明原因。
"
27672,补报,市科技工贸和信息化委员会,2009.11.06,2009.11.06,"今年的中小企业国际市场开拓资金的项目计划还有补报的机会吗
","今年的中小企业国际市场开拓资金的项目计划申报时间截止至11月30日，请抓紧时间申报项目计划。
"
27673,多少时间批,市科技工贸和信息化委员会,2009.11.06,2009.11.06,"多少时间批准呀?
","（一）非国家重点管理的品种：　　我局收到许可申请内容正确且形式完备的申请材料后，在10个工作日内签发自动进口许可证。　　（二）国家重点管理的品种：　　1．我局收到许可申请内容正确且形式完备的申请材料后，在3个工作日内录入系统上报商务部；　　2．商务部收到数据后，5个工作日内反馈复审意见；　　3．我局收到商务部复审意见后，对通过复审的申请表在2个工作日内签发许可证，对未通过复审的申请表在2个工作日内予以退件处理。
"
27674,申请材料,市科技工贸和信息化委员会,2009.11.06,2009.11.06,"申请材料需要哪些呀?有没有电话联系?
","??? （一）《重要工业品自动进口许可证申请表》；　　（二）申请报告（内容包括申请数量，已领许可证的使用情况，申请企业的基本情况：注册资金、生产能力、经营规模、销售收入等）；　　（三）货物进口合同；　　（四）属于委托代理进口的，须提交委托代理进口协议（正本）。　　注：1、初次申请的企业须提交以下材料：（1）企业法人营业执照副本复印件（来料加工企业提交广东省对外来料加工特准营业证复印件）;（2）组织机构代码证副本复印件;（3）税务登记证（国税）副本复印件;（4）外商投资企业批准证书或对外贸易经营者备案登记表复印件;（5）自理报关单位注册登记证明书或对外加工生产企业海关登记通知书复印件。以上复印件须提供原件核对。　　2、国家现行重点管理的钢材品种（热轧普薄板、冷轧普薄板、彩涂板、非取向硅钢、冷轧不锈薄板）的申请要求：（1）申请上述五类钢材品种，必须按类别单独递交申请材料，不得与其它类别钢材混报；否则，不予受理;（2）再次申请的企业，在递交申请材料时，须提供已领取自动进口许可证的海关进口报关单（审核原件，复印件留存）；否则，不予受理。　　3、氧化铝为国家一级管理商品，由商务部对外贸易管理司直接受理。（咨询电话：010-65197447）
"
27675,材料,市科技工贸和信息化委员会,2009.11.06,2009.11.06,"需要什么材料
","（一）填写深圳市外贸发展基金贷款贴息申请表，企业负责人签名并盖企业公章、转贷银行经办人签名并盖银行公章（一式两份）；　　（二）办理外贸发展基金贷款时所产生的借据、归还借款的票据、利息单、货款合同原件及复印件，并在货款合同复印件上盖企业公章（核对正本后留两份复印件）。
"
27676,申请设立或变更外商投资无船承运企业时需提交什么材料，审批程序是什么？,市科技工贸和信息化委员会,2009.11.06,2009.11.06,"申请设立或变更外商投资无船承运企业时需提交什么材料，审批程序是什么？
","根据商务部商资函【2005】93号文，从2006年3月31日起，深圳市贸工局有权对外商投资道路运输企业（道路旅客运输企业除外）的设立、变更进行审批。具体申报材料和程序等事宜按《外商投资道路运输业管理规定》（交通部、外经贸部令【2001】第9号）及其他外商投资法律法规的规定，在申请人报经交通主管部门批准后办理。
"
27677,从事分销业务的相关配套业务指的是什么？,市科技工贸和信息化委员会,2009.11.06,2009.11.06,"从事分销业务的相关配套业务指的是什么？
","根据我国加入世贸组织的加入议定书附件2，相关配套服务包括存货管理；整批货物的集中、分类和分级；整批货物的拆包和拆零；送货服务；冷藏、存贮、仓储和泊车服务；促销、营销和广告、安装及包括维修和培训服务在内的售后服务。
"
27678,负责机关联系电话,市科技工贸和信息化委员会,2009.11.06,2009.11.06,"负责此项目的联系电话??
","请找郭先生:82108715。
"
27679,现向哪个单位申报,市科技工贸和信息化委员会,2009.11.06,2009.11.06,"是不是仍向市贸工局申报??
","是向市科工贸信委申报.
"
27680,分公司出口,市科技工贸和信息化委员会,2009.11.06,2009.11.06,"我司在福建设立总公司，现在深圳设立分公司。福建公司有进出口的权力，请问深圳分公司可否申请进出口权力？(
","不可以，该证为属地化管理，分公司为非独立法人单位，如果需申请该证请到法人所在地申请.
"
27681,超额,市科技工贸和信息化委员会,2009.11.06,2009.11.06,"我公司今年就将超过“中小企业国际市场开拓资金”50万的额度，怎么办？贸工局有没有解决的办法啊？在当前比较严峻的经济形势下，只有“中小企业国际市场开拓资金”对我们企业的帮助是最直接的，也是最有效的。
","这是国家资金，必须按照国家的规定，贵公司的忧虑，我们充分理解，如果要继续利用此类资金只能2011年再申请。
"
27682,哪个部门负责,市科技工贸和信息化委员会,2009.11.06,2009.11.06,"请问这个申报由哪个部门负责,有没有联系人和电话??
","联系人:曾锦辉 电话:82107093
"
32586,企业是否存在,市科技工贸和信息化委员会,2007.11.21,2007.11.29,"深圳市福田区福华路广业大厦北座8B-8C有“乐深电子（香港）实业公司”这个公司吗？这个公司存在吗？
		","请到工商局查询。
		
		"
32587,关于外商独资企业变更经营范围有关免税进口设备征税的问题,市科技工贸和信息化委员会,2007.11.20,2007.11.29,"我司是外商独资企业，产品100%外销，现申请部分改为内销，原来免税进口不够五年期限且于生产内销的机器设备要不要征税？谢谢！
		","[副巡视员王玲]： 如果是2002年以前设立的外资企业，按海关有关要求办理征税事宜，2002年以后设立的外资企业，因先征后返，不存在上述问题。
		
		"
32588,常驻代表机构聘用手续,市科技工贸和信息化委员会,2007.11.15,2007.11.29,"你好,我们是一新成立的外国企业常驻代表机构,原打算到是'深圳市对外劳动服务公司外企服务部'办理招聘中国员工的聘用手续,但刚好有一家叫:'深圳市中和对外商务服务有限公司',声称是深圳市人民政府批准为外国和港澳台企业常驻代表机构提供各项劳动服务和管理的机构,而且还有政府的批准文件,也可以为我们办理聘用手续.现想知道委托这家公司办理是否合法?
		","[副巡视员王玲]： 可到工商局查询这家公司是否合法注册，并要求该公司出示有关材料文件，建议到成熟的服务公司办理业务。
		
		"
32589,专利权涉外转让,市科技工贸和信息化委员会,2007.11.20,2007.11.29,"按照国家专利第９４号文件规定，国内专利权人将自己拥有的专利权转让给香港等境外公司，必须提供商务部门出具的许可证明．请问，具体的商务部门是哪个部门？深圳是否有审批的部门？如果有请提供具体单位，如何办理？谢谢！
		","[副巡视员王玲]： 按照《中华人民共和国对外贸易法》和《中华人民共和国技术进出口管理条例》的有关规定，包括专利在内的技术出口需申办《技术出口合同登记证书》，我局负责深圳企业相关业务的具体办理。办理所需的详细流程和需提交的材料等信息可登陆我局网站（www.szbti.gov.cn）,循“职能处室”－“技术处”－“办事指南”－“《技术出口合同登记证书》申办指南”路径获取。如有疑问，请电0755－82107474咨询，谢谢。
		
		"
32590,工商=执照地址变更了，企业批准证书需要变更吗？,市科技工贸和信息化委员会,2007.11.08,2007.11.29,"公司地址变了，工商=执照地址也变更了，企业批准证书需要办事变更吗？请问到哪里办理？交什么材料？
		","[副巡视员王玲]： 在工商局变更地址后,外商投资企业批准证书需要办理变更，所需要提交的材料请登陆贸工局网站www.szbti.gov.cn，点击“外资处”查询《外商投资企业设立和变更申报须知》。
		
		"
32591,请问深圳市企业监管部门怎么联系？,市科技工贸和信息化委员会,2007.11.05,2007.11.29,"工贸局领导，您好！我想咨询一下，遇到深圳市一些企业违反商业合同的情况，政府有没有相关企业监管部门，能够对这些企业进行投诉和监管？如果有的话，怎么联系？在网上有没有联系网址。谢谢！
		","[副巡视员王玲]： 合同是民事行为，如发生违约，应由当事人协商或通过法律途经解决。如涉及合同诈骗的，可以向司法机关报案。
		
		"
32592,酒类零售许可证如何办理?,市科技工贸和信息化委员会,2007.11.13,2007.11.29,"您好: 本人开了间店铺,想零售酒业,知道要办酒类零售许可证,但我查过,贵局能核发酒类批发许可证,不知能不能办理酒类零售许可证?如能,该如何办理,需要什么材料,在哪里办理,什么时间可以递交材料,多久可以拿到酒类零售许可证,工本费是多少?望百忙之中抽空回复,在此不胜感激!
		","[副巡视员王玲]： 根据市政府令第134号，我市已取消酒类零售行政许可。即在我市零售酒类不需申办酒类零售许可证。
		
		"
32593,外商投资企业设立贸易公司的条件和法律规定,市科技工贸和信息化委员会,2007.10.29,2007.11.29,"我想咨询外商投资企业如要设立贸易公司的条件和法律规定,如现在已是外资企业了如想增加可经营贸易的外资企业的条件是什么?谢谢黄俊英
		","[副巡视员王玲]： 请登陆贸工局网站www.szbti.gov.cn，点击“外资处”查询《外商投资企业商业领域项目申报材料》。
		
		"
32882,香港人在深圳开一般贸易公司,市科技工贸和信息化委员会,2007.09.08,2007.10.09,"你好：我想了解香港人在深圳开一般贸易公司（以货物出口为主）需要什么手续。
		","[张万杰副局长]： 请登陆我局网站“www.szbti.gov.cn”进入“外资处”查找相应材料，或到市民中心行政服务大厅东大厅8、9号窗口索取须知。
		
		"
32883,2008年春季广交会,市科技工贸和信息化委员会,2007.09.13,2007.10.09,"询问2008年春季广交会的时间、地点、参展要求、展位费用等相关情况？谢谢！
		","[张万杰副局长]： 目前我局尚未接到商务部有关08年春季广交会的组展通知,但展会具体的时间地点不会变.具体申报时间请关注我局网上公告.
		
		"
33012,企业申办进出口权的条件/程序,市科技工贸和信息化委员会,2007.08.25,2007.08.29,"我公司是小型私营企业，有国外业务，现想申办进出口权，请告知条件，申办的程序。
		","[彭新叶副局长]： 请登陆我局网站,在""网上政务""栏下""对外贸易经营者备案登记系统""进行备案便可 .
		
		"
33013,有关临时进出口货物,市科技工贸和信息化委员会,2007.08.16,2007.08.29,"我司有一批货物是通过代理公司打大单出口的，现由于客户要求修改，所以需返回工厂后再出口，我想除了用手册成品返收外（我司没有手册），还有没有别的方法再次进出口，TKS！
		","[彭新叶副局长]： 什么叫打大单出口？请到海关咨询。
		
		"
33014,怎么样才能申请到进出口权,市科技工贸和信息化委员会,2007.08.13,2007.08.29,"您好,近段有很多外国公司咨询我公司,有家公司还发了订货单,但我们公司没有出过口,也不懂相关手续,请您告诉我们要怎样办吗
		","[彭新叶副局长]： 请向海关部门咨询。
		
		"
33015,贸业公司,市科技工贸和信息化委员会,2007.07.17,2007.08.29,"香港人在深圳开一间贸业行公司，需要些什么样的资料，以及资金
		","[彭新叶副局长]： 可以登陆我局网站查询,投资一般不低于人民币50万元.
		
		"
33016,邀请国外人员来我国参观工厂，需要政府出具邀请函，请问是在贵局办理吗,市科技工贸和信息化委员会,2007.07.23,2007.08.29,"国内私营企业邀请国外人员来我国参观工厂，我国大使馆需要政府相关部门出具的邀请函才能办理签证，现想咨询这种邀请函（类似于：被授权单位签证通知表）是在贵局办理吗？如果不是请问是在哪个部门办理？谢。
		","[彭新叶副局长]： 请咨询外事部门。
		
		"
33017,外资家政业的准入,市科技工贸和信息化委员会,2007.07.16,2007.08.29,"7月12日我向在市民中心的罗湖贸工局申报设立一家台港澳自然人独资企业，注册资本人民币10万元，从事家政服务，国际经贸信息咨询，项目投资咨询。但被窗口收文人员告知不予受理，理由竟是“没有批过该行业”。根据＜＜外商投资导向目录＞＞，外资家政业属于允许发展类项目，我想知道，该行业是否可以准入？待复。
		","[彭新叶副局长]： 外商投资家政服务项目目前商务部没有制定具体的规定,我们已向商务部反映相关情况.
		
		"
33018,新申请设立的内资有限责任公司如何申请进出口权？,市科技工贸和信息化委员会,2007.06.14,2007.08.29,"你好，我想请教一下内资有限公司在设立时能否申请进出口权？如果可以需要什么条件？应如何办理？
		","[彭新叶副局长]： 可以.请在向工商局申请经营范围的同时设立进出口经营范围后再向我局申请备案登记.请登陆我局网站在""网上政务""栏下""对外贸易经营者备案登记系统""进行备案便可以 (2007-08-29 16:06:24.0)
		
		"
33019,索取＿深圳市印刷产业投资指南,市科技工贸和信息化委员会,2007.05.21,2007.08.29,"尊敬的领导：　　我公司系外资独资印刷企业，投资１０００万港币，欣闻本届文博会政府对印刷企业有重大投资政策，很希望得到（印刷产业投资指南）的详细内容，我公司早已在对数字化印刷进行实地考察，这个指南对我们非常重要，特请求帮助，　　　　　　　　谢谢
		","[彭新叶副局长]： 请咨询文博会。
		
		"
33020,关于农药出口事项,市科技工贸和信息化委员会,2007.05.09,2007.08.29,"我们打算开办一个专业出口农药的贸易公司，请问需要什么手续。谢谢！
		","[彭新叶副局长]： 请向工商局咨询.
		
		"
33355,港资企业如何办理内销业务?,市科技工贸和信息化委员会,2007.04.11,2007.05.23,"进料加工的外资(港资)企业如何申请内销?需要办理哪些手续?提供哪些资料?
		","[张涞临副局长]： 请查看贸工局网站加工贸易处业务办理栏目,内有办理程序以及提供所需资料的说明.网址:www.szbti.gov.cn (2007-04-25 16:15:54.0)
		
		"
33356,申请出口企业所需资料,市科技工贸和信息化委员会,2007.04.10,2007.05.23,"我公司是外商投资企业，产品100%出口，现申请出口企业，不知需要提供哪些资料，从哪里可查？
		","[张涞临副局长]： 请上贸工局网:www.szbti.gov.cn的通知公告栏下《关于确认和考核2006年度外商投资产品出口企业的通知 》（2007年3月6日）按网上通知要求准备资料报到我局经济运行处。联系电话：82107373 周惠荣
		
		"
33428,贸工局批准文件事宜,市科技工贸和信息化委员会,2007.03.23,2007.04.18,"您好!设立外资企业正在办理中,其中""设立外商投资企业报批须知""里的第7项，《全国组织机构代码预赋码通知单》应去哪个部门哪个窗口办理？能否提供联系方式给我？设立的外资企业地点在宝安区。谢谢
		","[叶健德副局长]： 请到质监局办事窗口办理。
		
		"
33429,年审北京的公司驻深圳的办事处执照,市科技工贸和信息化委员会,2007.03.15,2007.04.18,"我想问一下在那里可以年审办事处执照的？
		","[叶健德副局长]： 执照的年审在工商局，请与工商局联系。
		
		"
33430,关于蓄冷空调的有关政策,市科技工贸和信息化委员会,2007.03.01,2007.04.18,"您们好： 各位领导：我从网上看到上蓄冷空调有政策扶持，包括以下几点。一是政府贴息贷款政策；二是深圳关于安装蓄冰空调减免电力贴费的优惠政策；三是优惠的电价（已经找到了）。我司也有意在一个大型商场内采用蓄冷空调系统，但没有找到具体的政策扶持办法，请问有具体文件吗？？？如果有的话，能从哪里找到呢？？谢谢！！！！
		","叶健德副局长:1、《节能贴息项目实施办法》可到我局资源办领取。福中三路市民中心C区3117室，联系人、电话：肖永建 82107113 2、电力贴费这项用电收费项目已取消，因此也不存在优惠政策的问题； 3、深圳在电价机制上对蓄冰空调用电给予倾斜，蓄冰空调各期用电电价为0.2606元/kwh,比非蓄冰空调各期电价平均低0.15元/kwh以上。
		
		"
33562,关于非洲商务,市科技工贸和信息化委员会,2007.02.04,2007.03.01,"请问深圳有帮助企业和个人投资非洲的政府机构或民间组织吗？怎么联系？多谢!
		","深圳贸工局对外经济合作处是境外投资核准和管理部门，请问贵公司到非洲哪个国家投资？需要咨询请与我处联系，电话：82107475。最近我市将组团到非洲国家开展系列经贸活动，需要参加的话请及时与我们联系。电话：82002029，并请贵公司留下联系人、联系电话。
		
		"
33563,Request for Info,市科技工贸和信息化委员会,2007.02.26,2007.03.01,"Hello there, Firstly Happy new Year to you! I am looking for a large web (rotary) printing company in the Shenzhen area for a large project I would like to have a quote on. I am aware that Shenzhen is the home of many of China's largest print companies but I am having difficulty locating the names and contacts for these places. Can you help me please? Many Thanks JohnJohn Raby 1900 N. Northlake Way, Suite 10,Seattle, WA98103 jgr@fisheriessupply.com 206 632 4462 ext 655 http://www.fisheriessupply.com/
		","Thank you for your question.As one of the three print industry bases of China, there are plenty of quallity printing companies in Shenzhen.We would like to suggest you to contact with the Shenzhen Association of Print. The contact inforamtion is as following: Add: 603, No.8, Hongbao Road, Luohu District, Shenzhen, P.R. China Zip Code: 518008 Tel:0086 755 25595410/25029479 Fax:0086 755 25598251 Web site: www.szprint.net
		
		"
33564,COMMERCIAL CENTER,市科技工贸和信息化委员会,2007.02.26,2007.03.01,"Dear Sirs, we are an italian company that from 1964 imports accessories (85% from China) for the european market, expecially for clothing, leather, shoes, bags and belts trades. We are now contacting you because our managers would like to do a business trip in China, and we would like to know if in Shenzhen there is a commercial center like the one that exist in Yiwu, where there is a permanent exposition where people can find any kind of products. Can you inform us about this?? Thanking you in advance for your cooperation and waiting for your soonest reply, FedericaMODIMEX ACCESSORI S.R.L.Via Tevere, 2450019 Osmannoro - Sesto Fiorentino (FI) - ITALYTel. 0039/055/315222Fax 0039/055/300239
		","Welcome to Shenzhen. We are very glad to help you to organise your business trip to Shenzhen. Or you might directly contact the Textile Association of Shenzhen, the contact infomation is as following: Tel:0086 755 83472496, Fax:0086 755 83472519. the Leather Association of Shenzhen, Tel: 0086 755 25595207,0086 755 25595573. You might also visit the web site of China South International Industrial Materials City: http://www.chinasouthcity.com tel:0086 755 28493333, 0086 13005433715.
		
		"
33606,关于外商投资生产企业项目立项,市科技工贸和信息化委员会,2006.12.29,2007.02.05,"你好! 我司是在香港注册的一家港企业,现准备在深圳投资建设一个生物柴油生产工厂. 请问: 1. 做此项目立项需要哪些手续? 2. 在哪些部门办理? 请及时回复!多谢!
		","张君志，你好！做生物柴油项目的立项需要先到环保部门取得批准。
		
		"
33607,我想知道代销进口/出口/上市公司银饰有哪些？,市科技工贸和信息化委员会,2006.12.20,2007.02.05,"我想知道深圳代销进口/出口/上市公司银饰有哪些？
		","请联系深圳市黄金珠宝协会或者到深圳罗湖水贝黄金珠宝产业基地园，那里大概有1200多家企业在从事黄金珠宝以及其他装饰品的交易，请到那里去寻找商机。联系电话：25622358。
		
		"
33716,外资贸易公司经营范围审批问题,市科技工贸和信息化委员会,2006.11.17,2006.12.28,"我公司为一家正在筹办中的中外合资的以家具为主要经营范围的贸易性公司，现我公司欲在经营范围中加入“酒店配套家具工程、装饰设计、装修工程”等相关内容。请问是否有限制，是否需事先经过政府建设主管部门的审批，取得相关资质之后才能设立，具体如何办理，有何具体要求？请解答，谢谢！
		","[WTO事务中心主任张金生]：您好！贵公司提出增加“酒店配套家具工程、装饰设计、装修工程”的经营范围，属《外商投资建设工程设计企业管理规定》及《外商投资建筑业企业管理规定》管理范畴。贵公司可向我局提出申请，由我局初审后送省级建设行政主管部门征求意见，并根据其书面意见作出批复。上述两《规定》对经营条件有详细的规定。
		
		"
33717,如何申请办理--进出口经营权,市科技工贸和信息化委员会,2006.11.24,2006.12.28,"同志: 请问:企业要申请进出口经营权如何办理? 龙文平
","[WTO事务中心主任张金生]： 如果贵公司已经在工商部门注册,那么请登陆我局网站,在网上政务栏下的对外贸易经营者备案登记系统,并按系统内的办事指南指引操作便可.网址:www.szbti.gov.cn
		
		"
33718,深圳共有多少家美容院？,市科技工贸和信息化委员会,2006.11.24,2006.12.28,"请问政府统计的深圳共有多少家美容院？
		","[WTO事务中心主任张金生]： 此类统计数据可向工商局咨询，我局没有此类数据。
		
		"
33719,最新的深圳市商业网点普查报告,市科技工贸和信息化委员会,2006.11.24,2006.12.28,"请问最新的深圳市商业网点普查报告是否可以在网上查到？（2004年8月之后的版本）我如何能看到报告的内容？
","[WTO事务中心主任张金生]： 《深圳市商业网点规划（2006-2010）》已经市政府同意于今年4月21日印发并开始执行。在编制商业网点规划的过程中，我们进行了全市商业网点普查，但由于数据是截至2004年8月的，因此需要进行更新。根据商业网点规划的要求，我局正逐步对全市商业网点的信息进行更新，预计这一工作将在明年上半年完成。
		
		"
33720,卫生许可,市科技工贸和信息化委员会,2006.11.24,2006.12.28,"请问，我公司是一家家庭日用品企业，我们委托其他厂家生产口杯,口杯的包装全部是我们公司的标识我们公司需要办理卫生许可证件吗？ ? 如果需要办理那应该怎么样办理（口杯是委托其他厂家生产的）
","[WTO事务中心主任张金生]： 您所提出的问题，不属于我局工作范围，关于产品技术标准方面的问题，建议您向质量技术监督局咨询。
		
		"
33721,如何办理大企业直通车？,市科技工贸和信息化委员会,2006.11.24,2006.12.28,"请问如何申办大企业直通车？什么要求，我单位是中央属企业，在深圳有分部，可以吗？
","[WTO事务中心主任张金生]： 根据<<关于为我市大企业提供便利直通车服务的若干措施>>(深府[2003]136号)的规定,享受便利直通车服务的大企业，须符合以下条件之一: 1、上年度销售额超过30亿元人民币或出口额超过2亿美元或纳税额超过2亿元人民币的在深注册经营企业; 2、在深投资的世界500强企业; 3、全国2003年电子信息百强及2002年广东省最大50家工业企业在深投资企业; 4、总部设在深圳的金融？(含银行、保险、证券等行业)企业; 5、从我市经济发展战略考虑需要扶持的其它优势企业。 享受便利直通车服务的大企业名单由市贸易工业局牵头，会同市统计局、科技局、工商局、深圳海关等有关部门确定，实施动态管理并定期公布。目前每年公布一次。企业认为符合条件也可直接向市贸易工业局经济运行处提出申请。
		
		"
33722,有关新出的禁止类加工贸易,市科技工贸和信息化委员会,2006.11.24,2006.12.28,"有关新出的禁止类加工贸易项目名称在哪个网站可以找到?
		","[WTO事务中心主任张金生]： 国家商务部、海关总署、环保总局于今年11月1日发布2006年第82号公告，公布了新一批加工贸易禁止类商品目录和税号。上述内容可在市贸工局或商务部网站上查阅。
		
		"
33723,关于保健品的进口业务办事流程,市科技工贸和信息化委员会,2006.11.24,2006.12.28,"您好！ 我司准备进口美国的保健品/饮料（主要是钙片/提神饮料/成人用品店销售的保健饮料）。我想了解进口这些产品的所要具备的资质/要提供的资料/需要到那些部门办理审批/这些产品的税率等等详细信息。多谢！
		","[WTO事务中心主任张金生]： 根据商务部04年27号令<<货物进口许可证管理办法>>及06年的进口发证目录,该类产品不属于进口发证范围.贵司如果要经营此类商品,可向市食品药品监督管理局咨询.
		
		"
33724,进口水产品,市科技工贸和信息化委员会,2006.11.24,2006.12.28,"１．一般进出口企业可否经营水产品？２．需要什么手续？３．是否需要进口许可证？如果需要要怎样申请？
","[WTO事务中心主任张金生]： 水产品不属进出口许可证管理,如需经营此类产品,可在贵司营业执照上增加经营范围便可.
		
		"
33725,外商在深投资有哪些优惠政策,市科技工贸和信息化委员会,2006.11.24,2006.12.28,"外国人在深圳以港资名义投资办厂,请问都需要哪些资料,在政策方面有哪些优惠?谢谢!
","[WTO事务中心主任张金生]： 您好！外国人以港资名义在深投资办厂，首先需在香港注册公司，然后以香港公司名义到深圳投资。可以采取“三来一补”方式或设立法人企业两种方式，所需资料可在我局网站查询（加工贸易处或外商投资管理处）。有关优惠政策可到我局网站查询。
		
		"
33726,不接受英文资料是政府的规定吗？,市科技工贸和信息化委员会,2006.11.24,2006.12.28,"请问：各政府有规定不接受办事企业的英文资料吗？????? 比如：龙岗区贸易工业局，受理外资企业修改章程资料英文版，便要求翻译成中文。??? 这是政府规定的，还是因为他自己本人不识英文才要求的？
		","[WTO事务中心主任张金生]： 根据国家有关法律规定，企业提交报批资料应以中文为准，但可以同时提交相同内容的英文资料。
		
		"
33727,中外合Y,市科技工贸和信息化委员会,2006.11.24,2006.12.28,"你好:台胞c热耸亢腺Y的投Y相P定. ??????????????????????????????? xx
","[WTO事务中心主任张金生]：您好！台湾同胞可与国内法人企业合资兴办合资企业，所投资领域应符合《外商投资产业指导目录》的有关规定。
		
		"
33728,外商投资设立旅业项目,市科技工贸和信息化委员会,2006.11.29,2006.12.28,"请问贵局现行法律法规：1.外商企业是否可以投资旅业项目？2.审批权是否放在市经贸局还是区经贸局报批？
		","[WTO事务中心主任张金生]：您好！您所提的“旅业”具体指的是酒店、宾馆，还是兴办旅行社？上述项目均属允许外商投资领域，如果是经营酒店、宾馆，投资额在3000万美元以下的项目可向区贸工局报批；如果是设立旅行社，可依据《中外合资旅行社暂行办法》、《设立外商控股、外商独资旅行社暂行规定》规定程序报批。
		
		"
33729,贸易出口权,市科技工贸和信息化委员会,2006.12.15,2006.12.28,"您好！我是2000年注册的一家台商企业，自行报关，请问，我公司是不是可以申请进出口贸易权？谢谢
		","从贵司提供的资料上看,已具备自营产品进出口权.如需增加一般贸易进出口业务,请登陆我局网站网上政务栏下对外贸易经营者备案登记系统备案便可.WWW.SZBTI.GOV.CN
		
		"
33730,营业注册地址变更需要准备什么资料？,市科技工贸和信息化委员会,2006.12.21,2006.12.28,"您好！我们企业是一家外商独资企业，注册资本为3500万美金，准备进行跨区变更营业地址，从罗湖区变更至福田区，请问需要准备什么资料，期待您的回复。谢谢！
		","您好！贵公司法定地址变更可采取简易程序到市工商局注册分局直接办理变更登记，凭核准变更通知书及公司法定代表人签署的申请报告、批准证书、营业执照复印件，到市民中心行政服务大厅东厅8、9号窗口办理更换批准证书手续。
		
		"
