449,城建档案用表咨询,深圳市档案局,2017.04.18,2017.04.27,"广东省住房和城乡建设厅已于2016年10月10日发布关于使用《广东省房屋建筑工程竣工验收技术资料统一用表》（2016版）的通知，不知对于我市2016年9月开工，现在建的地铁项目，是否也有硬性规定？2017年3月1日后必须更表。烦请告知。谢谢！
		","你好，施工用表属于建设行政管理部门的管理范围，我馆对各单位使用的工程表格无要求，使用新旧工程表格版本均可办理移交进馆。
		
		"
468,档案装订,深圳市档案局,2017.04.24,2017.04.27,"请问，档案封皮有没有具体的规格尺寸？我买的脊背是三公分厚的，资料装订厚度不能超过2公分，这样的话右边会长一些，怎么处理？直接裁掉吗？
		","你好，该业务为城建档案业务，请拨打城建档案业务咨询电话：88125461进行咨询。
		
		"
851,档案移交,深圳市档案局,2017.04.11,2017.04.18,"国家安全局保密工程的工程档案资料需要归进城建档案馆吗？如果不用，有什么文件说明之类的吗？
		","你好，需要移交归档。
		
		"
858,请问今年有档案管理员培训课程吗？,深圳市档案局,2017.04.14,2017.04.18,"因查找了很久未果，在你们档案信息网是没有这方面的信息，百度也是没有，麻烦您了...
		","你好，档案综合培训的相关通知在深圳市档案学会的官方网站发布，请关注该网站相关信息。
		
		"
1196,工程项目的两个标段是否能够一次性备案,深圳市档案局,2017.03.30,2017.04.11,"我司工程项目：深圳港赤湾港区7#泊位码头技术改造工程，分两个标段分别是水工结构和廊道土建标段、机电设备采购及服务总承包标段，两个标段是否可以以一个工程档案的方式进行备案申请及移交？
		","您好，请拨打城建业务咨询电话:88125461进行咨询。
		
		"
1337,查询建筑图纸,深圳市档案局,2017.03.30,2017.04.07,"购买了罗湖一套商品房，准备装修需要提供商品房建筑图纸给到装修设计单位，但是物业表示没有存档商品房建设的图纸，是否可以通过深圳市城市建设档案馆的“城建档案查询利用”服务进行调档？
		","您好，请拨打档案查询利用咨询电话88127712进行咨询。
		
		"
1359,个人档案查询,深圳市档案局,2017.04.06,2017.04.07,"你好，异地户口在深工作，请问如何查询自己的档案是否在深圳呢？
		","你好，根据目前人事档案管理体制，人事档案由人力资源管理部门管理，请咨询市人力资源局。
		
		"
1516,城建档案整理完成后怎么预约移交进馆,深圳市档案局,2017.03.16,2017.04.05,"城建档案整理完成后在网上如何预约预交进馆
		","您好，网上预约移交城建档案流程如下：进入广东省网上办事大厅深圳分厅，由建设单位注册并登录，查询“城建档案接收”服务事项，并按事项要求准备相关材料，在线提交并填写相关信息即可。
		
		"
5447,关于建设工程图纸归档的问题,深圳市档案局,2016.11.29,2016.12.09,"不知道深圳市档案局是否接受公路工程和城市道路工程的白图归档，现在广州市已经在国家的倡导下大力推广白图，而其它地方的公路工程也早就用白图归档
		","您好，可以归档。
		
		"
5449,关于建设工程档案备案人员是否一定要具备相关上岗证问题,深圳市档案局,2016.11.21,2016.12.09,"我司为房地产开发企业，现在一属市建设局备案工程。咨询一下该工程完工到贵馆办理档案备案时对人员是否有相关档案岗位证书的要求？如有，请问应到哪里培训学习？
		","您好，档案移交人员无需具备相关上岗证。
		
		"
5859,关于竣工资料,深圳市档案局,2016.11.20,2016.12.01,"因为本人没有交过竣工资料 不熟悉具体要交的资料及流程 能否告知下 谢谢
		","你好，移交内容与移交流程可登陆深圳档案信息网的办事服务模块中查看，房建项目档案移交请参照《深圳市建筑工程文件归档内容业务指引》。
"
6645,档案管理资格证怎么考？,深圳市档案局,2016.11.04,2016.11.07,"您好，我想咨询一下，要怎么才能拿到《档案管理资格证》，要报考的话要怎么考，需要什么资格或材料，有咨询电话吗？
		","你好，请拨打档案培训中心电话：88120023进行咨询。
		
		"
7150,关于如何在网上申请城建档案移交,深圳市档案局,2016.10.11,2016.10.25,"您好，我想请问一下在申请城建档案移交是在哪个网址可以进行申报，麻烦回复并能附上网上申报指引更好了，谢谢，盼回复
		","您好，城建档案接收可登录“深圳档案信息网―办事服务―城建档案接收”查看办事指南、申办材料、申办网址等事宜。
		
		"
7162,深圳建设档案专项验收,深圳市档案局,2016.10.15,2016.10.25,"深圳建设档案专项验收需要准备那些资料？
		","您好，建设工程档案专项验收的条件、工作程序、具体内容等相关事宜，可登录“深圳档案信息网―政策法规―城建档案法规”查看《深圳市建设工程档案专项验收业务指引》了解。
		
		"
7542,移交进馆咨询,深圳市档案局,2016.09.18,2016.10.09,"我们项目是属于污水管网改造工程，有几个问题想咨询一下： 1、本项目是水利备案，没有办理规划许可证和施工许可证，是否能移交进馆； 2、组卷是否按最新归档内容指引进行组卷；只需竣工验收资料，检验批和隐蔽资料不需要移交进馆。 3、本项目属于污水改造工程，只有管线工程和道路工程，按归档指引组卷的话： 1）工程材料、试验器具管理文件与工程质量第三方试验、检验、检测文件数量比较少，这两部分能否合并成一卷； 2）管线工程和道路工程数量比较少，这两部分能否合并成一卷； ????????????????????????????????????????????????????????望回复，谢谢
		","您好，您咨询的问题经研究答复如下：1、可以，但要附上水务主管部门的相关批文,且甲方将详细情况写入归档说明；2、组卷可参照深圳档案信息网上的市政基础设施工程文件归档内容业务指引；3、可合并成一卷，但需注明。
"
7543,关于档案原件,深圳市档案局,2016.09.19,2016.10.09,"您好，请问建设单位去办理一些证明，部分资料要收原件，那移交档案馆的时候提交复印件加盖公章，请问档案馆接收吗？
		","您好，您咨询的问题经研究答复如下：归档的工程文件应当为原件，复印件加盖公章仍属于复印件。若建设单位在办理房产证时将相关原件已交房产中心，需向档案局提供查档件，并在备注中注明。其他文件提供复印件时由立卷单位出具《缺件承诺》（加盖公章）。
		
		"
7544,档案专项验收和进馆事宜,深圳市档案局,2016.09.13,2016.10.09,"横坪公路连接线工程已完工，并通过竣工验收，现准备进行档案资料专项验收和移交，现咨询资料专项验收和进馆事宜。
		","您好，您咨询的问题经研究答复如下：已竣工验收的工程无需进行专项验收，进馆具体事宜请拨打城建档案接收咨询电话88125461.
"
7797,关于竣工图章及组卷的问题,深圳市档案局,2016.09.01,2016.09.28,"1、竣工图章中的编制人能不能由资料员签名？技术负责人由项目技术负责人签名？ 2、一个项目分为几个标段，由不同施工单位施工的，是不是各个施工单位只需将自己所承包施工内容形成的资料单独进行组卷？分包单位的施工资料是不是单独组卷的？ 3、归档时是不是不能按标段归档？一定要按整个项目一起归档？
		","您好，您所咨询的问题经研究答复如下：1、竣工图章中的编制人与技术负责人应由施工单位相关人员及相关负责人签名。2、由不同施工单位形成的资料需由各个施工单位整理组卷。详细内容参照《深圳市城建档案整理规范》第五条、第六条。3、建设项目可根据实际情况分期移交，详细规定见《深圳市城市建设档案管理规定》第十八条、第二十二条。
"
7798,总包和分包资料用表,深圳市档案局,2016.09.05,2016.09.28,"在统表中，类似 设计图纸会审记录(一)(二)GD220104 建筑设备安装工程施工图设计文件会审记录GD3010104 与 单位工程开工申请报告GD220102 建筑设备安装分部(子分部、系统、分项)工程开工报审表GD3010107 均在深圳市建设工程文件归档内容业务指引目录中。是否前表是总包单位使用，后表对应的是专业分包单位填写？
		","您好，是的，具体用表问题可咨询质量监督站。
"
8288,下一期档案管理员培训是什么时候？,深圳市档案局,2016.09.13,2016.09.14,"只查询到今年3月举办过一次培训，请问今年内还会再举办吗？或者一年内有多少次这种培训呢？
		","你好，请拨打88120023进行咨询。
		
		"
8414,关于企业会计电子档案管理,深圳市档案局,2016.08.25,2016.09.09,"8月初参加了深圳市财政委员会举办的《会计档案管理办法》培训，其中重点介绍了财务电子档案管理相关内容。我们企业对此很感兴趣，希望能够从传统的纸质档案保管切换到电子档案管理，但不知道怎样开展此项工作比较好。请教： 1、我们档案管理局是否有相关的指导或培训？（希望能获得指导） 2、深圳有哪些企业（最好是制造业企业）已经成功施行了财务电子档案管理？(希望能拜访学习一下）
		","你好，您提的问题经研究答复如下：1、档案局贯标培训已举办过，如你单位要做电子会计归档，市档案局可以给予指导；2、深圳目前还无企业完全实现了电子会计档案管理。
		
		"
8436,关于新老规范过渡问题？,深圳市档案局,2016.08.30,2016.09.08,"现在目前是在建工地，请问今年8月1号刚实施的新规范《建筑电气工程施工质量验收规范GB50303-2015》是否要按新规范执行。
		","已与咨询人电话沟通，回复内容如下：资料用表非市档案局职权范围，请咨询相关建设行政主管部门。
		
		"
8442,关于深圳市建设工程资料的疑问,深圳市档案局,2016.08.31,2016.09.08,"请问深圳市在建项目竣工资料的封皮和档案盒在哪里购买？？谢谢。
		","你好，档案阗可在专门档案用品店采购，所采购的产品需符合国家标准要求，卷盒宜采用200G以上的单层无酸牛皮纸板双裱压制。
		
		"
8447,怎样办理档案管理认证,深圳市档案局,2016.08.29,2016.09.08,"请问我们公司想办理档案管理认证，需要符合哪些条件？
		","你好，机关、企业单位可分别依照《广东省机关综合档案管理达标升级办法》、《广东省企业档案工作规范测评办法》，向我局申请达标或测评。
		
		"
8670,竣工图绘制要求,深圳市档案局,2016.08.19,2016.08.30,"你好！我想咨询下绘制竣工图的具体要求，是依据设计变更直接在图纸中修改，不增加任何云线和索引注明出处，直接晒图加盖竣工图章就行了吗？还是需要在图纸修改时增加云线、索引注明变更单号？
		","你好，若有设计变更可选择2种方法绘制竣工图：1、直接在图纸上做修改需标明出处，但不能超过30%；2、施工单位重新出图需加附图签栏且保留原设计单位人员信息。
		
		"
8699,成品半成品进场使作检查记录表,深圳市档案局,2016.08.04,2016.08.30,"您好！请问成品半成品进场使用检查记录表中的半成品是填写每次进场的商品混凝土吗？
		","你好，市档案局不对用表做解释，表格填写问题可联系质量监督站。
		
		"
8776,档案员上岗证,深圳市档案局,2016.08.16,2016.08.24,"深圳地区如何报考及在哪里培训档案员上岗证？
		","你好，请拨打档案信息管理培训中心电话：88120023进行咨询。
		
		"
8783,档案装备,深圳市档案局,2016.08.22,2016.08.24,"您好！请问深圳市档案局印制的档案盒等档案用品哪里购买？
		","你好，我局未印制过档案盒等档案用品，请自行联系有资质的档案用品生产商购买。
		
		"
9615,房建的基坑支护、土石方开挖工程资料是否需要归档,深圳市档案局,2016.07.12,2016.07.18,"房建的基坑支护、土石方开挖工程资料是否需要归档，若需要，是否单独移交档案馆归档？
		","你好，需要归档，不能单独移交，应由建设单位对建设工程档案审查、汇总，以项目为单位向市城建档案馆移交。
		
		"
9703,咨询：1992年的宝安县建设局登记资料哪里可以查找到？,深圳市档案局,2016.07.02,2016.07.13,"咨询：1992年的宝安县建设局登记资料哪里可以查找到？
		","你好，请拨打88127712进行咨询。
		
		"
9704,资料员培训,深圳市档案局,2016.07.06,2016.07.13,"资料员报名方式、培训地点是在哪里的？
		","你好，请拨打深圳市档案培训中心电话88120023进行咨询。
		
		"
15404,关于五方主体责任书及规档目录问题,深圳市档案局,2015.11.24,2015.11.27,"　深圳市住房和建设局发布的关于建筑工程质量承诺责任书中第十条　建设单位应当建立建筑工程各方主体项目负责人质量终身责任信息档案，工程竣工验收合格后移交城建档案管理部门。在新的规档指引中好像并未提及，是否不需要规入目录中，另外目录中没有的项目是否删减，还是保留原目录？
		","你好， 你所咨询的问题答复如下：1.未完善前只收各方机构人员名单（例如：管理、监理、施工）；2.要删除。
		
		"
17714,深圳市档案管理员资格证取得,深圳市档案局,2015.08.28,2015.09.01,"想要取得档案管理员资格证，请问深圳市档案管理员资格证如何取得，贵馆会组织培训或者考试吗？并未在深圳市考试院查询到有关资格证的考试信息。
		","你好，深圳档案信息培训中心定期举办综合档案工作人员岗位培训，“深圳档案信息网”会在开班前半个月左右发布培训通知，敬请关注。
		
		"
17871,深圳市档案信息管理培训中心,深圳市档案局,2015.08.19,2015.08.26,"请问贵网站上的档案信息管理培训中心链接在哪里？
		","你好，根据目前工作安排，已暂时撤下培训报名系统链接，相关链接会在每期培训通知里提供，请关注“深圳档案信息网”培训通知。
		
		"
18033,综合档案管理员培训,深圳市档案局,2015.08.18,2015.08.20,"您好，我想咨询一下2015年第四期综合档案管理员的培训大概是在什么时候？因为报了好几期都报不上，谢谢
		","你好，请拨打88125612进行咨询。
		
		"
18201,电梯资料归档整理,深圳市档案局,2015.08.04,2015.08.13,"总包没有电梯安装这一项资质，且电梯公司没有单独办理施工许可证，那么在整理竣工资料时，是否需要总包签字呢？
		","你好，按所采用的资料统一用表要求执行。
		
		"
18204,资料归档,深圳市档案局,2015.08.10,2015.08.13,"请问一下，指引中立项文件里的“工程场地地震安全性评价报告及评价报告审查批复文件”、“建设项目场地地质灾害危险评价报告”和“建设项目安全预评价报告”必须要移交城建档案馆吗？项目一开始没做过这些文件的，可以不提交吗?
		","你好，若未产生，可以不提交。
		
		"
18207,预拌砼,深圳市档案局,2015.08.04,2015.08.13,"预拌砼进场使用检查汇总文件是不是做一张表格.
		","你好，是的。
		
		"
18212,移交城建档案,深圳市档案局,2015.08.07,2015.08.13,"请问如果我的档案收集齐。1、可否先移交到档案馆核验后在打码？2、是否需要预约？
		","你好，你所咨询的问题答复如下：1.须先打码。整理质量符合《深圳市城建档案整理规范》，方可移交档案馆核验。2.是。预约电话为88125461。
"
18214,建筑工程档案目录,深圳市档案局,2015.08.06,2015.08.13,"贵局： 您好！请问一下工程项目于2015年6月开工的，现行的档案归档卷内目录是按《深圳市建筑工程A、B类工程档案卷内目录》（对应省统表2010版）的来对吧，这已经是最新版的对吧？
		","你好，现行的归档范围为《深圳市市政基础设施工程文件归档内容业务指引》和《深圳市建筑工程文件归档内容业务指引》，可至“深圳档案信息网”-“办事服务”-“表格下载”下载。
		
		"
18216,购买二手小区花园，没有小区整体建筑平面图，怎么能拿到,深圳市档案局,2015.08.10,2015.08.13,"我是龙华新区民治街道银泉花园小区住户，没有小区原始的规划平面图，目前小区幼儿园违法扩建，需要小区的整个平面建筑图，怎样才能弄到呢，物业不提供，如可以档案复印，需要什么手续，谢谢 
		","你好，请拨打88127712进行咨询。
		
		"
18775,城建档案培训,深圳市档案局,2015.07.21,2015.07.21,"您好，我想咨询一下，2015年第二期城建档案工作人员岗位培训，档案馆大概什么时候开班？
		","你好，请拨打88125612进行咨询。
		
		"
19307,户型图查询咨询,深圳市档案局,2015.06.23,2015.06.30,"现居住小区找不到原始带尺寸户型图，原业主也没有。想问下是否可以在你们那查询到？或者可以在哪查到？（小区：龙华民治万家灯火小区，02年建的）
		","你好，请拨打88127712进行咨询。
		
		"
19858,关于绿化工程资料编制与整理,深圳市档案局,2015.05.28,2015.06.08,"您好，因现贵馆未发布绿化工程的档案整理目录，现绿化工程的档案整理问题应如何处理？且资料编制应按照哪些表格？
		","你好，经研究答复如下：1.绿化工程不列入城建档案馆的接收范围，由建设单位归档保存；2.资料编制表格确定不属于市档案局（市城建档案馆）的行政管辖范围。
		
		"
19891,咨询一下到哪里可以申请档案管理培训啊？,深圳市档案局,2015.06.02,2015.06.05,"你好，本人一直想学关于工程档案管理培训，一直都没有相关信息，进到培训中心报名也没有可以选择培训班？
		","你好，我中心五月份已举办一期城建档案工作人员岗位培训，每一期培训均会在开班前半个月左右在网站发布通知，请关注“深圳档案信息网”培训通知。
		
		"
20057,城建资料用表,深圳市档案局,2015.05.24,2015.05.28,"1、专业分包工程资料的工程名称是不是要写分包工程名称（施工许可证上的工程名称 + 分包的专业工程名称）？还是只写施工许可证上的工程名称就行？ 2、天然基础承载力检测不合格，设计院经验算能满足安全和使用功能要求，不需要处理，并出具设计意见，那么归档时，是不是把设计院出具的意见书附在不合格的检测报告后面就行了？ 3、总包单位已经填报了整个工程的开工报告，监理已签发了开工令，专业分包时，分包单位可不可以不再填写开工报告？
		","你好，经研究答复如下：1.写施工许可证上的工程名称；2.可以直接把设计院出具的意见书附在不合格检测报告后面；3.分包可不再填写。
		
		"
20066,地下人行通道交档目录,深圳市档案局,2015.05.22,2015.05.28,"因工程临近竣工，需要交档资料整理，故想要有一份地下人行通道交档目录指引（含土建和装修）。希望能发一份到我邮箱，谢谢
		","你好，现就咨询问题答复如下：1.邮件已发送，请查收；2.本网站“表格下载”栏提供《深圳市市政基础设施工程文件归档内容业务指引》等资料电子档，用户可自行下载所需资料。
		
		"
20080,墙体拉结筋和构造柱筋的抗拔强度检测报告是否需要归档,深圳市档案局,2015.05.13,2015.05.27,"“深圳市建筑工程文件归档内容业务指引”中（六）工程质量第三方试验、检验、检测文件：序号44号的“预埋件(后置埋件)抗拔强度检测报告”要求是要移交城建档案馆。但我们项目中没有“预埋件（后置埋件）”，而却有墙体拉结筋和构造柱筋的抗拔强度检测报告。请问这些报告是否需要移交城建档案馆？谢谢！！
		","你好，根据你所描述的情况，构造柱筋的抗拔强度检测报告是要收集归档并移交城建馆的。
		
		"
20084,关于房建和市政资料归档,深圳市档案局,2015.05.19,2015.05.27,"你好，我项目有房建和室外工程，室外路面按市政资料整理，其余按房建。1、请问如何归档，是合并（路面资料太少，该如何合并），还是单独按市政索引目录整理？2、由于施工时间较长，形成资料有深圳版和广东版，但内容基本相同，是否能按房建索引目录归入？3、如果资料太少，能合在一起装订吗？
		","你好，请参照《建筑工程及市政基础设施工程归档业务指引》进行归档，相关整理工作详见《深圳市城建档案整理规范》，同一施工单位不同专业如因资料太少可合并装订。
		
		"
20086,省统表（深圳版）是否可以继续使用,深圳市档案局,2015.05.21,2015.05.27,"在深圳市建筑工程文件归档内容业务指引中，指明了如总监理工程师任命通知书GD220201、项目监理机构设置通知书GD220203等表格是省统表，那么深圳版的表格（项目总监理工程师任命通知书 GD2202SZ001、监理机构设置通知书 GD2202SZ002）是否可以继续使用？
		","你好，没有深圳版表格，统一执行2010版省统表。
		
		"
20087,项目建设周期五年以上桩基施工单位资料归档问题,深圳市档案局,2015.05.19,2015.05.27,"您好！本基坑支护及桩基础工程已竣工验收，而基坑支护资料及桩基础资料是跟主体施工单位一起归档（不能独立归档），由于主体建设周期过长，现把资料移交给建设单位；咨询：基坑及桩基施工单位资料移交给建设单位时，资料符不符合移交进馆要求由谁来把关？贵单位有这项业务吗？
		","你好，根据《深圳市城建档案馆接收建设工程档案规范》第十五条，建设工程项目完工后，工程档案以项目为单位向城建档案馆移交，基坑及桩基资料移交给建设单位时，应由建设单位根据市档案局发布的整理、接收等规范进行把关。
		
		"
20209,房建工程资料的A、B类归档,深圳市档案局,2015.05.10,2015.05.19,"您好，我想咨询一下，关于房建工程资料的归档问题，贵网站里没有A、B类资料的归档目录了，只有一个业务指引目录，请问我应该按哪一种样式归档资料？
		","你好，按照业务指引内容，使用国标卷内目录移交形成归档资料目录移交。
		
		"
20228,工程资料入档案馆,深圳市档案局,2015.05.11,2015.05.19,"场地平整工程办理了施工许可，但是本工程实质上只是临时工程，这种情况下还需要将工程资料提交入档案馆吗？
		","你好，按照归档内容业务指引，临建工程无须移交进馆。
		
		"
20232,关于个人档案交人才市场保管问题,深圳市档案局,2015.05.12,2015.05.19,"请教一下大家，我户口是2009年招调工转入深圳，当时单位没有档案保管资质，就把招调工原件个人保管了。同时本科也是自考的，档案也是自己保管的。2013年通过司法考试，当时没有想到保管档案，现在2015年想申请律协到实习，他们要求户籍所在地人才交流中心出具的人事档案保管证明原件，可现在我去人才市场询问，他们不接受个人保管的档案，该怎么办？
		","你好，根据目前人事档案管理体制，人事档案归人事部门管理，建议咨询市人力资源与社会保障局。
		
		"
20364,咨询档案管理员上岗证培训报名流程,深圳市档案局,2015.05.05,2015.05.11,"请问，档案管理员上岗证是在哪里报名与培训，我住在沙头角，就近有哪个网点可以报名培训。谢谢！
		","你好，报名主要采取网上报名的方式，请登录“深圳档案信息网”查看相关培训通知，具体报名请登录“深圳档案信息网”――在线服务――岗位培训与继续教育。
"
20617,城建档案工作人员岗位培训,深圳市档案局,2015.04.28,2015.04.28,"您好，我想咨询一下，关于2015年城建档案工作人员岗位培训，档案馆大概什么时候开班呢？
		","你好，我中心拟于五月底举办一期城建档案工作人员培训，请五月初关注“深圳档案信息网”培训通知。
		
		"
20661,查找历史文件,深圳市档案局,2015.04.23,2015.04.27,"您好，我司的关于旧改项目的一份比较重要的历史文件中有提到《市政府（1991）225号文》，现亟需查找到此文，请帮忙查看贵馆是否保留此文，及我司如何申请查阅。谢谢。
		","你好，请拨打档案查询利用电话88127712进行咨询。
		
		"
20669,请问你们今年有档案和CAD培训班吗,深圳市档案局,2015.04.13,2015.04.27,"请问你们今年有档案和CAD培训班吗？
		","今年我中心已开展第一、二期综合档案工作人员培训报名，请关注“深圳档案信息网”培训通知。
		
		"
20805,档案工作人员岗位培训,深圳市档案局,2015.04.14,2015.04.17,"请问下一期档案工作人员岗位培训是什么时候？一年有几次培训？
		","你好，没有具体的时间安排，请关注网上通知。
		
		"
20807,城建档案工作人员培训,深圳市档案局,2015.04.14,2015.04.17,"想咨询2015年的城建档案工作人员培训，大概什么时候开始报名
		","你好，培训通知会提前半个月左右在“深圳档案信息网”发布，请关注网上通知。
		
		"
20868,建房移交档案,深圳市档案局,2015.04.09,2015.04.14,"竣工图是否必须提供电子版和纸质蓝图？
		","你好，只提供纸质蓝图，不需要电子版。
		
		"
20947,档案管理培训,深圳市档案局,2015.04.08,2015.04.08,"如何成为档案管理员，是否需要考取上岗证？什么时候培训？我在哪里能够查询到。
		","你好，请关注“深圳档案信息网”刚刚发布的培训通知。
		
		"
21000,关于档案分阶段移交进馆,深圳市档案局,2015.03.31,2015.04.03,"您好！咨询一下关于分部工程资料提前移交档案馆事宜。项目情况：本项目原是一个单位工程，现已分成三期施工（每期的基础、主体都分开有施工许可证），其中，一期已竣工验收（资料已移交进馆），现二、三期基础即将验收。问题：档案移交进馆是否按施工许可证（即如果基础一个施工许可证、主体一个施工许可证就可以分开移交档案）？若不是按施工许可证，基础部分验收后可否申请提前移交进馆？提前移交进馆需要办理什么手续？
		","你好，必须按项目整体移交。
		
		"
21002,关于归档,深圳市档案局,2015.03.31,2015.04.03,"您好！请问： 1、本项目有些资料未按统表格式，档案馆对归档资料表格的格式是否有要求？ 2、现归档目录根据业务指引套用国标空白目录，是否就是在统表目录的基础上删除原来的归档内容，再输入指引中的所有内容，然后有的就注明文件编号、责任者、日期及页次，没有的就空白？还是只需要录入本项目有的，没有的则不需录入？
		","你好，按目录格式做卷内目录，并按归档指引录入。
		
		"
21047,档案管理员培训,深圳市档案局,2015.03.28,2015.04.01,"个人如何报名参加档案管理员培训，有什么前提要求？
		","你好，请关注深圳档案信息网的报名通知，详细写有报名培训的条件。
		
		"
21058,档案培训报名,深圳市档案局,2015.03.24,2015.04.01,"据说深圳市档案局每年都开设档案管理培训课程，网站主页上的岗位培训与继续教育报名一直打不开，请问培训课程的时间是什么时候，有什么方法可以报名？
		","你好，我中心拟于四月份举办岗位培训班，报名期间，网上报名系统将开放，请关注“深圳档案信息网”相关通知。
		
		"
21114,档案管理员是否可以考试取得？,深圳市档案局,2015.03.25,2015.03.26,"你好，我们工程投标需要档案管理员，请问档案管理员是否可以通过考试取得？什么时候可以考试？
		","你好，请拨打职称评审联系电话：82108539进行咨询。
		
		"
21118,关于档案管理员考试时间咨询？,深圳市档案局,2015.03.25,2015.03.26,"你好，请问在这里是否可以报名档案管理员考试？是不是在首页的“岗位培训与继续教育报名”这里参加报名？这里一直都打不开...
		","你好，今年我中心拟四月份开班，届时将在网上发布报名通知，报名期间网上报名系统将开放，请关注“深圳档案信息网”相关通知。
		
		"
21164,图书资料职称,深圳市档案局,2015.03.10,2015.03.24,"请问2014年评选的图书资料职称证书什么时候可以发放？如果现在需要用到，可以出证明吗？或者有什么文件显示通过的人员名单？谢谢
		","你好，请拨打075582108539进行咨询。
		
		"
21172,消防分部子分部分项的划分,深圳市档案局,2015.03.14,2015.03.23,"你好，请问消防分部、子分部、分项是怎么划分的？可否把表格发我邮箱2648692421qq.com，谢谢！
		","你好，分部、子部的划分根据工程的实际情况咨询质检部门。
		
		"
21174,归档汇总合并问题,深圳市档案局,2015.03.10,2015.03.23,"你好！我想请问一下。我们工程在深圳南油这边。我们是公园一号广场工程桩工程和公园一号广场土石方开挖及基坑支护工程2个施工许可证。甲方、监理、施工单位、设计、勘察等都是同一个公司，也是同一个基坑。我想请问一下，这种情况归档的时候工程桩和基坑支护及土石方能归档在一起吗？还是必须要分开归档呢？谢谢！
		","你好，归档整理按合同组卷。
		
		"
21175,是否为原件,深圳市档案局,2015.03.02,2015.03.23,"我们是工程资料，我们先办理的初始登记，可是初始登记已经把规划验收合格证原件收回，在档案验收时也要规划验收合格证，这个怎么办？
		","你好，可去规划国土委查档并加盖查档章。
		
		"
21178,资料清单,深圳市档案局,2015.03.21,2015.03.23,"贵馆有没有资料归档要检查的资料清单，我们按清单做资料、按清单里面的检测报告送检验收，做到有的放矢。
		","你好，请到我局网站查阅《归档内容业务指引》。
		
		"
21180,档案归口事宜,深圳市档案局,2015.03.17,2015.03.23,"您好，我司承建的项目是在深圳市里报建，申领施工许可（并由市质监站及安监站监督），但是项目地址在宝安区。请问，档案是归口到市档案馆还是宝安区档案馆？盼予以回复，谢谢！
		","你好，请到市城建档案馆归档。
		
		"
21182,关于《深圳市城建档案馆建设工程档案接收范围》与《深圳市建设工程文件归档内容业务指引》不一致问题,深圳市档案局,2015.03.13,2015.03.23,"您好，在对本单位建设工程档案整理时，以上两份文件，对于移交城建档案馆归档文件的范围有不一致情况，如“项目建议书及项目审批性文件”、“可行性研究报告及审批文件”，列入《深圳市城建档案馆建设工程档案接收范围》，但在《深圳市建筑工程文件归档内容业务指引》中标注“建设单位归档保存” 以哪份文件接收范围为标准，烦请解答，谢谢！
		","你好，以新的归档目录指引为准。
		
		"
21185,2015年开工的工程,深圳市档案局,2015.03.17,2015.03.23,"请问2015年开工的工程能否用深圳市建筑工程A类工程档案卷内目录（对应省统表 2010版），还是有新的目录
		","你好，以新的归档目录指引为准。
		
		"
21190,归档汇总合并问题,深圳市档案局,2015.03.10,2015.03.23,"你好！我想请问一下。我们工程在深圳南油这边。我们是公园一号广场工程桩工程和公园一号广场土石方开挖及基坑支护工程2个施工许可证。甲方、监理、施工单位、设计、勘察等都是同一个公司，也是同一个基坑。我想请问一下，这种情况归档的时候工程桩和基坑支护及土石方能归档在一起吗？还是必须要分开归档呢？谢谢！
		","你好，归档整理按合同组卷。
		
		"
21192,归档资料,深圳市档案局,2015.03.10,2015.03.23,"你好！我想问下移交档案馆资料中（五）工程材料、试验器具管理文件中第一项原材料、构配件、成品、设备进场报验和使用报审汇总文件有格式吗？这个汇总如何做？
		","你好，关于统一用表问题由市住建行政部门负责。
		
		"
21198,档案管理员培训,深圳市档案局,2015.03.04,2015.03.20,"档案管理员上岗培训何时可以开课？
		","你好，我中心拟4月份开班，请关注网上通知。
		
		"
21217,档案员上岗培训,深圳市档案局,2015.03.13,2015.03.20,"请问档案员上岗培训在每年的什么时间？
		","你好，我中心会在开班前半个月左右在官网发布培训通知，请关注“深圳档案信息网”相关通知。
		
		"
21223,近期岗位培训与继续教育报名 网站一直打不开,深圳市档案局,2015.03.09,2015.03.20,"近期岗位培训与继续教育报名 网站一直打不开，是不是站点已经关闭了。或是目前还没有培训的通知呢？
		","你好，我中心拟于四月份开班，报名系统将在报名期间开放，请关注深圳档案信息网培训通知。
		
		"
21228,档案管理培训咨询,深圳市档案局,2015.03.10,2015.03.20,"请问2015年档案管理培训什么时间报名？报名网址总是打不开。
		","你好，我中心将在开班前半个月左右发布培训通知，通知会告知报名方式，请关注“深圳档案信息网”相关通知。
		
		"
21425,如何调阅大厦建筑设计档案,深圳市档案局,2015.03.05,2015.03.05,"我司想调阅所在大楼的建筑设计图纸，我司是其中一层楼（15楼）的业主，请问需要什么样的手续？还有是否可以调阅其他楼层的图纸？比如负1、2楼。谢谢！
		","您好！请拨打城建档案查询电话：0755-88127712进行咨询。
		
		"
21559,关于监理资料归档,深圳市档案局,2015.02.06,2015.02.12,"现在监理资料归档不是按照以前监理A、B类归档吗？而是根据归档指引归档上的文件进行归档就可以吗？
		","你好，按归档内容业务指引上的文件进行归档。
		
		"
21560,积分入户申请中关于调档方面的咨询,深圳市档案局,2015.02.09,2015.02.12,"您好，我目前在进行深圳积分入户的申请，我的户口在辽宁省鞍山市，档案放在了辽宁省鞍山市的一家公司保管，积分入户申请表中档案保管权调出审批(主管)部门该如何填写？
		","你好，根据目前人事档案管理体制，人事档案由人事总门管理，请咨询市人力资源管理局。
		
		"
21574,关于项目名称,深圳市档案局,2015.02.10,2015.02.12,"你好，我们项目的基础工程2013年2月办理的施工许可证的项目名称是南油购物公园三期，可是8月时命名批复书下来了，名称为公园一号广场，那做施工资料时，是以施工许可证为准还是以命名批复书为准？
		","你好，两者都可。
"
21575,检验批监理验收记录是否可以用电脑打印,深圳市档案局,2015.02.06,2015.02.12,"检验批监理单位验收记录那一栏，能不能用电脑打印上去，不用手签合格行吗？
		","你好，结论性意见只要求手写。
		
		"
21580,请问80、90年代的公司资料是否在贵局有存档,深圳市档案局,2015.02.10,2015.02.12,"您好！我司是87年经政府审批设立的内资公司，89年经政府批准改为中外合资公司，但部分公司以前的材料有遗失，不知道贵局是否有公司80、90年代企业档案资料存档，是否可提供查询？
		","你好，请拨打综合档案查询电话88127712进行咨询。
		
		"
21614,档案装具标准,深圳市档案局,2015.01.16,2015.02.06,"请问档案柜有制造和验收标准吗？能否将具体内容告知。谢谢！
		","你好，具体要求可查看档案行业标准《档案装具》（DA/T6-1992）和《直列式档案密集架》（DA/T7-1992）。
		
		"
21624,档案员考试咨询,深圳市档案局,2015.01.19,2015.02.06,"请问2015年档案员考试报名时间是什么时候？
		","你好，不存在档案员考试报名一说，如咨询档案上岗培训的时间，请关注“深圳档案信息网”的通知。
		
		"
21628,档案职称,深圳市档案局,2015.01.16,2015.02.06,"未评初级档案职称是否有资格直接评中级
		","你好，只要达到相应的资历、学历等条件，可以直接评中级。
		
		"
21707,如何查档,深圳市档案局,2015.01.17,2015.01.29,"1,请问调取个人名下房产所属小区的总建筑施工图需提交什么资料 2,调取深户本人及家庭档案需何资料?谢谢
		","你好，我馆近期正在搬迁新馆（福田区上梅林林丰路2号档案中心大厦），搬迁期间（2014年12月22日至2015年3月8日）暂停提供综合档案查阅利用服务，自2015年3月9日恢复查档服务；城建档案查询请咨询88127712。
		
		"
22014,咨询归档目录的问题,深圳市档案局,2015.01.04,2015.01.13,"你好！ 我想咨询一下现在建筑工程资料归档是否按14年发布的《深圳市建筑工程文件归档内容业务指引》来归档，不再按之前的A、B类了，我去年开工的项目，龙岗区的，望予以解答，不胜感激！谢谢！
		","你好，在市城建档案移交的是按归档内容业务指导来归档。若是在龙岗区归档的请咨询龙岗城建档案室。
		
		"
22015,正本存放,深圳市档案局,2014.12.23,2015.01.13,"建设单位施工许可证正本是存放于档案局还是建设方自存
		","建设单位施工许可证正本向市档案局移交，副本建设单位自存。
		
		"
22016,民国时期宝安县档案缩微胶片查阅,深圳市档案局,2015.01.12,2015.01.13,"作者在做平湖白坭坑的相关研究，过去其属于宝安县。想通过对《民国时期宝安县档案缩微胶片》的查阅对白坭坑过去的历史做到真实的认识。
		","你好，请联系宝安区档案馆查询所需档案。
		
		"
22018,关于归档资料盒规格事宜？,深圳市档案局,2014.12.26,2015.01.13,"你好，请问现在归档的文件资料盒、图纸资料盒是多大规格的？是不是B类资料盒与A类一样？
		","你好，档案盒的规格厚度有2cm、3cm、4cm、5cm,请按实际情况购买，现在归档不分A、B类。
		
		"
22635,档案上岗证,深圳市档案局,2014.11.11,2014.12.08,"您好！我是安徽大学档案学专业研究生毕业的，现在在深圳一家国企从事档案管理工作，我需要考档案上岗证吗？另外我想问企业文书档案整理参考的法规、制度是什么呢？贵单位对国企文书档案有硬性要求吗？具体到档案分类、档号章、装订等有要求或者实例参考吗？
		","你好，根据市档案局、市人事局文件深档字【1999】30号《关于对我市档案工作人员实行持证上岗的通知》，你需要参加上岗培训，取得上岗证。因档案局正在搬迁，上岗培训待春节后档案局搬迁完毕后才会举办，请留意档案信息网通知。国企档案工作咨询可致电82105292。
		
		"
22696,如何取得《深圳市建设工程档案办理移交进馆通知书》,深圳市档案局,2014.10.11,2014.12.04,"你好，我想办理桩基工程的竣工档案移交，请问如何取得《深圳市建设工程档案办理移交进馆通知书》，具体流程是什么？谢谢
		","你好，我局不接受单独分项工程档案，需按项目整体移交。
		
		"
22702,工程名称如何填写,深圳市档案局,2014.11.11,2014.12.04,"你好，刚做资料有许多不懂。我们的施工许可证和招标文件工程名称是写：深圳创业投资（VC&PE）大厦施工总承包，但我们收集业主所发的法定前期资料里面写的工程名称都是：深圳创业投资(VC&PE)大厦。请问在我们在填写工程名称的时候，以哪个写最标准。谢谢！
		","你好，可按法定前期中“深圳创业投资(VC&PE)大厦”填写即可。
		
		"
22705,如何查询商品房的楼层平面图（有法律效力的设计图纸）,深圳市档案局,2014.11.14,2014.12.04,"您好!我于2013年购买位于深圳市龙华新区观澜街道的和黄懿花园商品房一套，房子于2014年9月交房，现发现房子结构与宣传彩页不一致，我的房子的洗手间窗户位于邻居的厨房阳台上（彩页上无此阳台），购房合同上虽有图纸，但缩印非常模糊，根本看不清，现开发商说他们是依照设计图纸施工，也不给我看设计图纸。请问我能在哪里查询该图纸，如何查询？谢谢！
		","你好，您的手机一直无人接听，请拨打城建档案业务咨询电话：0755-82105461咨询相关事宜。
		
		"
22712,集团成立前子公司档案如何管理,深圳市档案局,2014.11.24,2014.12.04,"您好，目前我司筹备成立集团，集团旗下子公司有好几家，包括异地，子公司档案管理比较混乱，并没有按照职能划分类别，是按文件类型来分类，电子档案也不完整，请问对集团成立前期的子公司档案应如何管理？集团成立后档案一定要按照职能分类吗？
		","你好，请拨打城建档案业务咨询电话：0755-82105461咨询相关事宜。
		
		"
22717,档案规范,深圳市档案局,2014.11.27,2014.12.04,"请问档案局能不能来甲方项目上进行规范授课与指导？
		","你好，请拨打城建档案业务咨询电话：0755-82105461咨询相关事宜。
		
		"
22721,关天深圳市重大工程使用表格的问题？？,深圳市档案局,2014.11.13,2014.12.04,"项目：深圳市大铲湾码头填海区域第三期工程 由于本工程使用的是《水运工程质量检验标准(JTS 257-2008版)》，同样表格也是使用水运规范里的能用表格，不是使用2010版市政表格。那么在用表这方面用不用报于贵馆审批？？
		","你好，使用工程用表无须到我局报批。
		
		"
22911,关于工程档案技术职称评审,深圳市档案局,2014.11.24,2014.11.25,"我从1999年至今，在福永街道建设工程事务中心从事工程档案管理工作。物流管理专业本科学历，参加了市档案局组织的综合档案及城建档案管理培训课程。象我这种情况可不可以直接申报“馆员”评审。关于专业技术论文的发表，请问可以通过什么途径落实；专业技术职称评审继续教育，贵局是否有组织开展？
		","你好，请拨打电话82107779咨询职称评审具体事宜。
		
		"
22930,档案员培训什么时候有？,深圳市档案局,2014.11.18,2014.11.24,"档案员培训什么时间有？
		","你好，因近期档案局（馆）搬迁暂停办班，敬请关注“深圳档案信息网”办班通知。
		
		"
23431,关于主体分部的目录问题,深圳市档案局,2014.09.24,2014.10.09,"目前在整理房建主体分部工程资料，以2010年贵单位的房建归档目录标准整理，主体分部由于A类工程资料过多，整理装订超过了厚度标准，那么我准备把A类主体分部工程整理为两册，那么这个目录应该怎么处理，是按内容实际截分（目录分开，以衔接的方式处理吗）？还是两本资料按A类目录完全全部进去，比如主体我的整理内容到砂浆质量证明书，这时已经到达标准厚度了，那么接下来的目录还是原封不动打印进去，只是后面空着；第二本，接着第一本的内容下面编制目录，前面不去掉，依旧空着吗：望解答！目前正在整理工程资料中。
		","你好，目录按主体工程内容进行截分。
		
		"
23442,归档资料封面及目录,深圳市档案局,2014.10.01,2014.10.09,"项目要验收了，请问我在网上下载的资料归档目录和封面正确吗？如果不正确，是否需要到档案馆来下载
		","你好，如使用省统表2010版本，可在网上下载2010目录；也可按深圳档案信息网归档范围指引使用国标归档目录。
		
		"
23445,是否要做归档资料,深圳市档案局,2014.09.29,2014.10.09,"你好~  我刚开始做建筑类的资料有很多事情都不清楚，现我司现在承接了一个项目是电梯厅精装修项目，合同金额大概在200万左右。此项目我司不经过中建三局而是直接与业主联系沟通的，所有想请问一下，这样子我是否需要做归档资料。如果要做归档资料需要整理哪些资料？
		","你好，装饰装修不属于进馆范围，详情可参阅深圳档案信息网关于归档范围的指引。
		
		"
23535,文件归档,深圳市档案局,2014.09.17,2014.09.24,"请问文件归档时，其审批表是应放文件的前面还是附后？有一个规定的做法吗？
		","你好，对于审批表的存放位置没有硬性规定，目前通行的做法是：收文的文件处理表放于正文前面，发文的正本在前，文件处理表和定稿在后。
		
		"
23537,深圳市数字档案信息网开馆时间,深圳市档案局,2014.09.16,2014.09.24,"您好我是湘潭大学的档案学专业的一名学生，请问贵馆信息网在网上的开放时间是哪一年呢？可否告诉我具体的数字档案馆建管时间？打扰了!
		","你好，深圳档案信息网于2004年建站；数字档案馆一、二期已建设完成，目前正在进行三期建设。
		
		"
23555,临时工程是否需要归档,深圳市档案局,2014.09.22,2014.09.23,"我项目位置前海企业合作区招商引资单位的临时办公室（使用年限为10年），这样的工程是否需要归档。
		","你好，临时建筑工程的档案无需移交进馆；属移交进馆范围的工程项目档案逾期不交将违反国家相关的法律法规及行业规章。
		
		"
23612,关于项目建设单位变更后城建资料移交的事宜,深圳市档案局,2014.09.09,2014.09.16,"您好。我公司于今年中旬由项目建设方变为项目代建方，并已签订了代建合同，同时也对施工许可进行了备案登记。现有以下问题进行咨询： 1.建设单位变更后是否可以继续使用代建方单位名称（交档时补说明材料）？ 2.城建档案移交的发起人是代建方还是变更后的建设方？
		","你好，可由项目代建单位形成资料并向档案馆移交。
		
		"
23620,新规范表格归档问题,深圳市档案局,2014.09.10,2014.09.16,"8.25日根据新的统一验收规范50300-2013出了一些新的用表，如果质检站要求按新规范的话，想问一下，现在用这些新表会不会影响归档？还是统一用旧表？
		","你好，不影响归档。
		
		"
23621,归档事宜,深圳市档案局,2014.09.07,2014.09.16,"1、设计审查及开工报批文件中的《特种设备施工告知(申报)受理回执》，是什么单位开具的？ 2、监理工作文件――（一）组织机构和技术准备、现场准备文件中《承包单位试验室考察表》GD220208，现场没有设立试验室是不是不用做这个表？ 3、施工管理及质量保证文件――（三）工程重要节点控制与验收文件中《工程竣工验收申请》与竣工验收文件中《工程竣工验收申请表》GD410，这两个表有什么不同的用途？ 4、竣工验收文件中《建设工程质量监督报告》是不是质监站出具的？ 5、归档时，文字资料及竣工图是不是不用提供电子版？如果要，则提供多少份？有什么要求？ 
		","你好，你所咨询的问题经研究答复如下：1、《特种设备施工告知（申报）受理回执》由市场监督管理局出具；2.此表不在移交进馆的范围内，具体情况需咨询项目相关单位；3、这两份验收申请表所针对验收节点不同；4、工程质量质监部门出具；5、移交进馆的资料目前不用提供电子版，但需提供特定格式的电子目录一份，具体要求以告知验收会告知情况为准。
		
		"
23622,继续教育网络培训什么时候上线？,深圳市档案局,2014.09.10,2014.09.16,"请问：继续教育网络培训什么时候上线？好期待呀。。
		","你好，继续教育远程培训系统预计年底上线，敬请关注。
		
		"
23627,申报档案初经专业技术资格职称所需条件的问题,深圳市档案局,2014.09.10,2014.09.15,"    申报档案初级专业技术资格职称需考哪几个电脑模块及在哪报名考试?继续教育需多少学分才可申请?
		","你好，经研究答复如下：1、申报初级专业技术资格评审须通过3个计算机模块考试，具体可以登录深圳考试院网站查询；2、专业技术人员接受继续教育的时间，应当每年累计不少于12天或者72学时。
		
		"
23701,关于继续教育学习的问题,深圳市档案局,2014.09.03,2014.09.03,"我的档案培训证书是2009年10月发的，请问过期了吗？我今年一直在关注档案信息网，没有看到深圳市档案局开继续教育学习班呀，请问什么时候有继续教育学习班呀。
		","你好，已有档案上岗证的，应每两年至少参加一次培训，继续教育教育报名通知会在开班前半个月左右在“深圳档案信息网”上发布通知，敬请关注。
		
		"
23734,关于继续教育,深圳市档案局,2014.08.27,2014.09.01,"职称评定时如果参加广东省其他城市的培训是否有效？
		","你好，只需取得继育教育合格证即可。
		
		"
23737,资料版本及表格格式选用,深圳市档案局,2014.08.20,2014.09.01,"你好，我们是2013年10月开工的，资料用的是深圳版。我想问是不是现在得用广东版的表格？如果不是，深圳版部分缺少表格，我们套用广东的表格可以吗？资料表格部分已有2013版的，我们是不是可以新旧表格中随意选用？按资料归档指引，如果表格题名不同，但内容基本一致，是否能替用？
		","你好，请拨打城建业务咨询电话进行咨询：82105461。
		
		"
23775,关于继续教育学习的问题,深圳市档案局,2014.08.25,2014.08.26,"您好！请问我的档案上岗证是2012年的，没去继续教育学习那个上岗证会不会无效？继续教育学习几时开课？公告好像没见到有公布消息
		","你好，已有档案上岗证的，应每两年至少参加一次培训，继续教育教育报名通知会在开班前半个月左右在“深圳档案信息网”上发布通知，敬请关注。
		
		"
23777,关于项目档案是按省统表还是深圳版来做,深圳市档案局,2014.08.14,2014.08.26,"工作人员好，我司梧桐山风景区森林防火安全防范电子监控系统项目，我想确认一下档案表格是按对应省统表2010来做还是按地应统一用表深圳版，谢谢！
		","你好，请咨询82105461。
		
		"
23778,工程档案员资格证书 ,深圳市档案局,2014.08.22,2014.08.26,"深圳市工程档案员资格证书如何取得？有相关考试吗？考试报名条件 考试时间是？
		","您好，培训报名的具体事项会以通知形式提前半个月左右在“深圳档案信息网”发布，敬请关注。
		
		"
23795,需不需要归档问题,深圳市档案局,2014.08.20,2014.08.22,"我想问下有施工许可证的二次装修工程需不需要移交资料进档案馆。
		","您好！二次装修工程资料不需要移交进档案馆。
		
		"
23796,关于归档资料收集整理问题？,深圳市档案局,2014.08.20,2014.08.22,"建设单位： 1、该项目桩基础与主体结构是分开报建，到归档就有一个问题了，建设单位文件也是分开的吗，因为原件只有一份？桩基础是要先交档案馆的 2、由档案馆出的《深圳市建筑工程文件归档内容业务指引》与原来的A、B类目录是用哪一个呢？还是只是指引？实际归档还是按AB类来分 
		","您好！
1.现在项目资料要按项目整体移交，桩基也不能提前移交，不论是否分开报建；
2.原则上不再执行A、B类目录而执行业务指引，依据指引划分使用国标空白目录自行编制目录内容，但考虑到新旧业务衔接，已按A、B类装订整理的，目前仍然接收。
"
23816,积分入户（调干）档案内出生年月与现身份证不一致,深圳市档案局,2014.08.19,2014.08.20,"我是在办理积分入户时，发现档案里大多数登记表填的是1982年4月18日，而我实际是1981年4月18日，但档案里附的身份证复印件是1981年4月18日的，和我现在的身份证是一致的。是因为我是农村的，小学入学很迟。因当时同学笑话，所以就填小了一岁，都写成了1982年4月18日。还是一两张表格是学校填错的，现在被深圳市人保局审为不合格，调干入户也办不成了，请问这种情况我该怎么办？万分感谢！
		","您好！根据目前我国档案管理体制，人事档案管理不属于市档案局的业务范畴，您遇到的问题请径向市人力资源和社会保障局或者负责积分入户业务的市公安局咨询。
		
		"
23817,个人档案查询,深圳市档案局,2014.08.19,2014.08.20,"我户籍是在福田区的，现在因为生二胎，街道办那边要我的高中以上档案，我最后一次工作是在去年5月至11月份在平安保险工作。不知道要怎么才能查都自己的档案存放在哪里？然后要怎样取得个人档案？
		","您好！个人档案的下落应询问你所在单位，或者人才交流服务中心。
		
		"
23818,档案查询,深圳市档案局,2014.08.20,2014.08.20,"你好：我的户口是1994年调入深圳的，当时户口在罗湖。1996年底户口从罗湖迁到南山，一直都有工作（换了几次工作）。听退休的同事说办退休要有档案，我咨询了南山、罗湖劳动局档案室，都查不到我的档案。真不知怎么办？
		","您好！根据目前我国档案管理体制，人事档案管理不是市档案局业务范畴，请径向人力资源和社会保障局询问。
		
		"
23863,归档问题,深圳市档案局,2014.08.05,2014.08.14,"维修改造的二次装修工程和园林绿化工程需要归入档案馆存档吗？
		","你好，可上“深圳档案信息网”查询归档业务范围指引，二次装修和园林绿化不属于进馆范围。
		
		"
23864,代建单位,深圳市档案局,2014.08.05,2014.08.14,"施工许可证上 建设单位档写的是：XXX单位（代建：YYY单位）请问：分部验收表上的 建设单位档填哪个单位，盖哪个单位的章。谢谢
		","你好，可由代建单位组卷、签字、盖章。
		
		"
23866,深圳市申请助理级专业技术资格证办公室联系方式是多少,深圳市档案局,2014.08.14,2014.08.14,"你好：我在龙岗区平龙东路，我想申请助理级专业技术资格证，最近在哪里申请，老师的联系电话是多少？非常谢谢
		","你好，请登录“深圳档案信息网”―“信息公开”―“政策法规”――“政策解读”查询职称评审相关政策，如有疑问请详询82108502。
		
		"
23868,资料移交归档办理,深圳市档案局,2014.08.06,2014.08.14,"西门子三期工程属于重大项目，现已完成工程建设。现准备资料的归档工作，那么首先项目上应该做的工作是什么？谢谢
		","你好，可由甲方打82105461预约告知会，我局会讲有关进馆要求和注意事项以及办事流程。
		
		"
23950,档案继续教育问题,深圳市档案局,2014.08.01,2014.08.04,"请问除了参加继续教育培训班，有没有网上继续教育系统，在线学习。
		","你好，下半年继续教育网络培训将上线，敬请关注。
		
		"
23964,档案员培训报名,深圳市档案局,2014.07.31,2014.08.01,"请问8月份什么时候可以报名城建档案员啊，具体的报名程序及报名地点在什么地方？？谢谢
		","你好，我中心会提前半个月左右在“深圳档案信息网”发布培训通知，敬请关注。
		
		"
23980,应届毕业生档案问题,深圳市档案局,2014.07.27,2014.07.30,"我是14届的毕业生，报到证上写的是深圳市人力资源和社会保障局，学校方面说7.10号已寄档案，25号到~~~但我上人才市场的网站查询不到我的档案，应该怎么办？我是要办理深圳集体户入户的，没有档案入不了户户口迁移证又快过期了该怎么办？
		","你好，根据目前人事档案管理体制，人事档案由人事部门管理，建议咨询市人力资源与社会保障局。
		
		"
23982,档案继续教育培训,深圳市档案局,2014.07.28,2014.07.30,"您好，请问深圳市档案局在接下8、9月是否有继续教育培训的安排，谢谢。
		","你好，今年下半年本中心要搬迁，暂未有培训安排，如有安排本中心会在“深圳档案信息网”上发布，敬请关注。
"
23983,关于继续教育,深圳市档案局,2014.07.10,2014.07.30,"您好，想咨询关于深圳今年的继续教育是什么时候开始，谢谢
		","你好，我中心今年已开办四期综合档案工作员岗位培训班，请关注“深圳档案信息网”下一期培训通知 。
		
		"
23984,归档问题,深圳市档案局,2014.07.17,2014.07.30,"1、竣工资料中档案盒表面是否应注明A类？如要，应在案卷题名中哪个位置比较 合适？ 2、档案盒的编制日期是否指每一卷资料内容的起和止的日期？
		","你好，1、档案盒无需注明A、B类；2、编制日期是卷内文件形成的起止日期。
		
		"
23985,统表版本,深圳市档案局,2014.07.17,2014.07.30,"您好，请问统表最新版本是2010吗？另外深圳的项目是用省统还是深圳的版本？
		","你好，统表分为省统2010年深圳版2008，此外我局有归档范围指引可在“深圳档案信息网”查询，可根据项目立项时间选择适用方法。
		
		"
23995,基坑支护和桩基资料是否能单独交档？,深圳市档案局,2014.07.15,2014.07.28,"您好！我们项目造价约1亿，基坑支护和管桩基础为一家施工单位施工，现在施工完成，基础承台及地下室、主体由另一家施工单位完成。现在咨询：基坑支护资料是否要交档案馆？如要交是否能跟管桩基础一起交？谢谢
		","你好，临时性质的基坑支护资料不需交档案馆。
		
		"
24002,资料员,深圳市档案局,2014.07.21,2014.07.28,"你好，我们工程的工程名称有变更三次，最后一次是在14年5月份变更的，可文件发到我们这边已经是6月份了，请问是在5月份变更之后就必须要把工程名称更改成新的名字吗，之后我还能用之前的工程名称吗？
		","你好，可以用之前的名字，只要有相关文件依据。
		
		"
24005,归档目录,深圳市档案局,2014.07.16,2014.07.28,"您好！我有一市政，这个工程施工却是房建的内容，做表格的时候是用深圳房建的，现在竣工验收准备归档了，请问这个工程是用房建的目录组卷还是用市政的目录？如果用市政的，那不对应的部分资料怎么处理？
		","你好，工程房建内容用房建的表格和目录，其余内容就用市政府目录和表格。
		
		"
24006,不需要备案的工程是否也需要资料归档,深圳市档案局,2014.07.18,2014.07.28,"你好，请问不需要备案的专业分包工程（施工金额未达到备案条件），是否就不需要资料归入档案馆了。如果需要归档，那作为没有备案的施工单位，整理的资料是否符合规定。帮忙介绍下相关规定，谢谢。
		","你好，需看专业是否归档范围，具体可登录“深圳档案信息网”查询。
		
		"
24007,红线外管线录入问题,深圳市档案局,2014.07.17,2014.07.28,"房建项目移交资料前，听说室外给排水管线接驳市政红线外部分需要到档案管录入资料，请问该如何操作呢？
		","你好，由建设方申请告知会（82105461），凭施工许可证或竣工报告在会后申请档号，之后凭档号在城建处录入管线信息。
		
		"
24011,档案原件,深圳市档案局,2014.07.18,2014.07.28,"请问建设单位去建设局办理房产证明，部分资料要收原件，那移交档案馆的话就部分为复印件加盖公章，请问档案馆接收吗？
		","你好，可先移交档案局，我局在复印件加盖原件相符章也可办理房产证，如原件已交国土规划委，我局要求提供查档件。
		
		"
24157,城建档案员培训,深圳市档案局,2014.07.01,2014.07.01,"今年5月份的第二期城建档案工作人员岗位培训班由于没有及时得到消息错过，所以想问一下这个培训几年还会举办第三期吗，大概在什么时间。你们网页首页的公告通知栏会有信息提示吗？
		","你好，今年下半年本中心要搬迁，暂未有培训安排，如有安排本中心会在“深圳档案信息网”上发布，敬请关注。
"
24385,档案归档,深圳市档案局,2014.05.07,2014.05.23,"现我项目部山体边坡支护工程已竣工，咨询档案是归市档案局还是归到盐田区档案局?
		","你好，此类工程属市政工程，是属于市城建档案馆的归档范围。
"
24472,小区建筑档案查询,深圳市档案局,2014.05.07,2014.05.08,"您好，2006新建的小区，请问小区业主能否以个人身份去查询小区建筑档案，又需要哪些证件或证明，谢谢！
		","你好，请拨打城建档案查询电话：25944223进行咨询。
"
24473,是否有关资料归档的学习班？,深圳市档案局,2014.05.06,2014.05.08,"是否有关资料归档的学习班？
		","你好，有城建档案人员培训班，5月19号开课，5月14号9：30起接受报名。
"
24575,关于继续教育培训的问题,深圳市档案局,2014.04.10,2014.04.16,"本人已经参加过综合档案培训，并取得上岗证。想问下继续教育培训什么时候开班？继续教育培训和综合档案培训是一样课程么？继续教育几年参加一次？还有今天网上报名已满，本想电话咨询，打了N个电话没人接。希望改进这点。
		","你好，2014年继续教育培训方面本中心计划在网上开展在线视频学习，预计年中可上线，届时学员可在报名系统注册后自主学习，至少两年应学习一次。目前，如果之前已经参加过岗位培训，两年内再重新参加的话可当作继续教育培训并统计学时。
"
24578,档案管理培训,深圳市档案局,2014.04.12,2014.04.15,"您好！我想咨询下2014年上半年档案管理培训课程什么时候开课，报名方式是哪些，怎么报名去参加你们的培训课程，咨询电话多少？谢谢
		","你好，2014年上半年档案管理培训课程的具体开班时间未定，报名方式只有网上报名，报名通知会提前半个月左右在“深圳档案信息网”公布，敬请关注培训通知，详询：25945021。
"
24580,景观资料,深圳市档案局,2014.04.09,2014.04.15,"本项目有一个景观工程，请问要不要做资料？
		","你好，景观工程可依据《深圳市建筑工程文件归档内容业务指引》中的“室外建筑环境及室外安装工程工序检查及质量验收文件”形成相应建安资料。
"
24596,档案借用程序咨询,深圳市档案局,2014.04.10,2014.04.10,"因工作需要借用我公司自建物业的部分工程资料，咨询一下借用流程怎么办理，需要提供那些资料。谢谢
		","你好，根据档案馆利用档案的相关规定，馆藏档案一律不予外借。
"
24701,关于继续教育问题,深圳市档案局,2014.03.19,2014.03.19,"您好！了解到晋升职称必须要档案方面的继续教育学分，且每年到达到40学时，是这样吗？往年因错过了培训时间，请问今年深圳能否安排“补培”的机会？（因2013年底省里曾补办过，而且也是事后才从网上看到有这个机会),期盼深圳能为众多从事档案工作的专业人员着想，举办一次！谢谢
		","你好，晋升职称每年专业课需42学时，可以进行补训，本中心不再为补训单独开班。请关注深圳档案信息网上发布的种类培训课程，结合自身实际，选择适当课程作为补训课程，获得足够学时后登录“广东省专业员继续管理系统”将学时登记在想补训的年度下即可。
"
24703,2014年建筑工程城建档案培训咨询,深圳市档案局,2014.03.12,2014.03.19,"你好！请问2014年建筑工程城建档案培训大概什么时候开始报名？什么时候培训？以及在哪里培训？培训天数？培训费用？谢谢回答！
		","你好，城建档案培训暂未制订时间表，培训通知会在开班前半个月左右在网上公布，请关注“深圳档案信息网”相关通知。
"
24841,关于2014年度综合档案工作人员的继续教育问题,深圳市档案局,2014.02.11,2014.02.17,"您好！请问关于2014年度综合档案工作人员继续教育的具体安排时间是什么时候？而且每年度的继续教育的次数是否可适当增加，以便可及时参加，目前每年1-2次有点少，往往上半年错过了就得等到下半年
		","你好，继续教育一般视学员需要举办，并无具体计划。2014年本中心计划对网上报名系统升级，增加继续教育网上学习功能，学员可随时进行学习，预计2014年年中可上线。
"
24848,如何查询结婚登记档案,深圳市档案局,2014.02.11,2014.02.13,"我的父母于1967年7月12日在深圳蛇口登记结婚，但结婚证已经遗失，现两位老人十分期盼能补领结婚证。补办需要提供当时登记档案，请问我们该如何查找？
		","你好，该档案未移交我馆，因年代久远和机构沿革，该档案有可能保存在宝安区档案馆或南山区档案馆，建议联系相关区馆查询所需档案。
"
24942,请问金地上塘道2期有提交档案吗？,深圳市档案局,2014.01.08,2014.01.13,"您好！我是一名业主，因为对工程质量有些疑问所以想查询我现在住房的结构图。2013年11月我有去贵处查询，但是只查到我们小区一期（1--7栋）的资料，却没有我所在的二期（8--11栋）的资料。昨天去找开发商，他们说已于2012年11月29日提交到您这边了，没查到可能是因为您这边没有录入？所以我想咨询一下，现在我所在的金地上塘道花园二期的资料能查到了吗？期待您的回复，谢谢！
		","你好！经查询，该项目A817-0127地块资料（项目二期）已移交我馆，请联系城建档案查询部门，电话：0755-25944223。
"
24944,分户验收表格,深圳市档案局,2014.01.02,2014.01.13,"1.分户验收所需提交贵馆的四个附表（GD429~GD432)有无已填好的样表供参考，尤其是给排水、电气及燃气部分内容的填写规范。
		","你好，施工用表的填写问题请向建设行政管理部门或质监部门咨询。
"
24945,房建工程建筑工程档案卷内目录下载及选用问题,深圳市档案局,2014.01.06,2014.01.13,"你好！我在网站上找了一下！找不到房建工程建筑工程档案的卷内目录！请问这个现在得去哪里下载？我记得以前在表格下载栏里面就有A类及B类的卷内目录可以下载！和市政基础工程的档案卷内目录可以下载！
		","你好！请加城建档案咨询qq群：170254774下载，加群时请注明单位和姓名。
"
25027,关于竣工图编制要求的确认,深圳市档案局,2013.12.20,2013.12.20,"1、竣工图章是否按GB50328-2001的要求刻制（长80mm，宽50mm） 2、施工单位自制竣工图的编制栏的尺寸是多少的，在编制、审核方面有哪些要求？ 3、原设计图上的有关设计单位的信息（如：设计人员签名、相关审图信息等）需要删除吗？
		","你好！请直接拨打城建业务咨询电话：0755-82105461进行咨询。
"
25028,档案员培训及考试,深圳市档案局,2013.12.19,2013.12.20,"问下现在有公司的档案员的培训及考试吗？时间大概是什么时候
		","你好，近期无综合档案工作人员培训计划，明年的培训安排请关注“深圳档案信息网”培训通知，培训通知一般会提前半个月左右发布。
"
25033,考档案员中级证书资格,深圳市档案局,2013.12.18,2013.12.19,"你好！我已经有档案员初级证书了，请问我可以申请考取档案员中级资格证嘛？什么样的资质，怎么报考？急，请及时回复，谢谢！
		","你好，符合条件即可申报中级专业技术资格，具体要求请登录“深圳档案信息网”查阅“政策法规”―“政策解读”栏目的《档案专业技术职称评审有关政策》。
"
25036,深圳市园林工程竣工验收资料归档目录,深圳市档案局,2013.12.17,2013.12.18,"深圳市园林铺装和绿化的归档目录是怎么样的?有没有专用的资料软件>?
		","你好，请拨打城建业务咨询电话：0755-82105461进行咨询。
"
25039,建筑类档案目录,深圳市档案局,2013.12.18,2013.12.18,"请问深圳市建筑工程A类工程档案卷内目录在那里能查到
		","你好！请加城建档案咨询qq群：170254774下载卷内目录，加群时请注明单位和姓名。
"
25101,档案管理上岗证考试,深圳市档案局,2013.11.26,2013.12.02,"请问，贵单位是不是有组织档案管理上岗资格证考试？一般在什么时候？我从哪里可以看到相关通知，届时能否将通知发我邮箱一份，谢谢。
		","你好，明年的培训时间安排暂未确定，培训报名通知会提前半个月左右在网站公布，请随时关注“深圳档案信息网”相关通知。
"
25103,咨询写字楼的房子结构图,深圳市档案局,2013.11.25,2013.12.02,"如果到该档案室窗口查阅，是否需要配带什么证件资料呢？
		","你好，城建档案查询手续请查阅“深圳档案信息网”-办事服务里的相关说明。
"
25106,购买档案盒事宜,深圳市档案局,2013.11.25,2013.12.02,"以前在辖区的档案馆可以购买文书档案盒等档案用品，现在没有卖了，请问在什么地方可以买到贵局监制的档案盒等，能否提供供货商电话，谢谢！
		","你好！请前往深南中路1033号档案大厦一楼档案服务部购买，电话：0755-25944232。
"
25153,质检资料的填写,深圳市档案局,2013.11.18,2013.11.20,"你好，我想问问我们资料上检验批的报审表里面那个监理审查意见是否可以机打？
		","你好，可以机打，但监理人员签名必须手写，因为监理人员签名后代表已承认机打的验收意见，如施工合同等，多数为机打格式。
"
25158,关于档案管理培训,深圳市档案局,2013.11.14,2013.11.18,"您好，请问一下最近还会有档案管理方面的培训吗？什么时候？谢谢！
		","你好，今年的档案培训已经结束，请参加的培训，具体开班时间会在深圳档案信息网上提前半个月左右公布，敬请关注。
"
25306,继续教育,深圳市档案局,2013.10.09,2013.10.22,"您好，2013年２月参加了档案培训，请问什么时候参加继续教育？若到时间没参加继续教育，证件是否有效。盼复。谢谢
		","你好！档案上岗证书有效，继续教育情况请关注网上通知。
"
25317,有关档案培训开课,深圳市档案局,2013.10.12,2013.10.18,"我们公司需要派一位同事参加 档案管理 培训，请问什么时候开课，费用是多少
		","你好，请关注“深圳档案信息网”或“政府在线”相关培训通知。
"
25340,档案中介服务机构的备案,深圳市档案局,2013.10.08,2013.10.11,"档案中介服务机构的备案登记中，档案专业技术职务证书复印件及相关职能部门出具的验证证明，相关职能部门是具体什么部门？我的中级职称是安徽的，可以在这里备案吗？
		","你好，因市人力资源管理部门不再出具相关证明，你只需备齐相关材料前来备案即可。
"
25385,想评助理级专业技术资格,深圳市档案局,2013.09.24,2013.09.29,"请问，我想评助理级专业技术资格职称，我该在什么时间，什么地点提交相关的资料？谢谢
		","你好，请参见市人力资源管理局的相关文件。
"
25386,请问资料员（档案员）上岗证在哪里报名、考试？,深圳市档案局,2013.09.24,2013.09.29,"请问资料员（档案员）上岗证在哪里报名、考试？
		","您好！请关注深圳档案信息网（www.szdaj.gov.cn）相关培训通知。
"
25390,档案中介服务机构备案登记证书年审,深圳市档案局,2013.09.23,2013.09.29,"根据在网站上的了解，档案中介服务机构备案登记证书年审需提供的资料，其中有两项是需提供档案人员上岗证书复印件以及社保缴纳证明材料。因公司实际情况，这两项目前我们公司无法提供，所以，我想咨询下，这两项是必须要提供的吗？如果没法提供是不是年审就通过不了？如果必须提供，还有没有什么其他的方式或者材料可以代替？谢谢！
		","您好！目前必须按照相关要求提供材料。
"
25391,2013年第8期综合档案工作人员岗位培训班好久开始报名,深圳市档案局,2013.09.28,2013.09.29,"本人已经错过2013年第六期、第七期综合档案工作人员岗位培训，请问2013年第8期综合档案工作人员岗位培训班好久开始报名？谢谢答复！
		","您好！目前暂无培训计划，请关注网上通知。
"
25393,档案管理培训与考试,深圳市档案局,2013.09.24,2013.09.29,"1、档案员培训和综合档案培训有什么区别？培训后各获得什么证件？ 2、档案管理员的资格考试与档案培训有关系吗？考试每年几次？如何报名？
		","我局于24日日收悉您提交的咨询，经转我局相关业务处室予以研究，答复如下：综合档案培训针对综合档案工作人员，发综合档案上岗证；城建档案培训针对城建档案工作人员，发城建档案上岗证。日前没有档案管理员的资格培训，档案系列的职称都是通过评审获得。
"
25483,档案员培训,深圳市档案局,2013.09.01,2013.09.05,"请问档案馆一年有几次培训档案员，如果九月份的赶不上，今年还会再有第三期档案员培训吗,谢谢
		","你好，今年第三期城建档案人员培训班具体日期未定，预计年底还会举办一期，请关注深圳档案信息网（www.szdaj.gov.cn）培训通知。
"
25485,请问综合档案培训今年还会开班吗？,深圳市档案局,2013.08.30,2013.09.05,"注意到贵单位已经开始第六期的培训了，但没报上名，请问今年还有综合档案培训班的开班报名吗？
		","你好，10月份有一期综合档案岗位培训班，具体日期未定，请关注深圳档案信息网（www.szdaj.gov.cn）的培训通知。
"
25486,关于报名综合档案培训课程,深圳市档案局,2013.08.28,2013.09.05,"我想咨询下今年的综合档案培训还否开课？什么时候能报名呢？我老是报不上去，能否给个具体报名时间我，或是能报名的时候通知下呢。
		","你好，10月份有一期综合档案岗位培训班，具体日期未定，请关注深圳档案信息网（www.szdaj.gov.cn）的培训通知。
"
25487,企业档案登记测评环节,深圳市档案局,2013.08.28,2013.09.05,"你好，我想咨询下企业档案登级测评的审核步骤，主要审核哪些方面的内容！难不成是按照《广东省企业档案工作规范测评标准》的条款逐条审核吧！能否说下具体审核的步骤，具体检查哪些方面内容。谢谢！
		","你好，企业档案管理测评完全按照《广东省企业档案工作规范测评标准》的条款逐条检查材料，并选2个实地检查。具体检查内容参照上述《标准》即可。
"
25488,企业档案登记测评环节,深圳市档案局,2013.08.28,2013.09.05,"你好，我想咨询下企业档案登级测评的审核步骤，主要审核哪些方面的内容！难不成是按照《广东省企业档案工作规范测评标准》的条款逐条审核吧！能否说下具体审核的步骤，具体检查哪些方面内容。谢谢！
		","你好，企业档案管理测评完全按照《广东省企业档案工作规范测评标准》的条款逐条检查材料，并选2个实地检查。具体检查内容参照上述《标准》即可。
"
25489,查询宗地号B310-11建设档案资料,深圳市档案局,2013.08.30,2013.09.05,"宗地号B310-11三栋大楼，因有其中一栋属原始资料丢失，目前，需做物业确权，想来贵局档案室查询原始档案，该提交什么证明文件才可查询，谢谢！！
		","你好，我馆所保管的城建档案以项目为单位进行查询，无法按照宗地号查询，根据利用者身份不同，须提供的证明材料也不尽相同，详情请拨打0755-25944223进行咨询。
"
25493,深圳人才中心档案查询流程或者电话号码,深圳市档案局,2013.08.29,2013.09.03,"请问什么流程或者电话可以查询到本人于2007年存放到深圳人才中心的档案是否还在？
		","你好，根据目前人事管理体制，人事档案由人事部门管理，建议咨询人力资源和社会保障局。
"
25516,岗位培训继续教育系统打不开,深圳市档案局,2013.08.26,2013.08.26,"为什么岗位培训继续教育系统打不开？
		","你好，系统运行故障所致，目前正在维修解决，带来不便，敬请谅解。
"
25519,强烈要求近期再开城建档案培训班,深圳市档案局,2013.08.23,2013.08.26,"2013年五月第一期城建档案培训时,报名简直是在秒杀,开始是系统坏,后来就直接报满,真正报名时间不足半天就报满,这么多需求,强烈要求近期再开幕期城建档案培训.
		","你好，第二期城建档案培训班定于9月初开班，详情请参见信息网（www.szdaj.gov.cn）通知.
"
25544,请问选调的事情,深圳市档案局,2013.08.16,2013.08.19,"请问下领导，档案局选调公务员大概什么时候会通知资格审查通过名单和参加笔试的时间，好安排工作啊，谢谢！打扰了。。
		","你好，我局将于近期短信通知各位考生，请注意查收，详询：0755-82108265。
"
25547,关于建筑资料归档,深圳市档案局,2013.08.12,2013.08.19,"你好！我想请问下贵馆工作人员，建筑归档资料是用广东省的资料软件表格还是深圳版的资料表格。建筑工地是深圳市的
		","你好，请直接拨打城建处业务咨询电话进行咨询：0755-82105461。
"
25549,2013年档案职称考试什么时候开始？,深圳市档案局,2013.08.16,2013.08.19,"2013年档案职称考试什么时候开始？贵单位的82108502黄科的电话一直无人接听，请问是怎么回事？还有，全日制大专学历，计算机应用专业的，是不是免计算机模块考试？谢谢。
		","你好，有关负责人员在休假，9月中旬上班，带来不便，敬请谅解！职称评审政策请参见“深圳档案信息网”-“信息公开”-“政策解读”栏目
"
25553,关于深圳市档案局选调,深圳市档案局,2013.08.16,2013.08.16,"您好，我想请问下，这次报名深圳市档案局面向全国的公务员选调，请问大概什么时候会通知资格审查通过名单和笔试时间啊，要是通过，大概什么时候参加笔试。谢谢！
		","你好，我局将于近期短信通知考试时间和方式，请注意查收。
"
25554,专业技术资格评审,深圳市档案局,2013.08.15,2013.08.16,"请问2013年的专业技术资格评审什么时候开始，谢谢。
		","你好，请关注人力资源与社会保障局相关通知。
"
25555,关于深圳市档案局选调,深圳市档案局,2013.08.16,2013.08.16,"您好，我想请问下，这次报名深圳市档案局面向全国的公务员选调，请问大概什么时候会通知资格审查通过名单和笔试时间啊，要是通过，大概什么时候参加笔试。谢谢！
		","你好，我局将于近期短信通知考试方式和时间，请注意查收。
"
25561,未享受福利分房和货币分房证明,深圳市档案局,2013.08.12,2013.08.14,"请问这个证明是在哪儿办理？
		","你好，该证明在市规划国土委信息中心办理，地址：罗湖区爱国路3046号惠名大厦，如有疑问请联系规划国土委咨询相关事宜。
"
25582,查询建设工程材料咨询,深圳市档案局,2013.08.01,2013.08.09,"我公司的产品系给建设工程提供的商品混凝土，在提供混凝土的同时，按照相关法律要求，我公司向对方公司提供了混凝土的配料单等相关证明。现在该工程已竣工验收，我想咨询下以上提到的配料单等文件，能否凭借着法院的立案证明来贵局查询？需要办理什么手续呢？谢谢
		","你好，由于你所咨询的工程档案未说明建筑工程名称，不清楚是否已经移交我馆，请拨打电话：25944223咨询相关事宜。
"
25585,2013年城建档案培训,深圳市档案局,2013.08.05,2013.08.07,"2013年城建档案培训还有吗？如果有大约什么时候培训？
		","你好，今年第二期城建档案培训班开班时间暂未确定，请关注“深圳档案信网”――“通知公告”相关信息。
"
25590,询问今年职称,深圳市档案局,2013.08.06,2013.08.07,"今年档案职称什么时候开始可以申请了？？
		","你好，具体时间请关注人力资源与社会保障局相关通知。
"
25596,评定职称,深圳市档案局,2013.07.30,2013.08.05,"评助理馆员是随时可以申请，还是等人事局通知？评定助理馆员满足本科工作一年，计算机通过及已通过档案上岗培训，是否还需参加其他继续教育？在你们政策法规那一栏里，实在是没看明白。就写着继续教育，是针对评中级、高级还是助理也要先继续教育？
		","你好，现就咨询问题答复如下：除初次认定外，职称评审一年一次，按照人事局通知开展相关工作。除初次认定外，均需参加继续教育，计算机考试及上岗培训不能代替继续教育。另，有关职称评审的内容在综合档案上岗培训班有详细，请有需要申报职称的人员上课时详细了解。
"
25597,城建档案上岗培训什么时候开始报名,深圳市档案局,2013.08.02,2013.08.02,"城建档案上岗培训什么时候开始报名？
		","你好，城建档案培训班开班时间没定，请关注“深圳档案信息网”――“通知公告”相关信息。
"
25611,档案中级职称,深圳市档案局,2013.07.23,2013.07.25,"我想请问一下，申请深圳市档案中级职称，除了需要发表两篇论文以外，还需要其它硬性条件吗？是否需要计算机相关能力证书，若需要，可以通过何种方式取得？谢谢
		","你好，请查看“深圳档案信息网”―“信息公开”―“政策法规”―“政策解读”相关内容。
"
25612,已拿到档案工作人员培训证书，是否能评初级、中级职称,深圳市档案局,2013.07.19,2013.07.25,"我们几个同事今年1月份一起参加档案培训，并取得档案工作人员培训证书。其中一位是研究生毕业，其他为大专或本科毕业，都从事档案管理行业数年，想申请职称，特咨询贵单位以下几个问题： 1、是否研究生能申请馆员职称，大专及本科能申请助理馆员职称？ 2、是通过用人单位在深圳市人力资源和社会保障局网站申请职称即可？ 3、除了需要提供学历证明还需要提供哪些资料？ 4、是否还要参加计算机考试？如果是，按规定要通过3个计算机模块考试，是哪三个模块，在哪报名参加考试？ 5、是否需要提交论文？如果需要，如何在档案局的刊物上投稿？ 6、是否还要参加继续教育学习才能申请职称，如果需要，按规定每年要72个学时，其中专修42个学时，公修30个学时，专修跟公修分别是在哪报名学习？ 7、我们1月份参加的培训是属于公修还是专修？要继续教育几年才能申请职称？ 8、最后，贵单位的咨询电话很难打通，请问什么时候咨询方便？
		","你好，请查看“深圳档案信息网”―“信息公开”―“政策法规”―“政策解读”相关内容。
"
25613,综合档案管理人员培训班安排事宜,深圳市档案局,2013.07.22,2013.07.25,"想请教贵中心： 1、2013年下半年“综合档案管理培训班”开办时间在哪里可以查询到？ 2、一般企业综合档案管理工作人员是参加此类培训吗？
		","你好，答复如下：1、下半年的培训具体时间还未确定，请关注“深圳档案信息网”培训通知。2、企业综合档案管理人员也是参加此类培训。
"
25614,综合档案上岗培训班有几个班级,深圳市档案局,2013.07.23,2013.07.25,"请问，综合档案上岗培训班一共有几个班级，现在有一个龙岗区档案局特约培训班，有没有福田区或者宝安区的班级呢？
		","你好，其它区没有开设档案上岗培训班。龙岗区档案局特约培训班专门针对龙岗区社区档案人员，由龙岗区档案局组织，市档案局只是派人授课。
"
25615,毕业生报到证档案户口问题,深圳市档案局,2013.07.20,2013.07.25,"我的户口还在生源地。报到证上写的档案地址和报到地址都是生源地。可以档案却寄到了工作地方的人才中心。这种情况我要怎么处理
		","你好，根据目前人事管理体制，人事档案由人事部门管理，请直接咨询人力资源与社会保障局。
"
25616,如何报考深圳燃气资料员,深圳市档案局,2013.07.23,2013.07.25,"煤茫请问如何报考深圳市燃气的资料员？可以把报考的详细程序跟步骤告知一下吗？谢谢！
		","你好，请查看“深圳档案信息网”―“信息公开”―“政策法规”―“政策解读”相关内容。评审程序及步骤请关注市人力资源管理局每年印发的评审通知。
"
25620,宝安县国土局的文件,深圳市档案局,2013.07.23,2013.07.24,"由于办事需要，想查询一下，由原来宝安县作出的宝国土1987.70号文件，不知道在那里查，请指教。谢谢。
		","你好，请联系宝安区档案馆或宝安区规土委查询相关档案。
"
25622,关于深圳市房建建筑资料的归档目录,深圳市档案局,2013.07.19,2013.07.24,"请问一下，2010年起深圳市的房建建筑资料用的是哪一份资料归档目录？谢谢
		","你好，对应2006年省统表（深圳版），以及对应2010年省统表，我局均已编制相应的归档目录，请在深圳档案信息网（www.szdaj.gov.cn）下载使用。
"
25655,咨询医院病历整理、扫描、数字化管理及寄存,深圳市档案局,2013.07.08,2013.07.11,"您好，我是深圳市公立医院负责病案管理人员。请问，我市有哪些公司可以有资质开展医院病历整理、扫描、数字化管理及寄存业务？公司名称及联系电话？谢谢
		","你好，请在深圳档案信息网（www.szdaj.gov.cn）查询档案中介备案结果。
"
25658,职称评定中计算机模块考的是那几块？,深圳市档案局,2013.07.08,2013.07.11,"请问：职称评定，初级职称计算机考3个模块，指的是那3块？中级职称考4个模块是那4块？高级职称考那5快？
		","你好，请咨询市考试中心。
"
25662,职称,深圳市档案局,2013.07.09,2013.07.11,"询问下，今年助理职称评定的时间什么时候开始啊？还是随时就可以申请评定？》？
		","你好，职称评审具体时间请关注人力资源与社会保障局近期通知。
"
25663,有关职称晋升方面的问题,深圳市档案局,2013.07.11,2013.07.11,"您好！我是深圳市事业单位一名从事档案管理的职员，想于近年内晋升研究馆员，不知在继续教育(学分）这方面的具体要求？专修42个学时是指档案方面的？能否用其他学分代替？能否补救？恳盼百忙中尽快回复！谢谢！
		","你好，继续教育条件执行《关于贯彻实施＜广东省专业技术人员继续教育条件＞的通知（粤人社［2010］89号），专修42个学时须是档案专业方面，不能用其它学分代替。
"
25680,关于深圳市档案专业的职称考试以及综合档案专业岗位培训,深圳市档案局,2013.07.08,2013.07.08,"您好，我是深圳市事业单位的一名从事人事业务的职员，我想考取档案专业的初级职称，但是找不到相关的考试信息，请问在哪里可以获取。第二个问题是想参加深圳市综合档案专业岗位培训班，请问什么时候能够开班。盼回复，增添不便之处敬请谅解，祝工作愉快。
		","我局于7月8日收到咨询问题，现就咨询问题答复如下： 一、深圳市档案系列初级专业技术资格申报条件：1、思想政治条件：遵守国家法律和法规，有良好的职业道德和敬业精神。任现职期间考核称职以上。任现职期间，出现下列情况之一者，在规定年限上延迟申报：（1）年度考核基本称职及以下或受单位通报批评者，延迟1年申报；（2）受记过以上处分或已定性为技术责任事故的直接责任者，延迟2年申报；（3）弄虚作假，伪造学历、资历，剽窃他人成果者，延迟3年申报。2、学历条件：申报档案管理员：中专毕业1年后；大专毕业1年后；申报助理馆员：中专毕业5年后；大专毕业3年后；本科毕业1年后；硕士毕业3个月后。3、计算机应用能力：必须通过3个计算机模块考试。 4、继续教育条件：每年参加继续教育学习72个学时，其中专修42个学时，公修30个学时。 二、评审时间和申报手续等请密切关注人力资源与社会保障局近期通知。 三、综合档案专业岗位培训班开班时间未定，请关注深圳档案信息网相关通知。
"
25685,咨询职称考试事宜,深圳市档案局,2013.07.05,2013.07.05,"您好，我想请问档案专业职称考试是怎样操作的？具体的考试时间之类的，麻烦详细解答，谢谢~
		","你好。根据国家、省市职称政策的规定，我市档案专业中、初技术资格的评审，由深圳市档案中级专业技术资格评审委员会按照国家规定的评审条件和评审程序对申报人员的专业技术资格进行评定。档案专业技术资格评审的学历资历条件执行《关于深化我省职称制度改革的若干意见》（粤人发［2003］178号）、《关于调整专业技术资格评审中若干政策规定的通知》（粤人发［2005］177号）、《关于明确当前专业技术资格申报若干问题的通知》（粤人发［2007］197号。职称外语条件执行《关于调整完善我省职称外语政策的通知》（粤人发［2007］120号）的规定。计算机条件执行粤人发［2002］81号、粤人发［2003］177号、省厅转发人力资源和社会保障部《关于全国专业技术人员计算机应用能力考试科目更新有关问题的通知》（粤人发［2010］176号）。继续教育条件执行《关于贯彻实施＜广东省专业技术人员继续教育条件＞的通知（粤人社［2010］89号）。具体报考时间须等人力资源与社会保障局近期通知。
"
25688,关于评定初级职称助理馆员,深圳市档案局,2013.07.03,2013.07.04,"你好，咨询，非档案专业，评助理馆员职称，目前已经通过城建档案培训了，今年是何时可以申请职称评定，并除了计算机过3门，还有其他要求吗？谢谢！
		","深圳市档案系列初级专业技术资格申报条件：1、思想政治条件：遵守国家法律和法规，有良好的职业道德和敬业精神。任现职期间考核称职以上。任现职期间，出现下列情况之一者，在规定年限上延迟申报：（1）年度考核基本称职及以下或受单位通报批评者，延迟1年申报；（2）受记过以上处分或已定性为技术责任事故的直接责任者，延迟2年申报；（3）弄虚作假，伪造学历、资历，剽窃他人成果者，延迟3年申报。2、学历条件：申报档案管理员：中专毕业1年后；大专毕业1年后；申报助理馆员：中专毕业5年后；大专毕业3年后；本科毕业1年后；硕士毕业3个月后。3、计算机应用能力：必须通过3个计算机模块考试。 4、继续教育条件：每年参加继续教育学习72个学时，其中专修42个学时，公修30个学时。
"
25690,竣工资料归档,深圳市档案局,2013.07.02,2013.07.04,"你好，我这边在做工务署的项目是基坑支护和桩基工程的，然后就是想请问一下这边的搅拌桩资料用归档的吗？请尽快回复谢谢！
		","你好，搅拌桩资料需移交归档进馆。
"
25707,如何报考档案管理员,深圳市档案局,2013.06.28,2013.07.01,"1、如何报考档案管理员 2、2013年报考时间是什么时候 3、是否可以提供网上报考的网址谢谢
		","你好，档案专业技术职称评审条件参阅深圳档案信息网“政策法规”栏目的相关规定，评审时间和申报手续等请密切关注人力资源与社会保障局近期通知。
"
25711,大学弄丢我的高中档案,深圳市档案局,2013.06.28,2013.07.01,"您好，我想请问一下，我的大学可能把我的高中弄丢了，我的高中是在深圳，但是大学在广州。现在临近毕业，即使补办，高中档案的缺失会对我个人就业或者其他事务方面造成很大的影响吗？如果补办高中档案，大概需要补办些什么东西？需要什么证明和手续呢？
		","你好，建议所在高校与原就读中学联系补办相关档案材料。
"
25726,考资料员证,深圳市档案局,2013.06.25,2013.06.26,"请问什么时候有资料员或者档案员培训的呢？可以发证的那种。具体事项可以在哪里了解呢？谢谢
		","你好，近期没有举办综合档案人员岗位培训班，请密切关注深圳档案信息网相关通知。
"
25727,关于档案管理员证事宜,深圳市档案局,2013.06.25,2013.06.26,"本公司因造价管理站检查，公司持有档案管理员证书的档案管理员，想了解一下，你们这里是否可以考取这个证书，费用多少，怎样安排考试？非常感谢！
		","你好，深圳市档案信息管理培训中心可以经培训获得《深圳市档案工作人员培训证书》或《深圳市城建档案工作人员培训证书》，前者培训费为900元，后者培训费为600元，培训后直接参加考试。
"
25728,关于档案专业继续教育培训课程,深圳市档案局,2013.06.25,2013.06.26,"请问档案专业的继续教育培训课程还会有第三期吗？上两期因为看到通知晚了，错过报名时间，不知道是否还会有第三期呢？如果有的话，具体时间大概会安排在什么时候？谢谢
		","你好，目前暂无第三期培训安排，请密切关注深圳档案信息网相关通知。
"
25729,深圳档案馆地址,深圳市档案局,2013.06.21,2013.06.26,"您好！我的职业：市政资料员，我在深圳市南山区，在网上查南山区档案馆为（桃园路政府大楼），上次咨询居然是文书档案馆，我想问下南山区工程档案搬迁到哪了？能给个具体位置么？发我QQ邮箱，谢谢！...
		","你好，区工程档案归口各区住房与建设局管，南山区城建档案室在区委大楼住房与建设局内。
"
25730,关于报考档案管理员,深圳市档案局,2013.06.24,2013.06.26,"1.档案管理员的等级是如何划分的 2.报考各个等级需要什么样的条件及需要提交的资料 3.今年报考的时间及学习科目，培训时间及考试时间 4.在没有低级职称的情况下，能否直接报考最高级的职称？
		","你好，现就咨询问题答复如下：1、档案专业技术职称有初级、中级和高级。2、评审条件参阅深圳档案信息网“政策法规”栏目的相关规定。3、今年评审的时间和要求须等人力资源与社会保障局通知，时间大概在8月份。4、没有初级职称符合条件也可以申报高一级的职称。
"
25740,如何申报中级馆员职称,深圳市档案局,2013.06.19,2013.06.19,"馆领导，您好。本人08年已评了初级馆员职称，现已过了5年，期间已经成功交了三个重大项目的竣工资料。请问本人现评申报中级馆员职称该需要准备和提供哪些资料？谢谢。
		","你好，中级职称评审要求请参阅“深圳档案信息网”-“信息公开”-“政策法规”-“业务规范”的《广东省档案专业馆员资格条件》。申报程序请查阅市人力资源与社会保障局每年印发的相关文件，咨询电话：82108502，82107779。
"
25741,关于档案管理员专业技术资格的培训,深圳市档案局,2013.06.08,2013.06.19,"请问今年下半年还举办档案管理员专业技术资格培训班吗？
		","你好，市档案信息管理培训中心只举办“档案人员上岗培训班”，下半年还会举办，请关注网上通知。
"
25742,如何查找获得深圳市政府九十年代前后颁布的文件,深圳市档案局,2013.06.14,2013.06.19,"请问如何查阅或获得深圳市在上世纪九十年代前后发布的一些文件影印件 如：深府【1990】308 【1990】847 等。谢谢
		","你好，您所查阅的文件为我馆未开放档案。关于未开放档案的利用，不同的利用内容和利用对象，手续也有区别。具体应该提供哪些相关证明材料，可以查看我馆档案利用规定，或者直接咨询工作人员，联系电话:82107712.
"
25744,档案中级职称审核的若干问题,深圳市档案局,2013.06.06,2013.06.19,"深圳档案局的领导，您好： 向您咨询几个问题，感谢您的帮助。 想介绍本人情况，2010年7月毕业于四川大学档案系，毕业后在广州万科从事档案管理工作，2011年底在广州认定初级职称（助理馆员），2012年底到深圳工作，供职于香港恒基兆业中国业务总部，任档案管理主任的职位，规范、建设恒基在中国内地的房地产档案管理工作体系。 现打算在14年7月申报档案专业中级职称，满足中级职称的要求，请问到时候应该如何申报？可否提供联系方式咨询，谢谢。 祝领导们工作顺利，谢谢。
		","你好，中级职称评审要求请参阅“深圳档案信息网”-“信息公开”-“政策法规”-“业务规范”里的文件《广东省档案专业馆员资格条件》。申报程序请查阅市人力资源与社会保障局每年印发的相关文件，咨询电话：82108502，82107779。
"
25781,竣工资料归档咨询,深圳市档案局,2013.06.04,2013.06.04,"您好，请问下龙华新区房建的竣工资料能不能归到贵档案馆？还有就是我们工地是2011年6月份开工的，能用深圳统表08版的归档目录归档吗？
		","你好。龙华新区房建的竣工资料可以向我馆移交归档；凡2010年12月1日起新开工的，须用2010年版省统表。
"
25801,资料归档,深圳市档案局,2013.05.25,2013.05.30,"1、2013的工程，用2011广东省统表是否正确？ 2、资料表格右上角的编号是否要填写，可否不填写？ 3、表格下面施工单位，监理单位，建设单位意见在软件里自动生成，是否删除？
		","你好！就咨询事项答复意见如下：1、关于施工用表由市住宅与建设局负责，我局建议咨询主管局。2、资料表右上角编号请按顺序号填写；3、结论性意见、签字栏须手填。
"
25813,职称评定,深圳市档案局,2013.05.23,2013.05.27,"询问：本人11年毕业，中文专业，在建筑公司从事档案管理一职已有一年有余，若要评助理馆员职称，需要几个条件？请老师告知，谢谢。还有时间是什么时候？
		","你好，现就咨询事项答复如下： 深圳市档案系列初级专业技术资格申报条件：1、思想政治条件：遵守国家法律和法规，有良好的职业道德和敬业精神。任现职期间考核称职以上。任现职期间，出现下列情况之一者，在规定年限上延迟申报：（1）年度考核基本称职及以下或受单位通报批评者，延迟1年申报；（2）受记过以上处分或已定性为技术责任事故的直接责任者，延迟2年申报；（3）弄虚作假，伪造学历、资历，剽窃他人成果者，延迟3年申报。2、学历条件：申报助理馆员须中专毕业5年后；大专毕业3年后；本科毕业1年后；硕士毕业3个月后。3、计算机应用能力：必须通过3个计算机模块考试。
"
25817,考资料员证,深圳市档案局,2013.05.23,2013.05.23,"您好，我想问下什么时候可以考资料员证，是否有培训？培训时间多长？
		","你好，请密切关注深圳档案信息网相关通知，也可联系档案培训中心咨询相关事宜，联系电话：25945021。
"
25818,关于档案管理员专业技术资格考试,深圳市档案局,2013.05.21,2013.05.23,"1.请问该证资格证是全国通用吗？是终生有效还是有期限的？ 2.报考必须具备什么条件？有没有硬性要求？ 3.考试地点只有一个场所吗？ 4.培训两期都要参加吗？ 5.是不是参加培训后获得培训证书再参加考试？
","我局于5月21日收到您提交的相关咨询后，速转我局相关处室予以研究，现正式答复如下：1、广东省内取得的资格证不需要审核确认。外省市的职称证，须通过流动审核，参见市人社局网站办事大厅―个人办事―专业技术资格―办事事项：核准省外评审取得的专业技术资格。　　　2、根据国家、省市职称政策的规定，我市档案专业中、初技术资格的评审，由深圳市档案中级专业技术资格评审委员会按照国家规定的评审条件和评审程序对申报人员的专业技术资格进行评定。 　　　3、档案专业技术资格评审的学历资历条件执行《关于深化我省职称制度改革的若干意见》（粤人发［2003］178号）、《关于调整专业技术资格评审中若干政策规定的通知》（粤人发［2005］177号）、《关于明确当前专业技术资格申报若干问题的通知》（粤人发［2007］197号。　　　4、职称外语条件执行《关于调整完善我省职称外语政策的通知》（粤人发［2007］120号）的规定。　　　5、计算机条件执行粤人发［2002］81号、粤人发［2003］177号、省厅转发人力资源和社会保障部《关于全国专业技术人员计算机应用能力考试科目更新有关问题的通知》（粤人发［2010］176号）。　　　6、继续教育条件执行《关于贯彻实施＜广东省专业技术人员继续教育条件＞的通知（粤人社［2010］89号）。
"
25838,城建档案培训,深圳市档案局,2013.05.07,2013.05.09,"询问今年的城建档案培训为什么迟迟不举办啊？？？没有培训证，，评不了职称啊。。老师们！！
","你好，城建档案培训将于6月初开班，详情请关注深圳档案信息网（http://www.szdaj.gov.cn/）近期通知。
"
25924,档案初级职称,深圳市档案局,2013.02.21,2013.02.27,"请问企业档案工作人员如何参加初级职称考试或评定。
","你好，现就咨询事项答复如下： 深圳市档案系列初级专业技术资格申报条件：1、思想政治条件：遵守国家法律和法规，有良好的职业道德和敬业精神。任现职期间考核称职以上。任现职期间，出现下列情况之一者，在规定年限上延迟申报：（1）年度考核基本称职及以下或受单位通报批评者，延迟1年申报；（2）受记过以上处分或已定性为技术责任事故的直接责任者，延迟2年申报；（3）弄虚作假，伪造学历、资历，剽窃他人成果者，延迟3年申报。2、学历条件：申报档案管理员：中专毕业1年后；大专毕业1年后；申报助理馆员：中专毕业5年后；大专毕业3年后；本科毕业1年后；硕士毕业3个月后。3、计算机应用能力：必须通过3个计算机模块考试。
"
25941,调令,深圳市档案局,2013.02.07,2013.02.18,"由于年龄到了退休年龄去社保办理退休手续,经办理人员得知需要招工入户调令,否则不知道工龄,哪里找都找不到这调令.有的人说道档案局这咨询一下,想问下要什么办?
","你好，我馆保管部分原市劳动局移交进馆的招调工审批表，经了解，办理退休时可以作为工龄确认的依据，个人凭有效身份证明（身份证或户口簿）可以到馆查阅本人相关内容。我馆工作人员查询之后，并无您的招调工审批材料，请再次咨询社保部门了解相关事宜。
"
25945,档案工作人员继续教育时间和方式咨询,深圳市档案局,2013.01.24,2013.02.05,"深圳市档案馆： ??? 您好！想咨询您两个问题： ??? 一、现在广东省出台了新的继续教育条例：《广东省专业技术人员继续教育条例》中规定：专业技术人员接受继续教育的时间，应当每年累计不少于十二天或者七十二学时。于2010.1.1开始执行。想要咨询，如果我今年2013年要评中级或高级职称，是否必须提供2010-2013年的继续教育证明？如果2013年没有评上，2014年是否还要提供2010-2014年的继续教育证明？ ??? 二、2013年深圳市档案局举办的继续教育培训计划时间表何时公布？ ? 期待您的回复！！ ? ???? 此致！！ ? ?
","??? 你好！现就所提问题答复如下：1、申报档案专业技术资格评审的继续教育条件执行《关于贯彻实施《广东省专业技术人员继续教育条例》的通知》（粤人社发【2010】89号），专业技术人员接受继续教育的时间，应当每年累计不少于12天或者72学时，并提交完成继续教育任务的有效证明材料，一般要求提交近三年的继续教育证明。??? 2、2013年深圳市档案局举办的继续教育培训计划请随时关注深圳档案信息网。
"
25968,关于请教评档案职称的一些事情,深圳市档案局,2013.01.05,2013.01.08,"老师，你好，我想问问，是不是评定中级职称，事业单位的一定要发表2篇论文，发表论文是发表在核心期刊还是专业期刊，能凭上的几率大些呢
","申报档案系列中级专业技术资格，须在任现职期间，公开发表、出版档案专业有一定水平的论文、著作、调查报告、业务报告，具备下列条件之一：1、著作1部；2、独立撰写并公开发表学术论文或专题调查报告或业务报告2篇；、3独立撰写并公开发表学术论文1篇，以及在市（厅）级档案学术会议宣读并经专家匿名评审合格的论文2篇；4、独立撰写并公开发表学术论文1篇，以及提交有学术应用价值并经专家匿名评审合格的专项专业调查报告或业务报告2篇；5、独立撰写并经专家匿名评审合格的学术论文3篇。
"
25981,征集与深圳市大运会有关的民间资料事宜,深圳市档案局,2012.12.20,2012.12.21,"本人自从在5月份在《深圳商报》看到深圳市档案局征集与大运会有关的民间资料报道后，就将一套《深圳八景》徽章和本人的大运志愿者服务证书、服务证明和优秀城市志愿者证书等捐赠给了深圳市档案馆，现在半年过去了，我不知道贵馆是否已经对这些物品进行过鉴定，不知道是否有收藏价值？如有不知道档案局是否准备收藏？如果没有捐赠者是否可以取回这些物品？请贵馆尽快给予答复，谢谢！
","你好！捐赠物品已经组织专家进行评审，收藏证书正在制作，待制作完成将通知捐赠者前来领取证书。
"
25990,咨询档案户籍事宜,深圳市档案局,2012.09.28,2012.12.07,"你好，我是2007年，从大学毕业，然后在华为工作，户籍一直在深圳，现在已经出国留学两年，想查询下户籍和档案是不是还在深圳，如果结婚的话，怎么出具户籍证明。还有如果迁回原籍怎么处理，现在本人没再国内，非常感谢。打算回国领结婚证，现在不知道怎么办，非常感谢。希望能得到回复，或者邮箱联系。
","你好，你的户籍和档案应该还在深圳，请分别与当年的户籍管辖派出所以及档案管理单位联系相关事宜。
"
25991,布吉给水工程能使用广东华软2010年版的软件做资料吗？,深圳市档案局,2012.11.22,2012.12.05,"请问布吉给水工程能使用广东华软2010年版的软件做资料吗？请给予回复为盼！非常感谢！ ? 吴：15818528823
","已电话回复本人。如还有疑问，请拨打82105461咨询。
"
25992,关于工程资料归档的事2,深圳市档案局,2012.12.04,2012.12.05,"你好，我想问下B卷移交给建设单位，是否可以在你们工作人员来检查资料前交给建设单位？然后再由建设单位授权我施工单位将A卷交到档案馆，（A卷与B卷移交书及目录一份原件一起交），这样行吗？另外我是否要将所有A卷的资料扫描做成光碟交到贵馆，请回复，谢谢。
","已电话回复本人。如还有疑问，请拨打82105461咨询。
"
25993,没有施工许可证的工程资料能否归档,深圳市档案局,2012.12.04,2012.12.05,"你好，我想问下没有施工许可证的单位工程的工程资料能否归档，请回复到我邮箱，谢谢。
","已电话回复本人。如还有疑问，请拨打82105461咨询。
"
25994,今年有没有培训计划,深圳市档案局,2012.11.23,2012.12.05,"我想参加档案工作人员岗位培训，请问今年有没有培训计划？具体的时间是？
","你好！今年第六期综合档案工作人员岗位培训于12月5起开始接受报名，可登录“深圳档案信息网”网站（http://www.szdaj.gov.cn/）了解报名有关事宜。
"
25995,关于城建档案所用表格版本问题,深圳市档案局,2012.11.29,2012.12.05,"我们项目目前正处于桩基础施工阶段，请问要送档案馆归档的A类资料必须使用深圳版统表么？还是广东版、深圳版都可以？谢谢。
","已电话回复本人。如还有疑问，请拨打82105461咨询。
"
25996,关于工程资料归案的事,深圳市档案局,2012.12.04,2012.12.05,"你好，我是想问下关于工程资料归档的事，A卷及B卷是否都要归档案馆，还是A卷归到档案馆，B卷归到业主方，C卷归到施工方；还有档案人员来归档资料时是否只看A卷，还是A卷B卷都要看，请回复，谢谢。
","已电话回复本人。如还有疑问，请拨打82105461咨询。
"
25997,关于举办2012年第六期综合档案工作人员岗位培训班的通知,深圳市档案局,2012.12.05,2012.12.05,"此通知说是从12月5日起网上报名，为何迟迟都无法操作？本人想要报名，接下来要怎么办？请给我回复，而且网上留的电话号码：25945021，是不是虚设的，为何一直打不通！
","你好！我中心档案岗位培训报名系统今天早上9点30起开通，20分钟之内报名已额满截止，建议你参加明年的培训。目前我中心只有一人负责报名事宜，事务繁忙可能无暇接听，敬请谅解。岗位培训报名系统近期刚启用，使用过程中可能存在一些小问题，后续我们将进一步研究解决和完善。 ???????????????????????????????????
"
25998,请问垃圾焚烧线工艺设备的档案标准的问题,深圳市档案局,2012.11.21,2012.12.05,"??? 目前我们公司负责建设危险废物焚烧处置工程正在整理档案资料，遇到档案归档标准问题。 ? 房建及辅助安装工程配套的表格为《广东省建筑工程竣工验收技术资料统一用表》。而机电类的安装工程部分的质量验收，广东石化工程监督站（经由深圳市质监总站委托的）建议选用SH/T3508-2011《石油化工安装工程施工质量验收统一标准》，其中包括该部分竣工验收表格的格式。 那么我们机电安装工程部分应该用哪个标准的表格呢？档案馆是否接受工艺设备生产线的档案资料呢？ 请档案馆的人员帮助解答下，谢谢！
","已电话回复本人。如还有疑问，请拨打82105461咨询。
"
32602,外地户口在深圳内办理第二代身份证,深圳市档案局,2007.11.27,2007.11.28,"因为在深圳指办点办理第二代身份证时,需要从网上提供相片(户口地)想通过网络查询一下,在哪个地方可以查询到户口所在地是否在通过网络显示出相片.
		","相关事宜请咨询所在地公安部门。
		
		"
32637,我老公的公司把他们的档案弄丢了，怎么办？,深圳市档案局,2007.11.16,2007.11.23,"我老公06年4月研究生毕业来深圳工作，在一家具有加拿大国籍的中国人开办的企业工作。最近发现自己的档案丢失。公司档案室没有他们06年4月份入职的那一批应届生的档案，但是有当年7月份入职的员工档案。当时的三方协议书上写的档案投寄地址就是他们公司的地址。请问，这件事情我们该如何解决呢？谢谢！
		","首先：应查清该公司是否收到档案，以明确丢失档案的责任是邮局还是公司；其次无论哪一方丢失档案均有义务采取相应原补救措施，如设法查找，给受害当事人创造条件回原学校或单位补办相关材料，给当事人一定经济补偿等；第三：当事人可以回毕业学校补办部分材料或复印件（但此类材料的效力目前普遍不被相关职能部门认可，了胜无吧)；第四：当事人可以起诉责任单位，要求经济补偿。
		
		"
