210,陪产假,深圳市司法局,2017.05.02,2017.05.03,"公司规定没过试用期不让休陪产假，请问我要通过什么途径来维护我的权利
		","你好，建议你拨打我局法律咨询电话咨询：0755-83053830.
		
		"
588,关于申请实习人事档案问题,深圳市司法局,2017.04.14,2017.04.24,"领导，您好，本人专科和本科都是自考毕业的，人事档案户口所在地人事局不予接受，办不了存档证明，请问该如何解决，谢谢
		","你好，你所反映的问题不属我局职能范围，建议拨打12345热线电话咨询。
		
		"
595,外省户籍是否可以在深圳参加司法考试？,深圳市司法局,2017.04.12,2017.04.24,"外省人员在深圳参加司法考试需要什么条件、材料？在取得律师执业资格证前，需要注意哪些事项。
		","你好，详情请拨打我局司考办电话咨询：0755-83053807.
		
		"
600,外地律师到深圳律所执业,深圳市司法局,2017.04.11,2017.04.24,"您好，我是一名外地律师，想到深圳律所执业，请问有什么限制条件，要达到什么条件才能来深圳执业。
		","你好，详情请拨打我局律公处业务咨询电话咨询：0755-88127587.
		
		"
610,外省律师重新申请律师执业,深圳市司法局,2017.04.14,2017.04.24,"律师在其他省份执业后，因就读研究生而注销执业，在研究生毕业后，能否在深圳重新申请执业,还需要重新实习一年吗？
		","你好，详情请拨打我局律公处业务咨询电话咨询：0755-88127587.
		
		"
642,法律职业资格证书转出问题,深圳市司法局,2017.04.21,2017.04.24,"   您好，我于2015年在深圳市司法局领取了法律职业资格证书，现因在河南省郑州市律所工作，需要将其转回郑州市，请问在深圳市这边需要办理什么手续？另外，郑州市司法局回复说必须要在证书领取地完成备案后才能转入郑州市，但据说深圳市已经取消备案制度，我这个备案程序怎么办呢？
		","你好，详情请拨打我局律公处业务咨询电话咨询：0755-88127587.
"
1310,如何申请公职律师,深圳市司法局,2017.04.05,2017.04.07,"我是深圳市龙岗区区属行政单位一名公务员，于2014年通过国家司法考试，现一直期望申请成为一名公职律师，不知市局对公职律师申请方面有哪些规定，今年有没有政策或文件出台落实中共中央办公厅 国务院办公厅 印发《关于推行法律顾问制度和公职律师公司律师制度的意见》。能否提供一下操作指引。谢谢！
		","你好，建议你拨打我局律师咨询电话咨询，联系电话：88127587.
		
		"
1570,工厂搬迁解除劳动合同,深圳市司法局,2017.03.27,2017.04.01,"工厂向外国发展，一批一批的解散员工，并且是突然期与我们解除劳动合同。请问出现这种情况，我们应该如何维权?签无限合同厂方理应如何对员工赔偿经济损失？
		","你好，建议你到辖区街道办或社区反映。或拨打我局法律咨询电话咨询，电话号码：0755-83053830。
"
1582,工厂搬迁解除劳动合同,深圳市司法局,2017.03.27,2017.04.01,"工厂向外国发展，一批一批的解散员工，并且是突然期与我们解除劳动合同。请问出现这种情况，我们应该如何维权?签无限合同厂方理应如何对员工赔偿经济损失？
		","你好，建议你到辖区街道办或社区反映。或拨打我局法律咨询电话咨询，电话号码：0755-83053830。
"
1597,找工作，进入培训公司，被贷上1笔款,深圳市司法局,2017.03.22,2017.04.01,"你好，我去年10月份找工作，然后进入一家培训公司培训，起初这个培训公司在人才市场招聘时说的是变学边工作，待我进去第三天，被叫去说是先学习，待工作了在付款。
接着让我下载一个百度钱包，验证身份信息后，对方说这是由百度钱包先支付的，第7个月才开始还款，培训是3个月，包吃包住，包分配！
以上是大概内容，我想咨询，百度钱包教育分期贷款是否需要有本金入账才正确？我开通的时候没有贷款本金到账，也没有收到委托书之类的，一开通就背上16800的贷款了，利息是本金的1%，加起来共2w多点。
与培训公司签订了个合同，合同的内容只字未提贷款之事，合同落尾处只有该公司的盖章、公司名、我的签名、日期。并没有第三方百度钱包的盖章等，请问这合同在法律上生效吗？
该公司说的给我找到工作，但是他们只是给我投简历，是自己去找工作的；
该公司培训并没有教育资质，请问这培训是合理的吗？
该公司当初承诺说培训合格后会有一个合格证书，最后我并没有收到相关证书；
以上是我需要咨询的问题，谢谢解答。
		","你好，建议你拨打我局法律咨询电话：0755-83053830。
		
		"
2078,法律职业资格证书,深圳市司法局,2017.03.17,2017.03.22,"法律职业资格证书需要办理年度备案吗？
		","根据《广东省人民政府2012年行政审批制度改革事项目录（第一批）》（粤府令第169号）取消的行政审批事项第55项决定，2012年7月17日起，我省停止法律职业资格证书年度备案和变更备案，广东省国家司法考试网取消网上备案栏目，我市不再受理备案申请。
		
		"
2082,外省已实习期满合格律师，是否可申请在深圳执业,深圳市司法局,2017.03.19,2017.03.22,"您好，我是外省律所律师助理，已实习期满一年，考核合格，请问可以申请在深圳执业吗？
		","你好，建议你直接拨打我局电话咨询：0755-88127587和0755-83053979.
		
		"
2097,关于法律职业资格证书丢失补办的程序,深圳市司法局,2017.03.18,2017.03.22,"我在深圳市司法局领取的法律职业资格证书丢失了，现在要补办需要什么手续呢？要多长时间才能够申请下来？可以授权他人帮忙到司法局去申请补办吗？如果可以的话是要写授权书吗？授权书有标准的范本吗？请详细回复咨询，谢谢！
		","你好，建议你直接拨打我局司考办电话咨询：0755-83053807.
		
		"
2448,关于与台湾户籍人士结婚的流程咨询,深圳市司法局,2017.03.15,2017.03.15,"你好，我与台湾户籍人士结婚，已在深圳办理好结婚登记，现需将资料通过公证处提交到台湾海协会审核办理，我应该提交什么资料，提交到哪里？能告诉我咨询电话和地址吗？谢谢！
		","您好，关于公证业务咨询建议通过以下几种方式：1、登录我局官方网站www.szsf.gov.cn的“在线办事”页面查询全市公证处联系方式及地址等信息并通过电话或到现场的方式进行咨询。2、关注“深圳公证处”官方微信咨询。3、添加公证业务QQ：800048259咨询。4、登录深圳公证处官网：http://www.szgz.gov.cn/进行查询。
"
2572,16年通过司法考试，何时可以领取法律职业资格证？,深圳市司法局,2017.03.13,2017.03.14,"16年通过司法考试，何时可以领取法律职业资格证？非应届生
		","你好，请致电我局司考办咨询：0755-83053807.
		
		"
2793,法律职业资格证书年度备案,深圳市司法局,2017.03.05,2017.03.08,"2016年取得的法律职业资格证书，要进行年度备案吗
		","你好，根据《广东省人民政府2012年行政审批制度改革事项目录（第一批）》（粤府令第169号）取消的行政审批事项第55项决定，2012年7月17日起，我省停止法律职业资格证书年度备案和变更备案，广东省国家司法考试网取消网上备案栏目。所以，我市不再受理备案申请。详情请电话咨询我局司考办工作人员：0755-83053807
"
3270,公职律师,深圳市司法局,2017.02.27,2017.02.28,"2016年，中共中央办公厅、国务院办公厅印发了《关于推行法律顾问制度和公职律师公司律师制度的意见》，并发出通知，要求各地区各部门结合实际认真贯彻执行。该意见（二十五）条，在党政机关专门从事法律事务工作或者担任法律顾问、在国有企业担任法律顾问，并具有法律职业资格或者律师资格的人员，经所在单位同意可以向司法行政部门申请颁发公职律师、公司律师证书。经审查，申请人具有法律职业资格或者律师资格的，司法行政部门应当向其颁发公职律师、公司律师证书。  请问，目前本人有法律职业资格证，在单位任法制员，负责行政执法类案件的审理工作，是否符合颁发公职律师证书资格？如符合，申请材料为哪些？谢谢
		","您好，建议你拨打我局律公处咨询电话：88127587或83053979。
		
		"
4185,律师跨省转所,深圳市司法局,2017.02.06,2017.02.08,"尊敬的工作人员，你们好！
    我是陕西云德律师事务所（西安）的执业律师，想了解一下由陕西转所至深圳某律师事务所执业需要做哪些工作？准备哪些材料？谢谢！
		","你好，建议你拨打我局律公处驻市民中心窗口咨询电话咨询，联系电话：0755-88127587。
		
		"
4527,请问下过了16年司考查询成绩时间能帮忙查询下成绩吗？,深圳市司法局,2017.01.17,2017.01.17,"本人之前考完后忙着写毕业论文和实习找工作，没来得急查询司考成绩，后来才发现司考过了时间就不能在网上查询了，所以非常焦急，希望您能帮下我，非常感谢！
		","你好，请拨打我局司考办电话咨询，联系电话：83053807.
		
		"
17609,深圳市华芯锂能科技有限公司恶意欠薪5个月,深圳市司法局,2015.09.02,2015.09.06,"深圳市华芯锂能科技有限公司恶意欠薪5个月，从今年4月24号停止生产，到现在9月份，200多名员工未拿到钱，公明劳动局，公明法院，中院还在处理，当是说的俩个月就能发工资，可到现在仍在拖延，员工经济困难，请您督促督促，尽快让员工们拿到工资
		","你好，你所反映的事项不属我局职能管理范围，建议等待相关部门的处理结果。
		
		"
17678,楼上违规装修后不予修复偷偷卖房怎么办,深圳市司法局,2015.09.01,2015.09.02,"您好。楼上业主违规装修打穿我家线管，造成我家断电。多次要求其修复无果。这缺德的业主居然把在我们起诉到法院之前，把房子偷偷卖了。请问： 1）接下来，我该如何维权。是否新一任业主自动背负该侵权责任，我可向法院起诉新接手业主？ 2）管理处在该过程当中是否存在什么责任？谢谢
		","你好，建议拨打我局法律咨询热线咨询：0755-83053830。
		
		"
17937,深圳怎么成了诈骗分子的天堂,深圳市司法局,2015.08.22,2015.08.24,"深圳改革的是经济发展的模式，改革的不是中国的法律，诈骗是一种犯罪，深圳市的各级政府部门为什么不管！！具体请电联我，13871389967，谢谢
		","你好，若涉及我局职能可直接通过网上来信或来件（地址：深圳市福田区景田路72号天平大厦 深圳市司法局信访办）反馈相关情况。或涉及法律咨询可直接拨打我局法律咨询电话：0755-83053830.如果涉及到投诉他人诈骗行为，建议收集证据后报警处理。
		
		"
18341,劳动仲裁时出现离职2个月后是否要承担工作责任,深圳市司法局,2015.08.08,2015.08.10,"本人5月25日在一家公司签署7天的销售培训主管岗位试工考察期工作合同，主要负责海雅百货2个店3个柜台的人员培训工作（不固定在一个柜台上下班，主要职责是培训+销售业绩管理），合同到期后选择不续签且离职，离职是合同到期后的第二天去公司办理的，当时公司并未要求做交接且延迟离职时间要求。目前离职过去2个多月，仍不愿意发放本人工作7天的工资，目前申请劳动仲裁。仲裁过程中其公司命我承担工作7天内出现的货品流失、专柜因无人而面临撤柜。本人认为工作7天内并无盘点货品事宜且其公司运营出现问题导致人员流失率很大，本人也不负责固定一家专柜销售及人员招聘工作，所出现的货品丢失及面临撤柜（目前还未撤柜）责任不该承担。请问其公司要求合法吗？
		","您好，建议您直接拨打我局法律咨询热线电话：83053830。
		
		"
20097,关于强制执行,深圳市司法局,2015.05.21,2015.05.26,"去年9月份由于劳动争议，经过几个月的审理，法院判决公司支付我们工资，但由于原公司不执行法院判决，本人又去南山法院申请了强制执行，但从去年11.28至今都没有结果，打电话去问杨大雄法官，从来都没有接电话，每次都是他的助理忽悠我们，说下周告诉我们结果，可是这都几个月了，不知道到底是一个什么样的流程和程序，我应该找谁解决，谢谢
		","张毅：
??? 您所反映的事项不属我局职权范围，建议您直接向法院反映相关情况。
"
21156,公民合法财产可以因为没有发票而没收充公吗,深圳市司法局,2015.03.21,2015.03.24,"本人于2015年3月19日星期四的早上八点骑着一辆山地自行车（型号：喜德盛，英雄350，价值RMB2770元）去公司上班，被桥头的治安人员拦下，怀疑我的单车是偷来的，后被带回桥头警务室做调查，警务人员说要拿发票过来取，没有发票一律充公，我很是郁闷和气氛，难道没有发票就不能拿回我的单车了吗，他们根据的是什么法律，他们这是在搞罪推论，先认定我有罪，然后让我证明自己是清白的，目前国家已经明令禁止这种做法了，为什么他们还可以这样为所欲为，我也是一名遵纪守法，依法纳税的合法公民，只想要一个对得起社会大众的公正说法，不想某天再次因为没有发票而没收我们的财物，谢谢！
		","刘凯：
??? 您好，请向我局法律热线咨询：0755-83053830。
"
21477,幼儿园要刚患癫痫幼儿退学,深圳市司法局,2015.03.02,2015.03.02,"我已说明可以签，如因病发生意外，幼儿园免责的协议。园方仍要我们退学
		","李长宏：
??? 您好，您所反映的事项不属我局职能范围，建议您向教育局等有关部门寻求咨询或帮助。
"
21586,关于“法治深圳”设计大赛的咨询,深圳市司法局,2015.02.06,2015.02.11,"您好，“法治深圳”公益设计大赛已于1月30日召开新闻发布会，公布了获奖名单，请问后续获奖者如何领奖，什么时间颁奖呢？谢谢！
		","陆卫婵：
??? 您好，获奖者由深圳新闻网负责通知，现已陆续发放奖项，请于留意查收。
"
22391,我市律师协会是什么机构？,深圳市司法局,2014.12.19,2014.12.19,"我市律师协会是什么机构？ 
		","深圳市律师协会是依照《中华人民共和国律师法》和相关法律成立的行业自律性组织，是由深圳市全体律师组成的社会团体法人，受深圳市司法行政机关的领导、监督和上级律师协会的指导，依法对深圳律师实施行业管理。? 
		
		"
22394,律师要怎么参与“一社区一法律顾问”工作？,深圳市司法局,2014.12.19,2014.12.19,"律师要怎么参与“一社区一法律顾问”工作？
		","各区可以按照不同的要求，确定配置法律顾问的条件。但是，选取作为法律顾问的律师事务所必须有3名以上专职律师，内部制度健全；选取作为法律顾问的律师必须经过严格筛选，有以下要求：1.政治立场坚定，具有大局意识、善于解决矛盾纠纷，热心公益；2.具有1年以上执业经历；3.近三年未受到行政处罚和行业处分。
"
22395,社区法律顾问的具体工作内容是什么？,深圳市司法局,2014.12.19,2014.12.19,"社区法律顾问的具体工作内容是什么？
		","??? 法律顾问进驻社区后，工作内容主要有如下几项：（一）为社区治理提供法律意见（二）为群众提供法律咨询（三）为符合条件的群众提供法律援助（四）开展法制宣传（五）参与人民调解工作。
		
		"
22898,律师可以从事哪些法律服务？,深圳市司法局,2014.11.25,2014.11.26,"律师可以从事哪些法律服务？
		","王小明：
??? 你好！请参考律师法28条。
????????????? 深圳司法局信访办
"
23569,申请设立面向社会服务司法鉴定机构应具备哪些条件？需哪些材料？,深圳市司法局,2014.09.19,2014.09.19,"申请设立面向社会服务司法鉴定机构应具备哪些条件？需哪些材料？
		","应具备的条件主要有：（1）有自己的名称和章程；（2）有固定的执业场所；（3）有不少于人民币50万元的注册资产；（4）有与所开展司法鉴定业务相关的仪器设备；（5）有6名以上符合司法部规定条件，具有司法鉴定人资格或符合相应条件的专职人员；（6）面向社会服务司法鉴定机构的负责人应当有高级职称或8年以上从事司法鉴定或行业鉴定工作的经历，从事过鉴定的复核工作。应提交的材料有：（1）司法鉴定机构设立登记申请书；（2）司法鉴定机构设立登记申请表、司法鉴定人执业资格认证表；（3）鉴定机构章程；（4）办公场所使用证明（房产证、房产租赁证明、协议等）；（5）资产证明及流动资金证明；（6）营业执照或成立批文，新设立司法鉴定机构免该项材料；（7）机构负责人及专职、兼职鉴定人的名单、简历、身份证、学历证书、专业资格证书、技术职称证书、执业年限证明（由行业管理部门或行业协会出具）、执业证书；（8）每个鉴定人近三年出具的相应专业的鉴定书复印件，每年3件；（9）主要鉴定仪器设备目录（包括仪器名称、型号、主要功能、数量、价值、出厂年月、使用年限）；（10）行业主管部门推荐意见。???
		
		"
23570,持有残疾证书的残疾人申请法律援助享受有哪些优待？,深圳市司法局,2014.09.19,2014.09.19,"持有残疾证书的残疾人申请法律援助享受有哪些优待？
		","持有户籍所在地残疾人联合会颁发的残疾证书的残疾人申请法律援助享受以下优待：（一）可以优先获得法律援助咨询和法律援助申请的受理；（二）可以电话预约办理法律援助申请手续；（三）可以电话申请法律援助上门服务；（四）申请事项属于深圳市法律援助机构受理范围且现居住在本市以外的残疾人可以采取邮寄方式申请法律援助，但需附当地法律援助机构出具的已对其申请材料和证件原件审核的证明。
"
23574,律师执业年限,深圳市司法局,2014.09.18,2014.09.19,"我想咨询下，一般律师执业年限该如何计算？ 
		","除律师执业证书因违法被司法行政机关依法吊销或本人承诺放弃的执业经历外，律师的执业经历均有效。
		
		"
23577,不满十八周岁的未成年人申请法律援助有优待吗？,深圳市司法局,2014.09.18,2014.09.19,"不满十八周岁的未成年人申请法律援助有优待吗？
		","不满十八周岁的未成年人申请法律援助享受以下优待：（一）可以由未成年人的法定代理人代为申请；（二）没有法定监护人或与监护人之间发生纠纷的未成年人，可以由与该争议事项无利害关系的其他法定代理人代为申请法律援助；????????????????? （三）没有法定监护人或与监护人之间发生纠纷的未成年人申请法律援助，只需提交申请人属于无法定监护人或与监护人之间发生纠纷的证明材料，无须另行提交经济困难证明。
		
		"
23581,对公证处出具的公证书或者作出的决定不服的要如何处理？,深圳市司法局,2014.09.19,2014.09.19,"对公证处出具的公证书或者作出的决定不服的要如何处理？
		","??? 当事人、与公证事项有利害关系人对公证处出具的公证书或者作出的撤消、不予撤消公证书或作出不予受理的决定有异议的，可以自知道之日起六十日内向公证处的本级司法行政机关提出申诉。??? 申诉人对司法行政机关作出的决定不服的，可以在规定期限内向上一级司法行政机关申请行政复议或直接向法院提起行政诉讼。
		
		"
23582,如何取得司法鉴定人资格？,深圳市司法局,2014.09.18,2014.09.19,"如何取得司法鉴定人资格？ 
		","司法鉴定人资格的取得，实行全国统一的考试、考核制度。考试、考核必须具备下列基本条件：（1）拥护中华人民共和国宪法；（2）遵守国家法律和社会公德，品行端正；（3）具有高等院校大学本科以上学历并经国务院司法行政部门认可的司法鉴定专业培训，或具有高等院校司法鉴定相关专业专科以上学历并有两年以上专业实践经历。现已在司法鉴定机构从事司法鉴定工作的专业技术人员和在行业鉴定机构从事行业鉴定工作的专业技术人员申请司法鉴定人职业资格的，经考核可授予司法鉴定人职业资格。
		
		"
23583,个人能否依托单位申请司法鉴定人执业证？,深圳市司法局,2014.09.18,2014.09.19,"个人能否依托单位申请司法鉴定人执业证？ 
		","根据《司法鉴定人登记管理办法》第十二条　个人申请从事司法鉴定业务，应当具备下列条件：（一）拥护中华人民共和国宪法，遵守法律、法规和社会公德，品行良好的公民；（二）具有相关的高级专业技术职称；或者具有相关的行业执业资格或者高等院校相关专业本科以上学历，从事相关工作五年以上；（三）申请从事经验鉴定型或者技能鉴定型司法鉴定业务的，应当具备相关专业工作十年以上经历和较强的专业技能；（四）所申请从事的司法鉴定业务，行业有特殊规定的，应当符合行业规定；（五）拟执业机构已经取得或者正在申请《司法鉴定许可证》；（六）身体健康，能够适应司法鉴定工作需要。第十三条　有下列情形之一的，不得申请从事司法鉴定业务：（一）因故意犯罪或者职务过失犯罪受过刑事处罚的；（二）受过开除公职处分的；（三）被司法行政机关撤销司法鉴定人登记的；（四）所在的司法鉴定机构受到停业处罚，处罚期未满的；（五）无民事行为能力或者限制行为能力的；（六）法律、法规和规章规定的其他情形。
"
23589,实习律师实习期满通过考核后要在多长时间内申请执业？,深圳市司法局,2014.09.18,2014.09.18,"实习律师实习期满通过考核后要在多长时间内申请执业？ 
		","根据《律师法》的规定，实习人员经律师协会考核成绩合格后，可向司法行政机关提请申请律师执业证书。申请材料窗口：市行政服务大厅西厅36号窗口。
		
		"
23595,领取法律职业资格证书,深圳市司法局,2014.09.18,2014.09.18,"本人已通过2013年司法考试，已申请了资格证也拿到了回执，想咨询几时能领取到法律资格证书？是否会有相关公告？
		","通过2013年国家司法考试的2014年应届本科毕业生法律职业资格证书将于9月下旬集中发放，具体发放时间请关注深圳市司法局网站（http://www.szsf.gov.cn/），若因故无法领取的，请提前一天致电83053807预约领取时间。? 
"
24201,法律资格证书,深圳市司法局,2014.06.23,2014.06.23,"你好，我在山东领取的法律职业资格证书，现在在深圳工作，我想以后每年在深圳进行证书的年度备案，请问我应该怎么做？谢谢
		","根据《广东省人民政府2012年行政审批制度改革事项目录（第一批）》（粤府令第169号），我省取消了法律职业资格证书年度备案、变更备案，以及律师资格档案调取审核，根据省司法厅的安排，我局司法考试办不再受理法律职业资格证书年度备案、变更备案以及法律职业资格证调档的申请。? 咨询电话：83053807
"
24313,大四学生是否拥有劳动主体资格，参加全职工作是否需签劳动合同？,深圳市司法局,2014.05.30,2014.06.03,"你好，我是一名本科大四学生，今年7月份毕业。从去年暑假8月份开始进入一家深圳外贸公司工作，从事全职工作，之后签订了一份劳动合同，但现在被认定为无效合同。因公司拒绝支付工资而发生劳动争议，因合同被认定无效，公司转而以我是学生身份为由否认需要签订劳动合同。本人拥有学校发放的《就业推荐表》和《“三方协议”》。在此迫切希望得知是否具有就业资格，以保障我的合法劳动权益。此致
		","法律咨询电话：83053830
"
25160,在深设立个人律师事务所,深圳市司法局,2013.11.14,2013.11.15,"您好！ 我是在重庆市设立登记的个人律师事务所，因家庭原因需到深圳执业。请问，能否将律所的执业场所迁移到深圳执业，并直接更名为深圳的律师事务所？即直接将重庆XXX律师事务所直接更名为深圳XXX律师事务所，而将执业地址迁移到深圳？如果不行，是否必须在深圳另行申请律师事务所？
		","马晨舒: ??? 你好！根据司法部《律师事务所管理办法》（2008年7月18日司法部令第111号发布,根据2012年11月30日司法部令第125号修正）第二十五条的规定，律师事务所拟将住所迁移其他省、自治区、直辖市的，应当按注销原律师事务所、设立新的律师事务所的程序办理。目前，您如果计划到深圳执业，根据法律的规定，须重新设立新的律师事务所或转入我市的律师事务所执业。如有其他疑问，请电话联系0755-83053924。 ????????????????? 深圳司法局信访办
"
25161,三星手机的公证,深圳市司法局,2013.11.14,2013.11.15,"请问你们是不是公证过韩国三星手机的活动，我接到说是你们公证的，公证电话是0755-36643502
		","没有，不要听信中奖信息，防止上当受骗。
"
25162,如何申请登记司法鉴定机构,深圳市司法局,2013.11.14,2013.11.15,"您好！我们准备申请登记司法鉴定机构、开展司法鉴定业务，通过研读2006年省司法厅发布的《关于司法鉴定机构、司法鉴定人登记管理工作实施办法》（粤司办[2006]77号），有一些疑问.文件提到申请设立司法鉴定机构必须具备下列条件：‘每项司法鉴定业务有三名以上专职司法鉴定人’，请问申请司法鉴定机构的登记和司法鉴定人的登记可否同步进行，管理部门同时进行审批？因为一家公司被允许开展司法鉴定业务之前是没有专职司法鉴定人员的，如果不允许同时登记司法鉴定人，如何满足文件关于鉴定人员人数的要求？
		","周明晨: ??? 你好！申请司法鉴定机构的登记和司法鉴定人的登记是同时进行登记的。《司法鉴定机构登记管理办法》第三章申请登记第十三条，司法鉴定机构的登记事项包括：名称、住所、法定代表人或者鉴定机构负责人、资金数额、仪器设备和实验室、司法鉴定人、司法鉴定业务范围等。如有其他疑问，请电话联系0755-83053993。 ????????????????? 深圳司法局信访办
"
25163,报名2014年司法考试,深圳市司法局,2013.11.14,2013.11.15,"你好， 我是现役军人，驻地在外省，但常在深圳，拥有二代居民身份证（军人类型，无户籍）。法律专业本科毕业、取得学位证、毕业证。按照现行2013年的政策，我可以在深圳参加司法14年考试吗？
		","楚乔生: ??? 你好！2014年的报考政策尚未出台，若需了解往年情况可登陆深圳国家司法考试网http://www.szsf.gov.cn/sfks/查看，或拨打司考办电话咨询0755-83053807。 ????????????????? 深圳司法局信访办
"
25425,取消律师职业资格证,深圳市司法局,2013.09.16,2013.09.17,"您好！我朋友已有律师执业资格证并从事律师职业多年，现在不想做律师了，是应该申请注销还是暂停律师执业资格证呢？需要办理哪些手续？如何办理？ 谢谢
		","??? 根据省司法厅的规定，我省目前没有暂停律师执业的程序，一般停止执业，建议申请注销律师执业证书。具体程序如下：一、通过您所在的律师事务所提起注销律师执业证书的电子申请；二、向市行政服务大厅西厅36号窗口提交的书面的材料： 1、律师注销执业申请表； 2、律师执业证（律师工作证）原件； 3、所在律师事务所出具的申请人在该所业务办结（或交接完毕）、财务、档案等交接手续证明； 4、申请人与所在律师事务所聘用合同期满或者解除聘用关系证明；三、联系方式：82107587。
"
25426,2013年毕业的法医学博士，能否依托单位申请司法鉴定人执业证？,深圳市司法局,2013.09.16,2013.09.17,"2013年毕业的法医学博士，能否依托单位申请司法鉴定人执业证？
		","??? 根据《司法鉴定人登记管理办法》第十二条　个人申请从事司法鉴定业务，应当具备下列条件：（一）拥护中华人民共和国宪法，遵守法律、法规和社会公德，品行良好的公民；（二）具有相关的高级专业技术职称；或者具有相关的行业执业资格或者高等院校相关专业本科以上学历，从事相关工作五年以上；（三）申请从事经验鉴定型或者技能鉴定型司法鉴定业务的，应当具备相关专业工作十年以上经历和较强的专业技能；（四）所申请从事的司法鉴定业务，行业有特殊规定的，应当符合行业规定；（五）拟执业机构已经取得或者正在申请《司法鉴定许可证》；（六）身体健康，能够适应司法鉴定工作需要。第十三条　有下列情形之一的，不得申请从事司法鉴定业务：（一）因故意犯罪或者职务过失犯罪受过刑事处罚的；（二）受过开除公职处分的；（三）被司法行政机关撤销司法鉴定人登记的；（四）所在的司法鉴定机构受到停业处罚，处罚期未满的；（五）无民事行为能力或者限制行为能力的；（六）法律、法规和规章规定的其他情形。 咨询电话：83053996；83053990
"
25427,实习律师实习期满通过考核后要在多长时间内申请执业？,深圳市司法局,2013.09.16,2013.09.17,"实习律师实习期满通过考核后要在多长时间内申请执业？
		","??? 根据《律师法》的规定，实习人员经律师协会考核成绩合格后，可向司法行政机关提请申请律师执业证书。申请材料窗口：市行政服务大厅西厅36号窗口。咨询电话：82107587
"
25526,国家认证颁发的“公证书”,深圳市司法局,2013.08.22,2013.08.23,"国家认证颁发的“公证书”，是不是国家认可的一种有效证明和证据？
		","房红艳： ??? 你好！你咨询的问题已请市公证处予以回复。 ?????????????????????????? 深圳司法局信访办
"
25540,买房委托公证,深圳市司法局,2013.08.19,2013.08.20,"你好，我是杜红 重庆的。现委托妈妈在家里买房并办理按揭贷款。听说要办理委托公证，想请问一下需要哪些资料？现在是去宝安还是龙岗办理？
		","杜红： ??? 你好！公证咨询电话：83053935 ?????????????????????? 深圳司法局信访办
"
25697,今年司法考试报名什么时候开始现场确认？,深圳市司法局,2013.07.02,2013.07.02,"我已报名司法考试，现想咨询下什么时候开始现场确认？
		","今年国家司法考试实行网上报名方式。深圳考区报名人员通过网上填报报名信息、交纳考试费、下载打印准考证，不再进行现场确认。 报名时间为6月16日至7月5日。请你务必在上述期限登录司法部网站（http://www.moj.gov.cn），按照网上报名要求、流程及步骤进行网上报名。 ??????????????????????????????????????????????
"
25699,成为公司律师的条件及向哪里提出申请？,深圳市司法局,2013.07.02,2013.07.02,"咨询下成为公司律师的条件以及应该向哪里提出申请？
		","以《司法部关于开展公司律师试点工作的意见》做为开展该项工作的依据，2005年10月11日，广东省司法厅下发了《关于进一步加强和规范公司律师试点工作若干意见》，我局根据上述的规定，积极开展了探索和推广公司律师试点工作。通过对我市试点单位的服务，我们的经验不断得到提高、管理规范也日臻有序。就现阶段，我们认为申请开展公司律师试点工作除具备司法部和省司法厅的相关管理要求外，还须做到：一、法律事务工作基础较好、制度完善、规模较大，企业具有产业代表性；二、开展公司律师试点确有工作的需要和能体现公司律师作用；三、企业主动向我们申请；四、逐步在企业建立公司制度。申请公司律师的流程：一、没有未获得省司法厅开展公司律师试点同意复批文件的企业，需由企业向我局提出开展公司律师试点工作的申请。二、获准后，可向我们提交个人执业证申请的材料，材料清单基本可以参考司法局门户网站“律师执业证申请指南”。 ????????????????????????????????????????????????????????
"
25700,关于香港居民报考司法考试,深圳市司法局,2013.07.02,2013.07.02,"您好！我是香港居民，想报考司考。但是有以下几点想请问一下： 1.我知道要提交学历和学历认证，因我的本科是在香港读的，那就需要认证。但整个报名过程都在网上进行，请问要怎样提交呢？另外，因为认证需时，恐怕不能在报名截止前提交，能后补吗？ 2.我看见报名表上对香港身份证需要公证，请问这个有是什么手续啊？
		","持香港、澳门、台湾地区高等学校或者国外高等学校学历学位证书的，须同时具有由教育部留学服务中心出具的学历学位认证书。网上填报信息时，根据系统提示填写学历学位认证书的编号和认证日期，并保留好学历学位认证书，以便资格证申领阶段提交验证。深圳市学历学位验证点为“深圳市人事人才服务中心”。地址：深圳市福田区深南大道1025号新城人才大厦东座二楼，联系电话：0755-25985107。传真：0755-25943020。符合报名条件的香港居民在网上报名时须准备好身份证件及经中国委托公证人出具的身份证件证明书。该证明书由报名人员自行在香港向相关机构提出申请。深圳司法考试办公室电话：0755-83053807。?
"
25701,关于香港居民报考司法考试,深圳市司法局,2013.07.02,2013.07.02,"您好！我是香港居民，想报考司考。但是有以下几点想请问一下： 1.我知道要提交学历和学历认证，因我的本科是在香港读的，那就需要认证。但整个报名过程都在网上进行，请问要怎样提交呢？另外，因为认证需时，恐怕不能在报名截止前提交，能后补吗？ 2.我看见报名表上对香港身份证需要公证，请问这个有是什么手续啊？
		","持香港、澳门、台湾地区高等学校或者国外高等学校学历学位证书的，须同时具有由教育部留学服务中心出具的学历学位认证书。网上填报信息时，根据系统提示填写学历学位认证书的编号和认证日期，并保留好学历学位认证书，以便资格证申领阶段提交验证。深圳市学历学位验证点为“深圳市人事人才服务中心”。地址：深圳市福田区深南大道1025号新城人才大厦东座二楼，联系电话：0755-25985107。传真：0755-25943020。符合报名条件的香港居民在网上报名时须准备好身份证件及经中国委托公证人出具的身份证件证明书。该证明书由报名人员自行在香港向相关机构提出申请。深圳司法考试办公室电话：0755-83053807。?
"
25702,人民调解的法律效力,深圳市司法局,2013.07.02,2013.07.02,"我想了解下关于人民调解的法律效力。
		","《中华人民共和国人民调解法》规定： 经人民调解委员会调解达成的调解协议，具有法律约束力，当事人应当按照约定履行。经人民调解委员会调解达成调解协议后，当事人之间就调解协议的履行或者调解协议的内容发生争议的，一方当事人可以向人民法院提起诉讼。经人民调解委员会调解达成调解协议后，双方当事人认为有必要的，可以自调解协议生效之日起三十日内共同向人民法院申请司法确认，人民法院应当及时对调解协议进行审查，依法确认调解协议的效力。人民调解委员会应当对调解协议的履行情况进行监督，督促当事人履行约定的义务。人民法院依法确认调解协议有效，一方当事人拒绝履行或者未全部履行的，对方当事人可以向人民法院申请强制执行。 《深圳市实施<人民调解>办法》中规定：调解协议因人民法院生效判决、裁定变更、撤销或者确认无效的，人民法院应当将结果反馈调解该纠纷的人民调解委员会。人民调解委员会能够及时了解到协议的信息。? ????????????????????????????????????????????????????????
"
25703,外籍户口在深报考司法考试,深圳市司法局,2013.07.02,2013.07.02,"我户口在山东，现在香港工作，是否可以在深圳报名参加2013司法考试？网上报名后今年是否还有现场确认？
		","????符合报名条件的人员可自行选择报名地。考试费交纳成功后，报名人员不得更改报名地。选择报名地后，考试、申请和领取资格证书均需在报名地进行。今年国家司法考试实行网上报名方式。深圳考区报名人员通过网上填报报名信息、交纳考试费、下载打印准考证，不再进行现场确认。 报名时间为6月16日至7月5日。? ???????????????????????????????????????????????????????????
"
29530,有“邮箱互联网信息中心”的关于“十周年庆典活动”的公证事件吗,深圳市司法局,2008.12.02,2008.12.08,"?广东省深圳市公安局司法局?：?? ??? 我今天收到一新电子邮件：告知我在“邮箱互联网十周年活动庆典”中获奖，通知我获奖幸运码是5188，按下一步后，告诉我获二等奖：笔记本电脑一台外加3800元奖金，要我立刻上wwwq68.cn去领奖，若有疑问可咨询热线电话：089-888-092-588。 ???? 通知说：请点击下一步登陆唯一领奖官网：邮箱互联网信息中心。验证您的获奖身份兑换您的奖品。.... 最后有：“copyright@1998-2008邮箱互联网信息中心环节 版权所有”字样 ? ??? 我不相信这天下掉馅饼的事，但还是好奇的执行了下一步：查到是一自称为“邮箱互联网信息中心计算机系统有限公司”组织的，但有时又称“邮箱互联网信息中心”，可我上网均查不到他们。他们在网上公布了“公证证书”，公证单位是“广东省互联网公证处”与“广东省深圳事工商局、公交局...(数单位参与的）公证处” ???? 往下运行，看到有一必须的领奖条件是：汇款850元，凭此领奖等等。 ?????网上的这些内容均不能进行“拷贝”，所以不能完全记述。 ???? 我认为089-888-092-588这一电话号码的真实写法应是：0898-8092588，是海口某处的一个电话 ? ???? 因奖品活动来自深圳，所以我登陆了市官方网站，特此反映该问题。我在此反映此事件，希望引起政府相关部门了解和重视。 ? ??? 建议登陆wwwq68.cn网站，输入我的邮箱帐户：wh_hy@tom.com?及 “5188”幸运码，也许能看到其全貌。 ????
","? 你好！来信收悉。现答复如下： ? 经核实，深圳市公证处从未对该类活动进行过公证。提醒你谨防诈骗！建议向公安部门反映该情况。 ???????????????????????????????????????????????????? 深圳市司法局信访办
"
29531,关于司考合格人员授予证书申请时信息填写错误的询问,深圳市司法局,2008.12.06,2008.12.08,"市司法局相关领导：??? 您好！抱歉打扰您。现有一个本人十分着急的事项劳烦您予以协助。??? 本人于2008年已通过司法考试，在填写《2008年国家司法考试法律职业资格授予申请表》时，误将毕业证上另一号码认为是证书编号，从而将错误号码填写到申请表上，并且在现场确认时未能发现。不知这样是否会影响证书申请。现本人万分着急，请问现在如何更改？望市局领导予以回复，深表谢意。姓名：严佳坤? 联系方式：13725538180，13688812385准考证号：0844030302153? 身份证号440301830710552
","你好！我局司考办咨询电话为：83053921、83053922。建议来电进行详细咨询。 ???????????????????????????????????????????????深圳市司法局信访办
"
30098,收养小孩,深圳市司法局,2008.08.11,2008.08.25,"您好！我想咨询一下，我们结婚三年一直未生育，可能从内地想收养一个孩子，请问需要什么样的证明？要内地县级以上医院的出生证明可以吗？我们夫妻的户口都在深圳，年龄分别是３８和３９岁．盼回复，谢谢！
		","你好，你可以就具体情况向民政部门咨询。深圳市民政局咨询电话为： 0755-25832106 0755-25832415 0755-25832514。 深圳市司法局信访办
		
		"
31837,QQ,深圳市司法局,2007.12.19,2008.02.21,"腾QQ
		","无任何投诉缘由.
		
		"
31971,人民调解员,深圳市司法局,2008.01.14,2008.01.31,"请问做人民调解员，有哪些途径呢，谢谢本人是法律本科毕业
		","建议拔打我局基层处电话:83053835.83053841进行咨询.
		
		"
31972,病假薪资问题,深圳市司法局,2008.01.10,2008.01.31,"我们的月薪结构为：基本工资（45%）+浮动工资（45%）+各种补助津贴（10%）。括号内的百分率为大概值。我在12月份的第2周，由于生病，请了五天病假，有医生开的证明并经部门领导及公司人事部审批。但有经历过相同情况的同事告知我，我12月份拿到的薪资将是基本工资加各种补贴。也就是说我12月份的浮动工资将被扣完。我11月的薪资若为4000，则12月将只能拿到11月薪资的55%，既2200元。请问如果公司这么做是否违反法律法规，违反哪些法规，如果产生纠纷，我需要收集那些资料，向哪个政府部门投诉以维护我的合法权益。
		","建议拔打我局法律咨询电话83053830进行咨询.
		
		"
32003,深圳腾讯网络科技有限公司周年庆活动是否经过公证,深圳市司法局,2008.01.09,2008.01.25,"深圳腾讯网络科技有限公司正式运营以来,受到了喜爱流行风潮的众多玩家的好评与支持,时尚的氛围,所有的一切都让你成为我们的主题,让更多的自然性情得到释放,让你找到不一样的自己,因此特别推出这个周年庆活动让大家都参与起来,您将获得有本公司送出的惊喜奖金(现金)以及价值￥16.988 RMB三星Q40笔记本电脑一部!以上内容是否经过公证，网站公证内容：http://oicqa.host6.tfidc.com/qqli/mao/index7.asp是否属实
		","市公证处未对该活动进行公证,谨防受骗,建议向公安机关反映该情况.
		
		"
32004,是真的吗？,深圳市司法局,2008.01.09,2008.01.25,"腾讯公司宣传片 活动说明 ：“为了回报广大用户长期以来对腾讯公司的支持！公司决定举办“幸运1月在线抽奖”活动。系统将在《QQ在线》中每天随机抽出8名幸运用户，每名幸运用户将获得腾讯公司与中国三星有限公司送出的惊喜大奖，奖金36000元(RMB)奖品价值1.2588元的三星NP-Q40首款双核笔记本电脑一台。用户只要收到了幸运消息就可以参与本次幸运活动。　　 感谢长期以来对腾讯公司大力支持的每一位用户，感谢深圳互联网（公证处）公证 为本次活动进行公证，感谢中国三星有限公司和深圳市腾讯公司合作赞助！　　 活动时间：2008年01月05日 - 2008年01月10日期间，每日将由后台系统随机的抽选8 位幸运用户。　　 活动规定：必须要在24小时之内办理才生效。领奖时间为当日17:30截止。　　 特别声明：请玩家妥善保管好个人QQ帐户密码，我们不会通过任何形式向您索取您 私人的任何密码。请玩家把握好时间办理领奖程序。逾期系统将取消系 统将取消幸运玩家资格。温馨提示：您在本游戏中必须遵守领奖程序，才具备领奖资格!注：800元属于手续费用。请您到本公司支持的以下银行交纳手续费:800元.请您按照系统规定的章程办理领奖的有关手续本次活动需收取:800元费用作为手续费用,费用将不在奖金里扣除,本公司不为领取奖品所发生的费用负责!” 我接到了通知，h我中了惊喜奖，要汇800元手续费过去，因骗局太多，特来咨_是否真实，给你们添麻烦了！请告知真假，万分感谢！
		","市公证处未对该活动进行公证,谨防受骗,建议向公安机关反映该情况.
		
		"
32005,老房给占用怎么办,深圳市司法局,2008.01.02,2008.01.25,"领导: 你好 我是龙岗区坑梓街道老坑居民,我妈是坪山街道石井石陂头村民,我妈由生到死一直在那条村居住,死后留下了两间老房给我,房子是有房产证的,由以房子是院试的,有外啬围着房子的,现在村里的人抢建,把我房子围啬内的空地占去起房子,他们的理由是房子是你的,但围啬内的空地就不是我的,请问司法部领导他们这样做是否清犯了我产权,我应该怎样做才能把我的院子试房子受到法律保障,,,,
		","建议拔打我局法律咨询电话为83053830进行咨询.
		
		"
32009,房产共有人,深圳市司法局,2007.12.11,2008.01.24,"应如何和怎样办理已有产权证追加房产共有人手续？谢谢。
		","建议拔打我局法律咨询电话为83053830进行咨询.
		
		"
32010,公司这样扣款合法吗?,深圳市司法局,2007.12.15,2008.01.24,"司法局领导: 您们好! 公司的业务代表,按照公司规定同客户签定了合作协议,客户也提供了正式的营业执照,税务登记证,复印件加盖公章.合作了几个月后,以前的费用客户付款了,由于种种原因不合作了,最后一个月的款,就拖或不愿意付,现在这种情况,公司要业务代表承担一定的未付款的一部分,请问这样合法吗?业务代表是公司的员工,他有能力承担吗?毕竟合作的协议是经过公司领导审批后,才同客户签的协议. 盼回复,谢谢!
		","建议拔打我局法律咨询电话83053830进行咨询.
		
		"
32011,咨询在深圳律师所就业问题,深圳市司法局,2007.12.14,2008.01.24,"尊敬的先生/女士: 您好!非常抱歉百忙之中打搅您! 我表哥今年通过国家司法考试,想在深圳或广州的律师所执业,不知道咱们这里有什么具体要求？他现在该准备什么材料？谢谢！ 具体情况如下:他是工科本科,前司法考试取得了个 C照，在我们县律师事务所工作了将近3年，处理了很多民事，刑事以及商业的案件，成果显著，今年通过了国家司法考试A照的线。
		","建议拔打律管处咨询电话:83053839
		
		"
32012,共存,深圳市司法局,2007.12.20,2008.01.24,"http://szgza.net.cn/zs.htm为什么能够共存,那不是为诈骗份子帮凶
		","不属于我局职能范围,建议向公安部门反映该情况,经核实该网址已不存在.
		
		"
32162,出生档案遗失,深圳市司法局,2007.12.27,2008.01.08,"我的小孩1996年在老家镇卫生院出生,因办理出生证的负责人对所填主页有涂改,当初不知道出生证的严重性,后来在很多方面遇到困难所以镇卫生院又给补办了出生证,今年我在深圳办理迁户小孩也随迁,公安局说出生证是补办的要求出示出生医学档案,可医院早就没有十几年前的档案了,请问我该怎么办??急急!!!
		","不属于我局职能范围.建议向户籍管理部门沟通协商.
		
		"
32163,外来工工伤赔偿是否可申请法律援助,深圳市司法局,2007.12.25,2008.01.08,"我一个侄子(18岁,聋哑)在盐田区一建筑工地做模板工,今年10月27日上午,在工作时被钢筋扫断了腿骨,随后送到盐田区医院治疗,27日下午做了开刀固定手术,现在已出医院.明年仍需开刀取出固定的钢板,目前的医药费由承包模板工程的老板负责.现在与老板协商赔偿事宜,老板总以各种借口,不与协商.在处理赔偿问题中是否可申请法律援助.
		","你侄子的情况应符合法律援助条件.咨询电话83053830.
		
		"
32165,关于房产公证,深圳市司法局,2007.12.12,2008.01.08,"我们拟协议离婚,现有的一套房产(双方产权各占50%)拟过户给儿子(16岁),请问需要先办公证手续再过户吗?如何办理?
		","建议拔打市公证处咨询电话83053935.83053867进行咨询.
		
		"
32461,公司把我们的档案弄丢了，怎么办？,深圳市司法局,2007.11.16,2007.12.13,"我老公06年4月研究生毕业来深圳工作，在一家具有加拿大国籍的中国人开办的企业工作。最近发现自己的档案丢失。公司档案室没有他们06年4月份入职的那一批应届生的档案，但是有当年7月份入职的员工档案。当时的三方协议书上写的档案投寄地址就是他们公司的地址。请问，这件事情我们该如何解决呢？我们该走一个什么样的流程？谢谢！
		","不属于我局职能范围,建议向人事部门反映和咨询.
		
		"
32462,腾讯公司举办的黄金11月“欢乐送”,深圳市司法局,2007.11.29,2007.12.13,"腾讯公司举办的黄金11月“欢乐送”是真是假的到你们的公证了吗？是真的为什么要手续费，是假的为什么打着腾讯公司的旗号？
		","市公证处未对该活动进行公证,谨防受骗,建议向公安机关反映该情况.
		
		"
32463,有关公正,深圳市司法局,2007.12.10,2007.12.13,"您好,我想咨询一下,我在内地要办房产征,而本人不能回去,要委托家人去办,但需要一个委托的公正,请问这个公正在那里怎么办,我在万象城附近工作,请指点.
		","请拔打市公证处电话83053935进行咨询.
		
		"
32491,我该怎样办?,深圳市司法局,2007.11.22,2007.12.10,"您好： 我在去年（2006年）参加由公司组织的资格考试（当时去的时候是公司统一垫付的相关费用，公司也同我们提及过相关费用的处理方式，即在公司干就不扣费用，不在公司干就扣相应的费用。我今年离开了去年的公司，但留有一个月的工资，足够扣减相应的费用，至今我都没去领过）。后资格证办下来了，被以前的公司代领走，我已与以前的公司老板协商过，但对方说现在资格证不见了，我也咨询过发证机关，确实被以前的公司领走。因以后会涉及资格证的验证，我现在不知道该怎样办？
		","建议就详情拔打我局法律咨询电话进行咨询：83053830。
		
		"
32695,(计生法律问题)看看司法局答复公不公正与中央司法部有没有分别,深圳市司法局,2007.11.06,2007.11.13,"国家《人口与计划生育法》第十九条 实行计划生育，以避孕为主。国家创造条件，保障公民知情选择安全、有效、适宜的避孕节育措施，实施避孕节育手术，应当保证手术者的安全\第三十四条 计划生育技术服务人员应当指导实行计划生育的公民选择安全、有效、适宜的避孕措施。对已生育子女的夫妻，提倡选择长效避孕措施。国家《计划生育技术服务管理条例实施细则》第三条 计划生育技术服务实行国家指导与个人自愿相结合的原则。广东省《人口与计划生育条例》第第二十五条 实行计划生育，以避孕为主。实施避孕节育手术，应当保证受术者的安全。为预防和减少非意愿妊娠，各级计划生育行政部门应当创造条件，指导育龄夫妻知情选择避孕节育措施。已生育一个子女的育龄妇女首选使用宫内节育器；已生育二个以上子女的，一方首选结扎措施。?国家法律大于地方性法规，国家计生法（简称）和释义非常明确人民的知情选择权。而省条也明确知情选择，而一孩上环、二结扎是指导思想（与旧条例少了应当二字）。本人是关外常住户口人，合法生育二孩。问题：1、当地计生部门和居委会要求必须结扎，同时不给予办理相关计生证明和分红，使小孩无法入学。他们是否违法？2、本人有违反计生规定吗？3、我要求计生部门开具书面决定，但他们总是不开，到区、市已一样。我可以通过行政诉讼吗？4、您们能否介绍一名法律工作者给我吗？我相信懂法律的一定不会违背法律！ 谢
		","建议拔打我局法律咨询电话83053830进行咨询.
		
		"
32766,公证问题,深圳市司法局,2007.10.14,2007.11.02,"我10月12日收到深圳腾讯发来的信息，说深圳互联网公证处有替深圳腾讯公证10月份举行的幸运抽奖活动，这是真实的还是骗人的？
		","深圳市公证处未对腾讯幸运抽奖活动进行公证,建议向公安机关反映该情况.
		
		"
32767,收不到加工费,深圳市司法局,2007.10.19,2007.11.02,"我们４个人合伙买了两台机器（但没有注册），为某某公司加工产品后，收不到应收的加工费,请问我们该如何做？
		","建议拔打我局法律咨询电话83053830进行咨询.
		
		"
32768,深圳腾讯公司,深圳市司法局,2007.10.04,2007.11.02,"你好呀,我想了解腾讯公司2007年国庆搞QQ在线幸运抽奖活动,是否真实有效?下面有他们发来的小部分内容: 温寿星QQ“2007年黄金十月幸运在线”有奖活动活动公证我处经“腾讯”提交的“2007年黄金十月幸运在线”有奖活动资料，经我处审查并通过并为其“黄金月幸运在线抽奖活动”公证。我们提请“腾讯”用户在收到幸运消息的玩家们，请放心办理您的“领奖程序” 办理领取“腾讯”幸运奖的玩家，需先交纳580元手续费用.580元手续费用包括奖金的汇款费、奖品的邮寄快递费用以及办理领取奖金以及奖品的工本费用管理费用等等。 幸运玩家交纳手续费用专用收款银行帐户 中国农业银行:95599 8015 01257 65118 活动企业帐户：高求 (交纳手续费指定银行帐户),收款费用：580元 ( RMB ) 《本次活动经工商审批。公证处公证检察院认可》《工商序列号：873429》《公证号:7358144》《法人:王斌》深圳市公证处2007年09月30日.
		","深圳市公证处从末对该活动进行公证,谨防诈骗,建议向公安部门反映该情况.
		
		"
32769,关于意外保险的赔付事宜,深圳市司法局,2007.10.24,2007.11.02,"致相关工作人员:我公司员工刘某于07年3月28日受工伤住院治疗，期间医疗费用、住院伙食补贴、受伤停工期间工资均由公司支付，现已由深圳市劳动能力鉴定委员会鉴定为七级伤残。公司为其购买的工伤及社会保险自07年4月份才生效社保部门认定所用费用由公司承担。同时公司本着关爱职工的理念已经为该员工购买过中国人寿的人身意外伤害综合及附加意外伤害住院津贴保险（龙马卡），投保人为公司，被保险人为员工本人，受益人为法定。因公司在事故发生后已全额承担了该员工的医疗费用及住院伙食费请问公司能否要求刘某将意外保险中涉及的意外医疗保险金、意外伤害住院津贴保险金返还给公司？因意外保险中已有伤残金赔付给刘某，刘某再要求按社保部门关于工伤伤残等级进行二次赔付的要求是否合理？我公司应如何进行对刘某的偿付？非常感谢您在百忙中对我们的疑问作出答复!!!
		","建议拔打我局法律援助电话83053830进行咨询.
		
		"
32770,关于侦探,深圳市司法局,2007.10.19,2007.11.02,"你好，我是一名中学生， 想请教几个关于侦探的几个问题1、请问侦探在中国是否具有合法性 中国是否有合法的侦探公司2、请问国外是否有合法的侦探或侦探公司 如果有，请列出几个国家非常感谢
		","1.侦探在中国不具合法性，中国现阶段不存在合法的侦探公司。 2.在欧洲、日本等地区有合法的侦探公司。
		
		"
32808,因租客联系两个月拒交房租，而且电话也联系不上，咨询,深圳市司法局,2007.10.11,2007.10.19,"请教一个问题：本人有套房子在合法纳税出租，但是租客两个月都拒交房租，而且手机也联系不上。房子是通过中介地铺出租的，打电话联系了帮我出租房子的中介，但是中介也没有办法联系上租户。请问这个情况下：1、是否可以强制将租客的东西清理出来，把房子重新出租；2、如果要强制搬租客的东西，需要通过什么部门什么途径，是否要拨打110，请110到场做证，请物业公司到场做证？3、在租客毫无音讯，无法联络的情况下，我要怎么做才算合法？请赐教，多谢！
		","建议拔打我局法律咨询电话83053830.
		
		"
32809,有无奖,深圳市司法局,2007.10.09,2007.10.19,"我这里有一 个电子厂生产不属于自己厂东西,我举报是不是有奖,奖金是多少
		","建议拔打我局法律咨询电话83053830.
		
		"
32810,求证获奖事宜,深圳市司法局,2007.10.13,2007.10.19,"以下是多次发到我邮箱的信息,称已经深圳公证处,公证真实有效,办理领奖需交680元手续费.不知是否真有其事?信息如下:雅虎公司自从创立以来，受到了广大用户的热烈欢迎，一直保持高速发展回报广大网友长期以来对公司的支持与厚爱,通过全国注册用户来进行电脑自动选用户您的用户已中奖!您获得送出惊喜奖金38000元人民币)以及三星公司赞助送出惊喜奖品三星Q30时尚笔记本电脑一台价值19888元人民币。请登陆网站【yahoo.fgdu.cn】验证码1688 进入办理Yahoo!雅虎邮箱已中奖请领取您的奖金 雅虎中国Email系统管理 以上信息是否真的?请回电邮给我.谢谢!
		","深圳市公证处未对该活动进行公证,谨防诈骗,建议向公安部门举报.
		
		"
32811,最近7天内有没有为某公司提供公证，有关抽奖的活动。,深圳市司法局,2007.10.13,2007.10.19,"我收到来自手机号码是15918973447的单位自称是深圳司法公证处为某集团抽奖公证，并说我的手机号码中了二等奖15万元人民币。让我拨打13728678020 咨询有关事宜并开具银行账户，提供身份证号码。希你单位详查并给以回复，谢谢！
		","深圳市公证处从未对手机号码抽奖活动进行公证，谨防诈骗．
		
		"
32915,腾讯公司六月有没有搞黄金六月欢乐送啊？,深圳市司法局,2007.06.21,2007.09.24,"有个QQ号发信息说我中奖拉 让我汇过720元手续非去
		","市公证处从未对该类活动进行过公证，谨防诈骗，建议向公安局网监部门反映此情况。
		
		"
32916,这是小产权房吗,深圳市司法局,2007.08.09,2007.09.24,"农民自建房欲售有合同和公证没房产证
		","建议拔打我局法律咨询电话83053830详细咨询.
		
		"
32917,询问,深圳市司法局,2007.08.29,2007.09.24,"父母81年结婚.爸爸香港人.父母登记结婚的时候.经村委老干部提议.母亲拿了别人的身份证作登记.现在应该怎么处理.?是撤消从新登记.?还是能做修改.?还要准备什么材料.?
		","建议拔打我局法律咨询电话83053830进行详细咨询.
		
		"
32957,假冒注册商标会被判什么刑,深圳市司法局,2007.09.10,2007.09.14,"假冒注册商标会被判什么刑？需要怎么做才能减刑？
		","建议拔打我局法律咨询电话83053830详细咨询.
		
		"
32958,公证号7358144,深圳市司法局,2007.09.09,2007.09.14,"是否真实
		","反映事况不详,建议拔打我局投诉电话83053880进行咨询.
		
		"
33022,关于咨询租客未能缴租而又不搬走的问题,深圳市司法局,2007.08.17,2007.08.29,"你好！我想咨询一个问题： 我的房子租给一个租客，租期两年，到明年7月到期。但是从8月份期，该租客以自己经济困难为名，不缴房租。该租客就是两个态度，要么延期缴租，要么解决租约，退部分押金。 根据租约的约定，延迟一个月缴租，我就有权收回自己的房子，并追究租客的违约责任，没收押金。 想请问一下，在目前这个状况下，为了保证我的正当权益，我要怎么办？
		","建议拔打我局法律咨询电话83053830进行详细咨询。
		
		"
33023,询问,深圳市司法局,2007.08.15,2007.08.29,"父母81年结婚.爸爸香港人.父母登记结婚的时候.经村委老干部提议.母亲拿了别人的身份证作登记.现在应该怎么处理.?是撤消从新登记.?还是能做修改.?还要准备什么材料.?
		","建议拔打我局法律咨询电话83053830进行详细咨询.
		
		"
33097,布吉水径派出所警员拿物品检测指纹不开单据，流程是否正确？,深圳市司法局,2007.08.01,2007.08.20,"负责人： 您好！7月30日晚上大概十点左右，我老公回家发现家里遭盗窃，让小区保安帮忙报了警，尔后布吉水径派出所的两名警员来录了2份口供，拍了照片等，最后还拿走一叠利是封说是拿去化验指纹，当时有问我老公里面有没有钱，我老公不知道说没有，而警员拿走时也没有开收据什么的。当时我不在家，第2天也就是31日早上回家，说起利是封里面装有5、10元面值人民币。当时我老公马上联系了那名警员，而他回复说只有6包，而实际拿走的依厚度来看，约有20包，昨天就只退回6包。请问这样的流程正确吗，如果不正确，无凭据可否投诉，到哪投诉？
		","建议你向派出所主管分局的投诉部门反映该情况.
		
		"
33241,司法考试,深圳市司法局,2007.06.27,2007.07.12,"司法考试安排
		","请拔打司法考试咨询电话:83053807
		
		"
33254,关心钱军事件的广东市民,深圳市司法局,2007.06.21,2007.07.04,"我想问下钱军事件,怎么拖了那么久还没有处理结果和进一步的消息,人已经抓到了,他对中国人的形象影响不好,对社会影响也不好,现在在网上大家都关注事件的发展和结果,时间拖长了对深圳的处理事情的工作效率有很大的疑问,而且感觉影响也越来越大了,希望深圳有关部门对这种恶劣的影响社会形象的人作出最快的处理和做到公平.公正的处理.本人对钱军作为中国公民做出这样的事情非常非常的愤怒.以上是个人的意见.希望在电视上看到深圳有关部门对此事件的表现.不要浪费了我们纳税人的钱.
		","不属于我局职能范围,建议向负责该案的派出所了解情况.
		
		"
33339,暑假期间是否接受在校实习生实习,深圳市司法局,2007.04.29,2007.05.30,"尊敬的市司法局领导：　　您好！首先非常感谢您在百忙之中抽空看我的来信！我是来自华南师范大学南海校区（学院）２００５级法律事务（专）专业的学生陈晓慧．为了提高本人的实践能力，更好地将理论知识运用到实践中来，为走向社会，服务社会做好一定的准备，我迫切地希望能到深圳市司法局进行暑假实习．　　因此我想咨询一下，深圳市司法局在暑假期间是否接受在校实习生实习．如果可以，请告诉我应该做一些什么准备工作或是应该告知某些必要信息．恳请领导能抽空给我一个答复，谢谢！　　此致敬礼　　　　　　　　　　　　　　　　　　　　　　　　咨询人：陈晓慧
		","已回邮件.
		
		"
33340,深圳市公正处是否为此作公正？,深圳市司法局,2007.05.18,2007.05.30,"腾讯公司在黄金五月举办“QQ有礼欢乐送”活动，深圳市公正处是否为此次活动做公正。
		","市公证处未对该活动进行公证,谨防诈骗.
		
		"
33341,有关<广东省深圳市腾讯计算机公司“幸运玩家”活动公证>真假咨询,深圳市司法局,2007.05.21,2007.05.30,"我处经腾讯公司提交的“超级幸运玩家活动”资料，我处审查并通过并为其超级幸运玩家活动”公证。敬请腾讯公司的QQ用户在收到腾讯公司“超级幸运玩家活动”的玩家们，请放心办理您的“幸运玩家资格”。《 办理腾讯公司QQ幸运玩家，需先交纳800元手续费用.800元手续费用包括奖品的个人手续费用.邮寄快递费用》深圳市互联网公证处公证查询:089-869962363请拨打查询。公证处指定银行帐号：62284 8015 00356 26418 公司负责人：麦 严 《本次活动经工商审批。公证处公证检察院认可》《工商序列号：873429》《公证号:7358144》《公证员:李安》深圳市公证处2007年04月06日 是否真有此事?
		","市公证处未对该活动进行公证,谨防诈骗.
		
		"
33342,司法警察的体检标准是怎么样的,深圳市司法局,2007.05.23,2007.05.30,"公务员招考马上开始了，司法警察的体检标准应该是什么，小三阳合格吗？如果按公安的标准就不合格，但按国家公务员的标准又是合格的，报名在即，请回复！谢谢你们！
		","以市人事局公告的体检标准为准. 谢谢你的来信咨询!
		
		"
33380,我想确认深圳市南山区高新科技园中区 高新四路维用科技大厦三楼是不是真的有网上抽奖活动,深圳市司法局,2007.05.10,2007.05.15,"我收到由767723838自称是客服人员发来的信息说我中奖了地址是上面的地址网上有他们的公证书我想确认是否属实
		","公证处未对该类活动进行过公证，谨防诈骗。
		
		"
33381,腾讯网今儿个是不是举办,深圳市司法局,2007.05.05,2007.05.15,"今天本人收到据称是腾讯和可口可乐办的""幸运玩家""活动,本人很荣幸中了不少钱还有笔记本电脑,是否真有此事,我查寻过有关网站(深圳市公证处网)有相关内容,有好多可疑之处,本人不敢轻信所以请教,请给予帮助.谢谢了! 那个深圳市公证处的网是否真实!?是否真有此活动请给予调查下!在此本人再次谢谢你们了!
		","市公证处从未对该类抽奖活动进行过公证，谨防诈骗，建议向公安局网监部门反映此情况。
		
		"
33446,幸运大玩家,深圳市司法局,2007.04.05,2007.04.13,"我想证实一下超级大玩家是不是在你这里进行公证了,他这是不是骗人的.有进行公证吗?
		","市公证处从未对该活动进行过公证。
		
		"
33447,请问！~,深圳市司法局,2007.03.26,2007.04.13,"我想请问一下关于“为了感谢广大用户对腾讯公司的支持,本公司决定在“2007年黄金三月”,举办“QQ有礼欢乐送”抽奖活动,系统将在《QQ游戏在线用户》中,随机抽取八位幸运玩家”，是由你们深圳市公证处公证。这个是不是真的！~ 能不能尽快回复。谢谢！~~
		","深圳市公证处从未对该抽奖活动办理公证
		
		"
33677,租房问题,深圳市司法局,2006.11.24,2007.01.11,"本人是来自甘肃的一名大学生，，7月9日租房在深圳福田区，交押金300元。住到8月30日，因工作调动，去了宝安松岗镇，可是房东不给我退押金， 说合同是三个月，没有住够，不予退押金。但是合同上说没有正当理由不退！工作换到宝安松岗镇难道不是正当理由？？？?? 我现在这样的情况可以拿到我的押金吗，? 我觉得他们的合同有问题，我的权益受侵犯。 希望你们能给我帮助！?十分感谢
		","建议拨打我局法律咨询热线83053830，24小时律师值班。
		
		"
33678,同一份工作，不同的刑期。,深圳市司法局,2006.12.26,2007.01.11,"2006年6月市公安局在深圳龙岗区爱联满欢酒店抓获多名犯罪嫌疑人，其中有马小华（总经理）、段锐（经理）、曾爽（客户主任）、张丽（客户主任）、吴新敏（客户主任）、和一位卡拉OK的主任（姓氏不详）。在半年多的时间里就发生了让人感到振惊的事，首先是曾爽在抓到的第二天就放了，她本人现在还在临镇的一间酒店从事同样的工作。没有过多久经理段锐和卡拉OK的主任也无罪释放。 案子从公安转到检查院先后两次退回重新侦察，最后还是转到区法院。 11月第一次开庭当时没有下判，十多天后，法院判马小华6年；吴新敏2.5年；张丽2年。 上述结果让人不明白有两点： 1.段锐是三位客户主任（曾爽、吴新敏、张丽）的上司为什么会无罪释放？ 2.曾爽与吴新敏、张丽在酒店是同一工种待遇一样，为什么也会无罪释放？ 以上情况绝对真实。本人觉得法院的判决和整个案子的结果让人迷惑。希望贵单位重视以上案子，方便的话本人可以来贵单位亲自反映具体情况。 请你们不要删出，能给我一个回复好吗？谢谢！
		","建议拨打我局法律咨询热线83053830，24小时律师值班。
		
		"
33679,探亲,深圳市司法局,2006.11.24,2007.01.11,"我想问一下我妈妈现在56岁了，想办去香港探他爸爸。听人家说要去什么公正，宝安的公正处我不知道在那里。去公正的时候要带什么资料去呢。我妈妈是其他村嫁到我们村的。要回去他的出生地派出所出证明，还是直接在现在户口所在地办就可以呢。麻烦告诉我一下
		","宝安区公证处在宝安区前进路21区76号，区司法局二楼，联系电话：27787642
		
		"
33680,我如何才能要回自己的工程款,深圳市司法局,2006.11.24,2007.01.11,"? 我方是一家施工企业，承包了一家酒店的工程装饰施工作业，工程于7月26完工，酒店在未交付的情况了单方使用工程对外营业，我方于8月14日向酒店方提交了工程结算报告，对方以各种理由拖延与我方进行结算，因图纸不完整和酒店方在施工过程中的变更、增加项目过多，导致工程成本大大增加，我方是按合同的约定和工程的实际情况提交的结算报告，增加款有一百来万，但酒店方提出只可给二十万，其它的不给。酒店方的意思是你要这二十万就结算，不要我们就这么拖着，不行你可去告我。按国家相关规定，工程没有结算就不能交付使用，但酒店方一方面正常使用工程成果对外营业，一方长期拖延不予结算，另一方又以没有结算完毕不支付工程款，同时对我方提出交第三方鉴定协商（政府部门）也不予认可，我方工作人员去找酒店方结算，对方派出大量保安加以阻挠。因该项目前期双方关系较好，我方没有发现工程没有施工许可证，现因增加项较多，双方无法达成一致，关系紧张，如进入司法程序，对于我们施工方来说拖不起，成本太高，工程长期不能结算我方与工人及材料商的结算也无法顺利进行。鉴于此种情况，我方投诉无门，维权无路，只得向政府部门求助，我如何才能要回我的工程款。
		","建议拨打我局法律咨询热线83053830，24小时律师值班。
		
		"
33681,有关QQ的问题,深圳市司法局,2006.11.24,2007.01.11,"??? 我想要请问一下，QQ的本部是不是在深圳，还有，深圳互联网公证处是否给QQ的一个活动给予公证，公证号是7358144 法人是王斌和吴尚裕。工商序列号是873429。请问这些证件是真的吗？
","深圳市公证处从未对QQ活动进行公证，建议向公安部门举报。
		
		"
