2281,项目咨询,深圳市公安局交通警察局,2017.03.10,2017.03.17,"尊敬的领导
    你好！我们深圳智路通科技，是专业从事交通斑马线智能引导系统生产及研发的企业。我们的设备设在斑马线路口，通过与交通信号灯同步的引导/防范功能，规范行人及非机动车安全通行。
    据统计交通事故由行人和非机动车闯红灯引起的比重在不断增加，斑马线问题治理迫在眉睫。近日，深圳南山留仙小学行人过街系统项目的建设，有效地验证了项目的可操作性，有效的保护行人（特别是学生群体）安全过街，广受市民好评；并得到全国各大媒主流体的广泛报道。因此，在人流量大的路段，比如学校、旅游景点和繁华商业街路段等，实现规范行人及非机动车闯红灯行为，保护行人过街安全，维护斑马线的交通秩序并提高道路通畅率和降底政府成本，是一个智慧民生工程。
     我们这次来信的主要目的，是希望领导能按排相关部门的负责人商谈项目合作的可行性，我司将免费提供设备给政府做试点，期待能得到回复，我们在具体商谈，谢谢！到回复，我们在具体商谈，谢谢！
		","关于新型的电子产品我局是非常支持的，也希望当事人能与我们尽快对接，对新型产品进行测试。
		
		"
3195,关于深圳本地国四二手车过户咨询,深圳市公安局交通警察局,2017.02.24,2017.03.02,"您好！
   我通过摇号方式取得了深圳市机动车上牌指标，现想购买深圳本地一朋友的二手车，他的车是粤B牌，但是排放标准却是国四，请问这种车可以在深圳本市过户吗？感谢回复！
		","您好，深圳牌小车国四标准，可以在市内进行过户，但是转入和新车注册登记必须符合国五标准。
		
		"
4519,深圳南山朗麓家园9-12栋路边乱停车,深圳市公安局交通警察局,2017.01.11,2017.01.18,"据2017年新法规（新闻媒体报道），停车场内乱停车也要处罚： 我现在举报南山桃源街道朗麓家园9-12栋通道处的小车乱停放。 请贵局派人前去抄牌处罚。 如果不派人前去处罚，那就是贵局不依法办事，还是新闻媒体在造谣？ 
		","您好，您的来件我大队已收悉。关于停车场违停问题，由经营性停车场管理单位进行初步整治，经营性停车场管理单位可向辖区交警部门进行投诉和举报，由辖区交警部门到现场核查处理。
		
		"
5084,留仙大道朗麓家园段噪音扰民,深圳市公安局交通警察局,2016.12.01,2016.12.16,"朗麓家园地处留仙大道，地铁5号线，南坪快速，平南铁路四大交通干线的夹击之中，噪音污染十分严重，影响到住户的正常生活。小区噪音特别大，一天24小时下来声音不停，自搬进后，就没睡过安稳觉。如果只是白天吵或者高峰期吵都还好，关键是晚上睡觉的时候一样吵。就是晚上24点后，留仙大道上有好多的泥头车，货柜车，车速非常快，声音非常大，而且是不停的，有些泥头车司机还鸣刺耳的喇叭。一整夜都不停，实在无法好好睡觉。再加上塘朗山隧道最近开通南往北通道后，车流更是增加了2倍以上，持续噪音不停。望能切实考虑住户的困扰，解决一下这个民生问题，如在某时间段对特定车辆限行，或者做些隔音处理。 
		","我大队已安排夜巡警力加大该路段巡逻和整治力度。同时，我大队将不定期设置整治组对飙车行为进行严查严处。
		
		"
5441,关于12月5号开始车辆年检网络问题,深圳市公安局交通警察局,2016.12.07,2016.12.09,"从12月5号开始深圳车辆年审就进入了暂停状态，截至发稿时网络还没恢复，本月年审我司有640台货车左右，但是由于检测线的网络故障，造成车辆无法正常年审，且未发任何通知告知网络回复时间和网络故障原因。
		","您好，年审系统已恢复正常，可正常办理年审。
		
		"
5776,限牌前购买的混动汽车车牌能置换为汽油车吗,深圳市公安局交通警察局,2016.11.30,2016.12.02,"你好，我在限牌（2014-12-29）前买了比亚迪的混动汽车，现在想换车，我的车牌能够置换为普通汽油车吗？
		","依据个人的理解，应该不可以这样置换，详情请询交通运输委的有关增量调控政策细则，谢谢！
		
		"
6353,我家小区楼下的广场是哪个部门监管,深圳市公安局交通警察局,2016.11.09,2016.11.16,"我家小区楼下的广场（其实就是一个小小的空地），具体地址是：龙岗区布吉街道百鸽路与河南路路口的麦当劳店门口的一块地方，空地上停满了二手过户破车，小区的居民经常被这些停车堵得出不去，严重影响附近居民的生活，也不知道这种地方属于哪个部门监管？是城管局还是住建局还是交警来管这些二手车？ 
		","您好，您反映的问题我队已转交相关辖区中队，届时将依据现场情况做出合理改善。龙岗交警大队祝您出行平安。
"
6367,车辆乱停放，龙岗交警不作为，导致居民出入受阻。,深圳市公安局交通警察局,2016.11.09,2016.11.16,"龙岗区龙城街道龙翔大道进入公园大地的两个进出口，银鹰幼儿园对出的进出道路一条车道停满车辆，变成一车道；农业银行侧边停满车辆，又是变成一车道；岁宝百货后门的整条道路一条车道还是停满车辆。常年累月的车辆乱停放，是交警管不了，还是不想管？
		","您好，您反映的问题我队已转交相关辖区中队，届时将加大警力整治该路段的违停车辆。龙岗交警大队祝您出行平安。
"
6610,交警扣证,深圳市公安局交通警察局,2016.11.01,2016.11.08,"机动车被违规驾驶的非机动车撞上来（没人员伤亡）报交警，交警现场拍照没定责没写书面行政协议把两证扣留带走，是否合法.
		","一般来讲，处理交通事故过程中，现场处理的交警可以查验机动车驾驶证、行驶证，核对相关信息，并出具事故认定书等。如扣留机动车或者相关证件需要开具行政强制措施凭证。因您反映问题的信息过少，我们很难判定是否非法；如果您对事故处理过程相关问题有疑惑的，可以向现场处理交警的所在单位（交警大队）反映或申诉，由所属交警大队调查了解具体情况后给予答复。谢谢！！
		
		"
6747,沙湾公路上很多电动车，请严查,深圳市公安局交通警察局,2016.10.29,2016.11.04,"最近沙湾公路上，早高峰时期，非常多的电动车在沙湾原本就不宽的路面上飞驰，因为原本道路就不宽，双向两车道，电动车还经常占用机动车道超车。早高峰时期原本车就多，电动车还在其中穿梭，大家都是有家室的人，万一出现交通事故两个家庭就毁了，为了市民的安全着想，望严查
		","您好，您反映的问题我队已转交相关辖区中队，届时将依据现场情况做出合理改善。龙岗交警大队祝您出行平安。
"
6757,龙华交警中队辖区 祥利路 违法收取停车费,深圳市公安局交通警察局,2016.10.28,2016.11.04,"龙华区祥利路金湖雅苑旁学车场空地， 社会流氓把路面设置轮胎阵，不要让停车，所有车辆必须进违法空地里面停车，按时间收取几十元不等停车费。严重违法。请求查处。
		","　　我大队龙华中队信访员已于2016年11月1日17时50分致电联系信访人了解具体情况并解释说明。?? 我大队龙华中队已派员到祥利路金湖雅苑旁核查并安排警力对该地点设置轮胎阵的违法行为进行警告、劝离。目前该地点轮胎阵已撤离。
		
		"
7128,针对凯美瑞双擎突然无法使用混合动力指标上牌的咨询,深圳市公安局交通警察局,2016.10.18,2016.10.25,"现在深圳市小汽车增量，分为普通、混动、电动三类，针对混合动力增量指标适用的车辆型号，我们无法直观查询到。只能根据周边亲友能否通过混合动力指标成功上牌来知晓。 从8月中旬开始，广汽丰田凯美瑞双擎车型可以在深圳车管所使用混合动力指标上牌。知道消息后，我于今年9月28日申请混合动力指标（申请编号1360100641257），同日在广汽丰田兆方4S店购车（合同编号LL16090416）。并于9月30号获得混合动力指标。可是从10月12日开始，车管所拒绝凯美瑞双擎使用混合动力指标上牌。这就给我带来骑虎难下的局面，一方面车已到店，却无法上牌；另一方面，若混合动力指标若超过有效期未使用，视为放弃指标，两年内不得再摇号。 从11年毕业来深，我一直为身处在深圳这样一个高效、公开、透明的城市而自豪。这次遇到混动车型突然变更的情况感到很意外和棘手，希望能得到一个好的解决方案。谢谢！
		","您好，经审核，凯美瑞双擎混动小汽车不符合混动小汽车指标目录，因此无法受理该车上牌业务，该车符合普通小汽车指标目录。
		
		"
7849,电动自行车违法行驶该罚多少,深圳市公安局交通警察局,2016.09.20,2016.09.27,"????2016年9月15日，我独自一人骑电动自行车经过观澜大道十字路口在等红绿灯时，被观澜交警按《深圳特区道路安全管理条例》第114条，36条规定强制扣车，然后通知我去龙华大队处理。18日上午我去龙华大队综合办事处接受处理，他们要罚款2000元，我问他们根据那个条例处罚的，他们不做回应。你们说观澜大道限行，为什么到现在也没有限行标志和相应的宣传单告知民众。如果我们知道限行还故意违法，我们心甘情愿接受处罚。 ?????9月18日下午我回观澜交警中队咨询了相关条例，按《深圳特区道路安全管理条例》112条规定，电动自行车在限行路段，禁行路段或区域通行的，由市公安机关交通管理部门扣留车辆，处500元罚款。我不符合2000元罚款条例，为什么也要罚2000元。希望领导能给市民合理的理由。
		","根据《深圳市公安局交通警察局关于对我市部分道路限制电动自行车行驶的通告》深公交（通）[2016]73号中规定观澜大道属限行路段；依据《深圳经济特区道路交通安全管理条例》第36条第1款、第114条第1款之规定：驾驶摩托车、电瓶车以及电动自行车和其他非机动车在限制或者禁止通行的区域、路段、时段通行的，扣留车辆，处2000元罚款。（《深圳市公安局交通警察局关于对我市部分道路限制电动自行车行驶的通告》已向社会公布，市民在网上深圳交警也可查询到相关通告。）
		
		"
8571,	 车管所的电话无人工服务,深圳市公安局交通警察局,2016.08.25,2016.09.02,"拨打深圳市车管所咨询电话22222000，语音提示有人工服务，实际上又转入不了，按了0后，一直停留在原菜单。
		","您好，已联系当事人，由于22222000咨询人数较多，导致无法及时接入当事人电话，已解释，已详细回答当事人咨询的相关车管业务。
"
8573,混动指标车型确认,深圳市公安局交通警察局,2016.08.23,2016.09.02,"宝马X5 xDrive40e 官方是属于“插电式混合动力”车型此车能上“混合动力”指标吗？？
		","对于这个型号是否是混合动力车型，我所没有看到资料不能给正确答复，我所上牌是按照提供的指标和车型上牌。希望您可以在深圳车管所QQ或者到车管所咨询。
		
		"
8582,插电式混合动力汽车转籍,深圳市公安局交通警察局,2016.08.20,2016.09.02,"请问插电式混合动力汽车转籍的话有什么要求以及办理流程
		","新车上牌都是一样，不一样的地方是指标。其它流程都是一样，提供资料：发票、保险单、合格证（进口关单）等。您可以到网上查公安部124号令。想知道流程，可以网上查深圳市车管所网上。
		
		"
8847,关于居住证事项,深圳市公安局交通警察局,2016.08.12,2016.08.20,"我是在深圳工作外地人员，没有办理居住证无法申请小汽车指标，但是我老婆在深圳工作，有居住证，我可以用我老婆的居住证申请办理小汽车指标吗？
		","您好，不能使用您妻子的居住证申请指标，但是如果你妻子条件符合，让你妻子去申请指标。详细信息可以查看《深圳市小汽车增量调控管理实施细则》，或者咨询市交委。
		
		"
8848,车辆过户,深圳市公安局交通警察局,2016.08.10,2016.08.20,"你好!我是粤B290CP的原车主,我是2016/7/26 号 去办理车辆迁出 , 2016/7/26号被西丽车管所扣车 ,处理的交警说要交给刑侦组去办理,为什么都半个月刑侦组还没出结果? 多谢!
		","据了解你的车有拼装车架号的行为，目前已经完成司法鉴定，案件正在调查中，请保持联系畅通协助办案单位进行调查取证。
		
		"
8849,ETC收费通道,深圳市公安局交通警察局,2016.08.16,2016.08.20,"您好！我的车辆：粤A1388T 于8月13日在广州市增城区-增城收费站经ETC通道进入G94珠三角环线高速到深圳玩，落高速出口时也是走ETC通道出的（当时行边个出口站出高速现已记不清），由于当时车流量非常大，行到ETC通道时栏杆自动抬高，我就通过了。到8月15日回家时走小梅沙收费站ETC通道进入S30高速时，通过ETC通道显示屏才知道自己的车辆在13日行出高速时，ETC通道的系统未扣除我通行费，请问：1.系统会不会误会我冲卡逃费？2.我要补交这次通行费吗，该如何补交通行费呢？？请详细解答，谢谢！（我15日行高速路回家时多次出入高速收费站，都显示扣费成功了。）
		","徐先生您好，根据您在政务网站所反映在高速上走ETC车道，发现有未扣除通行费的问题，并提出“系统会不会误会我冲卡逃费？我要补交这次通行费吗，该如何补交通行费呢？？”等问题，现我大队答复如下，由于ETC通道不属于交警部门管理的，请您向高速公路公司咨询您的问题，谢谢。――西部高速公路大队
		
		"
8850,粤通卡过ETC通道问题,深圳市公安局交通警察局,2016.08.17,2016.08.20,"对咨询编号：20160816-3498-4304056的补充：我8月13日是使用粤通卡行走ETC通道进入G94珠三角环线高速路的，在深圳出高速时（也是行走ETC通道出站的），收费站ETC通道自动抬杆放行。到15日我回家行小梅沙收费站入口进入S30高速时才发觉我8月13日行走高速，当时在出高速收费站未在我的粤通卡扣除通行费。
		","徐先生您好，根据您在政务网站所反映在高速上走ETC车道，发现有未扣除通行费的问题，并提出“系统会不会误会我冲卡逃费？我要补交这次通行费吗，该如何补交通行费呢？？”等问题，现我大队答复如下，由于ETC通道不属于交警部门管理的，请您向高速公路公司咨询您的问题，谢谢。――西部高速公路大队
		
		"
9225,深户摇号是否要求驾驶证也是深圳的,深圳市公安局交通警察局,2016.07.23,2016.08.05,"深户参加摇号，审核不通过，提示驾照状态不正常，驾照是广东省外的，是否需要将驾照迁入深圳才可以摇号，谢谢
		","您好！参加小汽车摇号审核不通过可以前往西丽车管所进行驾驶证复议，复议通过核实您的驾驶证后会反馈交委审核通过，您也可以将驾驶证转入深圳后，重新申请摇号。
		
		"
9227,坪山新区碧岭农村商业门口汽车占道经营,深圳市公安局交通警察局,2016.08.02,2016.08.05,"坪山新区碧岭社区锦华路农村商业银行门口每天晚上8点后都有汽车占道经营，摆卖水果现象，这两天更严重晚上6点就开始摆摊，阻碍交通出行，存在安全隐患
		","请市民直接拨打89999110举报违章车辆，我大队会派出警力进行查处。另外，关于小贩摆摊问题，不属交警大队权责范围，建议市民向城管部门反映。
		
		"
9229,外地{CQ深圳{C,深圳市公安局交通警察局,2016.07.29,2016.08.05,"我是考的江西潭第{C，F在在A新^大浪k事工作，想要Q成深圳的{C需要哪些Y料有著哪地方k理。
		","您好！外地驾驶证转入深圳业务，现车管总所、各车管分所和各大队驾驶证综合窗口都可以办理，具体的办事指南及预约请登陆“深圳网上车管所”办理。
		
		"
9237,投诉沙井步涌新和大道鹏程花园外围乱收停车费,深圳市公安局交通警察局,2016.08.04,2016.08.05,"沙井步通新和大道鹏程花园外围未经许可乱收停车费，而且占用市政规划用地
		","经初步核实，鹏程花园有我局核发的经营性停车场许可证，且在有效期内，占用市政规划用地的情况我局将安排警力到现场调查核实。
		
		"
9321,关于电动车罚款两千,深圳市公安局交通警察局,2016.07.26,2016.08.02,"25号我的电动车被抓，严格来说应该是被强了，是被有关部门请的零时工抢的，不知道这些人有没有上岗证，没有制服，没有工作证，就是说被合法的抢劫犯抢的，如果出了事到底算谁的，说真的我当时手上是没刀，要是有刀我真想一刀捅死他！一问罚款两千也不知道是不是政府规定的，我感觉很无助，同时也很愤怒，车被抢，要罚款是怎么规定的，希望相关人能给我一个明确答复，就在相信共产党一次
		","何先生，你好！根据《深圳经济特区道路交通安全管理条例》：第一百一十四条 违反本条例第三十六条第一款规定，驾驶摩托车、电瓶车以及电动自行车和其他非机动车在限制或者禁止通行的区域、路段、时段通行的，由市公安机关交通管理部门扣留车辆，处两千元罚款。　违反本条例第三十六条第四款规定，驾驶电动自行车载人、载物的，由市公安机关交通管理部门扣留车辆，并处以二千元罚款。详细的情况可持扣车单到具体单位进行了解，如有不清楚的地方也可即时得到回复。感谢你对我们工作的理解与支持！
		
		"
9387,上次咨询的问题20160628-5693-3730443,深圳市公安局交通警察局,2016.07.22,2016.07.29,"尊敬的领导你们好上次咨询的问题编号：20160628-5693-3730443 深圳市公安局交通警察局 　2016.07.06 根据深圳市政府的规定，住宅区停车场应当按照车位规划数10%的比例安装充电桩，你反映的情况我局将立即安排警力调查核实、依法处理。我想咨询下有什么进展没有？小区也有其他业主找过管理处也是和我一样没有说任何原因就是没有这个政策罗湖没有，这个是在小区管理处物业领导的说出来的不知道是不是这个正常政府没有发给我们管理处还是管理处直接无视了？
		","您好！我局已约谈了该停车场管理单位负责人，其表示将按要求安装充电桩。
		
		"
9527,驾驶证出证问题,深圳市公安局交通警察局,2016.07.08,2016.07.22,"本人6月20号考完科目四，到现在还没收到证件，查询驾驶人信息驾驶证已经出证，请核实是什么问题？因本人在外地出差，不方便到窗口查询，实在找不到地方查询，就在这里留言，请协助查明，谢谢。姓名：丁均泉，身份证号：441424198507211379，联系电话：15915357163
		","您好，根据提供信息核实该驾驶证已核发，请注意查收。
		
		"
9628,宝安区书画院停车场,深圳市公安局交通警察局,2016.07.10,2016.07.18,"请问宝安区书画院停车场是否为不收费停车场？是否为公益停车场？在停车场内有车位的情况下，管理人员能否以非对外停车场，只是内部停车场为由，有选择拒绝社会车辆入内？
		","该停车场是否有营业执照！收费的停车场必须要有营业执照。
		
		"
9629,外地车辆穿过限行路段红灯路口，属于违反限行规定吗？,深圳市公安局交通警察局,2016.07.07,2016.07.18,"外地车辆穿过限行路段红灯路口属于违反限行规定吗？比如沿福永凤塘大道穿过宝安大道红灯路口继续直行走凤塘大道。
		","您好，凤塘大道穿过宝安大道路口后继续在凤塘大道行驶，不属于违反外地车限行规定。
"
9724,个人厢式货车如何变更到个体经营户名下，能过户吗？,深圳市公安局交通警察局,2016.07.04,2016.07.12,"个人有台厢式货车如何变更到个体经营户名下，能过户吗？因为要办理道路运输许可，必须变更到其名下，流程是怎么的，费用是多少？办理时间要多久！个人还可以申请小汽车指标吗？
		","一、货车不限购可以过户到个体户名下，过户后不产生更新指标，如名下无登记车辆可按限购规定申请指标；
二、具体办理过户的流程请登录深圳网上车管所了解详细的办事指南；
三、车管规费为115元，车辆无异常情况的三个工作日内办结业务。
"
15161,交警扣车不肯开单,深圳市公安局交通警察局,2015.11.30,2015.12.10,"我11月5号11时骑踏板助力摩托车去社保局为小孩办理少儿医保时在经过大鹏新区葵涌镇友田万家超市旁时被自称是交警的人扣车，我问他要这样我才可以把我的车取出来，他说赶紧走吧不想拘留我，当时没有给我开单，后来我又拿着我的购车发票找到扣车的人让他给我开个单，他看都不看我的发票一眼，跟我说要罚款3000元，拘留15天让我回去考虑清楚先。我想请问下这位交警做法是否违规，为什么不肯给我开单，还有要罚款3000元，拘留15天做法是否公正？我一个小老百姓迫于生活来深圳打工，每天需要骑车接送小孩上下学，需要骑车上下班，生活很不容易，请给我一个公正的答复好吗？
		","您好，经核实，执勤民警现场开具相关法律文书时，当事人已自行离开现场，民警无法送达暂扣凭证，我局已多次联系当事人向其做了大量解释工作，并告知当事人如需办理相关手续可带齐相关证件到交警大队服务窗口办理。
		
		"
15782,对深圳车管所科三考试网上预约公正的质疑问的投诉,深圳市公安局交通警察局,2015.11.06,2015.11.13,"本人获得机动驾驶技能准考证明时间是：2014-9-11，预约科目三车管所考试等候值是400多，我想么么的问一下为什么2014-11-26获得机动驾驶技能准考证明的等候值为281的人为什么反而比我们考的快，系统预约的公平、公正性在哪里？并且都是同样的驾校！
		","请考生对比等候值时，请查看一下与对比的考生条件是否是相同的同一车型，同一驾校，同一登记周期，同一个考场，等候值大的考生优先排到。（注：等候值不等于取得驾驶技能准考证明先后顺序等候值的精确数值，其等候值会跟考生补考，取消考试行为进行衰减。考生可以查看操作手册跟细则中有详细说明。）
		
		"
17147,更新指标中有一项交管时间和交管受理号,深圳市公安局交通警察局,2015.09.06,2015.09.22,"当时报废车辆时，取走了注销登记证明。现在更新指标中有一项交管时间和交管受理号是怎么回事？在哪里取得？如何查询得知？
		","您好，关于您反映的问题您可以到西丽车管所档案科查询，感谢您对深圳交通的理解与支持。
		
		"
17418,谭头菜市场安保队抓车,深圳市公安局交通警察局,2015.08.28,2015.09.11,"本人8月27号早上上班经过红星社区红绿灯路口被扣电动车，我说我是上班用的，人家拉客你不抓，他说只抓这种女装电动车，我知道禁摩限电，可是在松岗公交车无法满足我们上班族，车扣了啥也不给我开票，请问这合法吗，我上个班容易吗，遵纪守法，我真想占路中间被车撞死，抓车竟然50个人在一群。。。请问这是真抓车还是影响市容？
		","您好，红星社区红绿灯路口是松岗禁摩限电路段，交警查车并不是只抓女装电动车，只是电动车摩托均在执法范围内。
		
		"
17556,严重被冤枉违停,深圳市公安局交通警察局,2015.09.01,2015.09.08,"尊敬的交警局领导：
   下午好！
    侨香路和安托山六路交汇处有一块明显的停车标示牌，地面还划有停车泊位线（此停车泊位非宜停车泊位，也无支付编号）。2015年08月18日机动训练大队交警在此处对我开具两次罚款单，如果没有那个停车标示牌我一定不会把车停在那里的，既然不允许停车，就应该把停车标示牌拆除，有停车标示牌还罚款，这款罚的冤呀。我的车牌号：粤BM3976。将心比心，请正直、公平、公正、英俊、善良的交警局领导帮我免除罚款。非常感谢！好人一定有好报呀！
（机动训练大队开具的罚款单两张，我的车没有移动过）

		","您好，经交通违法系统查询，2015年8月X日粤BXXXXX小车在XX路的违法记录，事实清楚，证据确凿。且未发现车辆停放在停车位内。根据《深圳市公安局交通警察局关于机动车违反停放、临时停车规定分档处罚具体执行标准的通告》之规定，XX路为交通繁忙路段。如您对处罚有异议，可选择就近的交通警察大队接受处理后再向交警局法制科申请行政复议。
		
		"
17880,驾证到期换证,深圳市公安局交通警察局,2015.08.18,2015.08.26,"您好，请问现在驾照到期换证还需要居住证吗？因现在好多都没有做居住登记，不能办理居住证，如果需要我又办不了居住证，那怎么换证呢？谢谢！
		","您好！根据公安部令要求，驾驶证业务非深户需提供居住证明，对于现在实施深的居住证条例要求，不能办理新版居住证的，可以承诺一年内迁出可办理换证业务。
		
		"
17884,关于驾驶证注销的问题,深圳市公安局交通警察局,2015.08.14,2015.08.26,"您好！
 
    我叫盘世锋，身份证号440301197606235610，广东清远市人，于1993年入读深圳大学，按国家规定将户口迁移至深圳大学。1997年在深圳考取了原B类驾照。97年毕业后我回老家清远工作和生活，后从未回过深圳，故导致驾驶证因超期未换证被注销。现本人在清远重新考取C类驾照，科一及科二均已通过，今天准备去长途及路试试，清远考场通知，深圳车管所还有我原驾驶证的记录，清远无法也无权处理，要求我本人持身份证到深圳车管所亲自办理原驾驶证的注销手续，才可进行路试。因我已长期与深圳无交集，又因工作关系，路途遥远，要去一次深圳甚是麻烦。故特求助，是否有简易可行的办法，帮我处理这个问题？望能给予普通群众极大方便，感谢！盼复！
 

致礼！

                                                                                   求助人：盘世锋

		","您好！经核查您驾驶证信息，现在已经是注销状态，因您属于已持有驾驶证注销后重新申领驾驶证的，广东省内的不需要参加长途考试，建议到考试地车管所核查是否需参加长途考试。
		
		"
17964,牛始铺路货柜车日夜不停,深圳市公安局交通警察局,2015.08.12,2015.08.21,"牛始铺路货柜车日夜不停，没红绿灯没斑马线，甚至人行道都没有！别说老弱病残，连年轻人都怕过那路，但一旦入住又免不了要去对面购物买菜及接送孩子上下学！安全令人担忧！！！
		","您好，我们通知路政部门现场调研，要求辖区中队加强巡查执法！
		
		"
17965,停车场 许可证原件遗失了怎么处理,深圳市公安局交通警察局,2015.08.14,2015.08.21,"停车场 许可证原件遗失了怎么处理
		","您好，停车场管理单位出具一份遗失情况说明，登报（需交报纸原件），填写变更业务申请表（可在深圳交警信息网下载），并携带法人授权委托书（授权经办人）到市民中心政务大厅西厅7号窗口交以上资料。如果许可证即将到期，可同时提交到期换证表及所需资料，一并办理。
		
		"
17967,龙岗六约和悦居旁的牛始埔路大货车问题,深圳市公安局交通警察局,2015.08.11,2015.08.21,"希望这条路上的大货车可以绕道改行，以免危及和悦居及附近居的生命安全！
		","您好，我们通知路政部门现场调研，要求辖区中队加强巡查执法！
		
		"
17969,和悦居的必经之路货柜车多，安全堪忧！！！,深圳市公安局交通警察局,2015.08.12,2015.08.21,"牛始铺路货柜车日夜不停，没红绿灯没斑马线，甚至人行道都没有！别说老弱病残，连年轻人都怕过那路，但一旦入住和悦居又免不了要去对面购物买菜及接送孩子上下学！安全令人担忧！！！
		","您好，我们通知路政部门现场调研，要求辖区中队加强巡查执法！
		
		"
17971,交警监控最长是保留多久？,深圳市公安局交通警察局,2015.08.17,2015.08.21,"您好！请问我们市内的交警监控能保留多少年呢？深圳罗湖区桂圆路与红桂路交界处的监控！
		","您好，如果是指路口信号灯和电子警察设备，在路口交通组织无调整的情况下，这些设备将一直保留。
		
		"
17983,牛始铺路大货车扰民,深圳市公安局交通警察局,2015.08.12,2015.08.21,"牛始铺路货柜车日夜不停，没红绿灯没斑马线，甚至人行道都没有！别说老弱病残，连年轻人都怕过那路，但一旦入住又免不了要去对面购物买菜及接送孩子上下学！安全令人担忧！！
		","您好，我们通知路政部门现场调研，要求辖区中队加强巡查执法！
		
		"
17996,和悦居交通顾虑,深圳市公安局交通警察局,2015.08.12,2015.08.21,"牛始铺路货柜车日夜不停，没红绿灯没斑马线，甚至人行道都没有！别说老弱病残，连年轻人都怕过那路，但一旦入住又免不了要去对面购物买菜及接送孩子上下学！安全令人担忧！！！
		","您好，我们通知路政部门现场调研，要求辖区中队加强巡查执法！
		
		"
18002,和悦居交通问题,深圳市公安局交通警察局,2015.08.11,2015.08.21,"牛始铺路货柜车日夜不停，没红绿灯没斑马线，甚至人行道都没有！别说老弱病残，连年轻人都怕过那路，但一旦入住又免不了要去对面购物买菜及接送孩子上下学！安全令人担忧！！！ 
		","您好，我们通知路政部门现场调研，要求辖区中队加强巡查执法。
		
		"
18003,和悦居门前牛始铺路安全问题,深圳市公安局交通警察局,2015.08.12,2015.08.21,"牛始铺路货柜车日夜不停，没红绿灯没斑马线，甚至人行道都没有！别说老弱病残，连年轻人都怕过那路，但一旦入住又免不了要去对面购物买菜及接送孩子上下学！安全令人担忧！！！ 
		","您好，我们通知路政部门现场调研，要求辖区中队加强巡查执法！
		
		"
18067,牛始埔路大货车的问题,深圳市公安局交通警察局,2015.08.10,2015.08.18,"距离我上次投诉牛始埔路大货柜车络绎不绝的问题已经有一段时间，收到过短信，但是没有收到相关部门的回复。
我只想问相关部门，牛始埔路是否允许货柜车进入？
如果不允许，目前还有货柜车通行-这个问题你们打算怎么解决？

如果是允许，是否可以考虑一下和悦居这个有1000多小孩的安全性？为这些小孩子的安全做些改动，是否可以？
目前和悦居的幼儿园很明确的答复是9月份不会开班，8月底入住的居民只能到附近的幼儿园上学，届时这样的交通路况是几千个父母日夜担心的问题。
我们所有居民都不想看到任何事情发生之后再去解决所谓的问题。那个责任是谁都承担不起。

如果交通警察局的相关人员觉得我们平民是危言耸听，欢迎你们亲临牛始埔，在路边观察5分钟，然后我们再详谈各自的感受。

谢谢
		","您好，我们将通知辖区加强管理，加大巡查执法力度。
		
		"
18200,电动自行车,深圳市公安局交通警察局,2015.08.06,2015.08.13,"请问，目前电动自行车在南山有哪些路段限行？限行的通知截至2015年6月30日，是否意味着电动自行车不限行了？
		","你好！南山限行的路段以及最新的限行通告可以通过网上深圳交警官网的通知公告可以查询。
		
		"
18405,抵扣交通违章罚款,深圳市公安局交通警察局,2015.07.30,2015.08.05,"不知道深圳交通有没有这样的规定：一年内，如果个人的12分没有发生扣分的情况，就可以抵扣本人的部分交通违规罚款！ 或者有没有类似的规定。
		","您好，深圳暂时是没有这样的规定的。
		
		"
18406,公交站其他车辆乱停乱靠，上车危险,深圳市公安局交通警察局,2015.07.31,2015.08.05,"科苑立交北公交站往南头方向，晚上17:30到19：00这个时间段，很多小猪巴士，嗒嗒巴士，等不是公交车直接停靠公交站台等着载客，乘坐公交车的人要跑到马路中间去做公交，下班高峰期期间很多其他小车经过，很危险！
		","您好，您的来件我局已收悉，我局于8月3日晚高峰期间对科苑立交公交站的小猪巴士和滴滴巴士进行驱赶和疏导等整治工作，我大队会将此工作常态化。感谢您对深圳交通管理的支持！
		
		"
18611,新居住证办理不了新车入户的问题，急急急！！！,深圳市公安局交通警察局,2015.07.17,2015.07.28,"2015年6月1日起深圳新居住证制度实施，旧的过期了用不了，所以办理了新的深圳特区居住证，6月16日拿到证件，但一直到今天（7月17日）光明车管所还是办理不了车辆上牌业务，反馈信息说新居住证系统还没有和他们联网。导致我指标已经过了2个月了，新买的车临时牌也过期了，现在因居住证问题车都开不了。拿到新居住证后等了1个月了还是办理不了上牌。想不到深圳这样的城市会发生这样的事情，请领导协调各局处理！多谢！！！！
		","您好，根据公安部124号令《机动车登记规定》办理机动车相关业务需要提供车主身份证明，居民身份证明，是《居民身份证》或者《临时居民身份证》。在暂住地居住的内地居民，其身份证证明是《居民身份证》或者《临时居民身份证》，以及公安机管核发的居住、暂住证明。
"
19091,红绿灯报修电话及部门,深圳市公安局交通警察局,2015.06.26,2015.07.08,"你好，每次看到红绿灯故障，不知如何才能反映维修，微博反映基本无人理会，深圳交警 宝安交警等微博都没回答过，故此，在此咨询，希望公开红绿灯故障报修电话及部门，还有工作时间，谢谢，实在是不知向哪里咨询了，如果咨询不对，请告知咨询哪个部门？谢谢。
		","您好，如市民发现故障，可以第一时间拨打110，或者上班时间拨打84469300报故障，接到故障后，就会有专人去进行修复。
"
19231,经营性停车场是否要实行全覆盖监控,深圳市公安局交通警察局,2015.06.25,2015.07.02,"根据《深圳市停车场规划建设和机动车停放管理条例》第十七条及《深圳市经营性停车场设施管理暂行办法》第三章，要求经营性停车场配备监控设施。我公司停车场主要通道配备有模拟信号监控系统，几个进出口配备了收费卡机道闸及与交管局中心联网的车牌识别上传系统，请问是否还需要就停车场全部范围覆盖监控？谢谢。
		","您好！《深圳市停车场规划建设和机动车停放管理条例》及《深圳市经营性停车场设施管理暂行办法》均未要求停车场必须监控覆盖停车场的全部范围，因此，是否覆盖全部范围由停车场管理单位根据实际情况自行决定。
		
		"
19342, 车辆登记是不是一定要深圳居住证,深圳市公安局交通警察局,2015.06.18,2015.06.29,"新车车辆登记是不是一定要深圳居住证，现在6月1号后 居住证办不下来，还有没有别的证件可以做车辆登记的！ 我以前有居住证，现在过期了，6月1号后也续不了，请问怎么解决、、、
		","您好，新车注册登记，非深户需要提交居住证。
		
		"
19421,车管所失职,深圳市公安局交通警察局,2015.06.16,2015.06.25,"本人苦等驾照2年，6月10号收到信息预约到科目三考试6月23号，当日喜出望外，马上准备与考试相关一切所需， 提前按排好考试以及练车时间等等。今天6月16号收到车管所短信“因系统升级，改场至7月12号考试”。既然是你们车管所的原因，为何我却成为受害者。为何不改场至21 22  24  25号？  一个政府部门，秉着为人民服务的宗旨，却做法如此不公？既然是系统升级，这应是人为控制之内的事，为何不提前定好系统升级的时间，却临时更改学员考试时间，而且却不能更好的对这些被耍猴的学员给予合理的安排，请问这是一个政府部门应当的作为吗？ 请问这是不是一个有关部门失职？请求有关领导能妥善安排我们这些被不公平对待的公民。谢谢
		","我所在6月17日接省厅通知，系统于6月19日至6月23日进行升级，各个考场均不能正常开考，在此时间段约考的考生均需进行转场。因预约系统是提前三周进行排队，7月份前每天均已排满考试人数。现已能转场到的考试时间是最早可以考试的日期。请考生理解并配合，谢谢！
		
		"
19423,异地年审和车船税,深圳市公安局交通警察局,2015.06.13,2015.06.25,"你好！本人有一台深圳车牌小车，以前都是在深圳购买保险一起购买车船税和年审；现在本人回来惠州居住；并且现在在惠州市这边购买了保险，对年审有没有影响？请问能不能在深圳单单购买车船税？需要什么证件及怎样购买？另外请问想办理异地年审，需要在深圳开什么证明，需要什么条件？（听说需要深圳那边开什么委托证明）
		","我局已电话联系市民，告知市民具体的办理流程，谢谢。
		
		"
19571,关于非机动车辆扣留罚款,深圳市公安局交通警察局,2015.06.11,2015.06.17,"你好，我是京东快递的配送员。在2015年，6月10号晚上。驾驶一辆，电动自行车，在人民南路与嘉宾路交汇处，我驾驶车辆在人行道等待红绿灯的情况下被抓。并要求处以2000块钱的罚款。我觉得这个罚款不合理想咨询一下。
		","您好，人民南路属电动自行车禁止行驶的路段，依照特区处罚条例，在禁止时间、路段行驶的扣留车辆，处2000元罚款。
		
		"
19578,网上车管所在线补证进度,深圳市公安局交通警察局,2015.06.10,2015.06.17,"你好，我6月5号在网上车管所在线办理了驾驶证补证，可是到现在已经过了几天了还没有审核，到底是什么原因呢？流水号DL20150605L000020 还有如果现在不等网上审核直接预约去车管所窗口办理可以吗?  还是要先取消网上的申请，如何取消？急盼！
		","您好，已告知业务部门，业务正在办理，请耐心等几个工作日。
		
		"
19589,地铁施工封路导致迷路，违停不到一分钟被拍,深圳市公安局交通警察局,2015.06.11,2015.06.17,"6月10日7点57分从皇御苑到汇港名苑，按导航走滨河大道，到汇港名苑的那条路由于地铁施工封路了，结果我一直往东行后右转到华强南路靠边停了不到30秒电话问我朋友，就被口岸大队拍了违停，网上查到华强南路-华强南赤尾村口，缴款编号：097900303759，请问这种情况能申诉吗？要怎样申诉？谢谢！！
		","您好，因为您没有具体的违法车号，我们不能准确地回答你所提出的问题。从2015年1月1号，新的特区条例对违法停车加重了处罚力度，因此，您需要停车，尽量停放在停车场。如对我大队执法存在疑议的，可到口岸大队来申诉，我队在专门值日警官负责。
		
		"
19799,我车辆要年审的。在外省有违章处理了在深圳显示还在,深圳市公安局交通警察局,2015.06.01,2015.06.11,"你好。我的车辆要年审了，在江西跟湖南有违章。但是在那边已经处理好了，现在显示还在，请领导处理。车牌粤B398ZH
		","您好，粤B398ZH车辆状态正常，已刷新，感谢您的来信。
		
		"
19987,汽车摇号申请延期,深圳市公安局交通警察局,2015.05.23,2015.06.02,"1.汽车摇号申请延期我已在5月中旬提交了3个月到时间的延期申请，为什么月底说我申请失效，之前应经参加三次摇号，申请未通过的原因是什么？
2.审核通过时间说8月23日公布结果。为什么要等3个月才能通过审核？
		","您好，您咨询的问题非交警业务，请向深圳市交通运输委员会进行咨询与投诉，谢谢。
"
19992,20150403-2395-2842654投诉中涉及的问题第四次上诉！,深圳市公安局交通警察局,2015.05.23,2015.06.02,"20150403-2395-2842654投诉中涉及的问题从交警调档资料分析来看，可以明确B02771号停车场收费许可证的申请资料涉嫌变造国家文书不正当的手段骗取行政许可证的行为！再一次请求交警依法依规、本着实事、公平公正为依据认真对待群众的来访和投诉，并高效率撤销此许可证，并应依法依规追究相关责任人的法律责任！并将处理结果及时公布！
		","您好，经核实，深业御园停车场（许可证号B02771）存在部分申请材料不实的情况，根据其情节，我局已作出警告、责令限期整改，目前该停车场管理单位已整改完毕，未发现其存在其他的违法行为。
		
		"
20187,二类合同公证后能否换店换品牌购车上牌,深圳市公安局交通警察局,2015.05.13,2015.05.20,"我已取得二类合同公证。但因原车型停产，而该品牌其他车型均不满意，希望选择其他4S店不同品牌的车（换店换品牌）。请问是否可以？
获得公证表示购车行为发生在限牌前，故购车人有上牌资格。而选车是市场行为，限牌制度中也并无限制。不应当无视市场变化，强行限制换车需求，否则，既违背中央简政放权要求，也无法律依据。
		","您好，当事人申请车辆注册登记时，自行变更车辆品牌、型号等，因变更后的车辆信息与公证书载明的车辆信息不一致，应不予办理车辆登记。
		
		"
20264,驾驶证到期未满一年未换证,深圳市公安局交通警察局,2015.05.08,2015.05.15,"请问驾驶证到期未满一年未换证上路是否处罚，根据法律怎么处罚？
		","您好，驾驶证到期一年内还可以补救，超过一年就是注销可恢复，需要通过科目一考试，超过3年就是注销状态。
		
		"
20285,深圳本地车在外省违章能否在深圳办理？,深圳市公安局交通警察局,2015.05.07,2015.05.15,"国庆，春节两次回老家，路线不熟悉，在江西省赣州和湖北省黄岗省各违章一次，能否在深圳本地办理？经网上查询，需要扣分，谢谢
		","您好，深圳车在外省违法可以到各辖区交警大队窗口处理。
		
		"
20287,石岩交警机动车组乱抓车能投诉吗,深圳市公安局交通警察局,2015.05.04,2015.05.15,"深圳市限电不是主干路道限电，在村里开电动车也要被抓，你们机动人员说只要是他管区内的路都要抓，惹火了要抓道派出所慢慢拷问，抓车不是抓营运车吗？没上主干道，没营运也乱抓车，抓车还出言威胁，抓车的人是法盲也能参与到国家的队伍进去，
		","您好，摩的违法拉客且扰乱交通秩序。按照市府“禁电”相关规定，我大队一直以来都常抓不懈，近来，已经依法查扣违法摩托车和电动自行车数万辆。下一步，我大队将科学安排，加大整治力度，严查摩托车和电动自行车违法行为，尽最大努力维护该路段的交通秩序
		
		"
20526,光明新区马山头社区怡景花园停车场性质问题,深圳市公安局交通警察局,2015.04.25,2015.05.04,"1：光明新区怡景花园管理处――鸿业物业管理有限公司向我们业主收费公示的停车经营许可证号码第一次是B00933.第二次是D00933.请问这两个停车场经营许可证号码的真实性？可以提供收费公示牌的图片为证。2为什么怡景花园是住宅小区。批的停车场类型是临时类停车场而不是住宅类停车场？
		","您好，1、许可证号D00933，名称为马头山社区怡景花园停车场，有效期至2016年2月，B00933为另一个经营性停车场，无法核实你反映的情况。2、怡景花园停车场由于所在土地为集体用地，没有经过国土规划部门的规划，不符合住宅类停车场的条件，因此核发了临时类的停车场经营许可。
		
		"
20644,驾驶人考试预约,深圳市公安局交通警察局,2015.04.06,2015.04.28,"为什么在同一考试、同一登记周期、等候天数少的人能预约到考试，而等候天数多的人预约不到？以下网页中等候100天以内的都能预约成功。
http://aps.stc.gov.cn:8082/kszzyy/reportout_getPdList.action
		","您好，考生只要具备预考资格的随时都可以在网上进行考试预约登记。系统根据同一考场，同一驾校，同一车型，同一登记预约考试周期的考生等候值大小进行排队，等候值大的优先排得。所以考生在对比时要注意四个同一条件的进行比对。
		
		"
20741,异地驾照到期请问该如何在深圳本地换证,深圳市公安局交通警察局,2015.04.16,2015.04.21,"四川的驾照，在深圳工作有6年了，想换驾照在本地如何方便快捷的换到新的驾照
		","您好！异地有效期内的驾驶证可以转入深圳所需资料：申请人的身份证（原件和复印件如是异地户口需居住证），驾驶证（原件和复印件），一张驾驶证数码照相回执（6个月内有效），2张驾驶证专用相片,驾驶员体检表（区级以上人民医院）,工本费10元，1个工作日取证。前往西丽、龙华、龙岗、宝安、光明、坪山、福田、罗湖车管所、盐田、或深业、前海服务站办理。（温馨提示：需先登陆网上车管所http://cgs.stc.gov.cn/进行预约再至所选择的车管所办理）
"
20766,龙华地铁站ABCD4个出口，电动自行车长期占道拉客无人查处,深圳市公安局交通警察局,2015.04.11,2015.04.21,"龙华地铁站ABCD4个出口，电动自行车长期占道拉客无人查处。多次拨打110，请求处理，但是至今电动自行车不减反增，严重干扰市民进出地铁站，希望交警经常巡查彻底解决这份额问题。
		","您好，我局已长期在龙华地铁开展“禁摩限电”专项整治行动,将加强该路段的整治与巡查。
"
20775,电动车罚款,深圳市公安局交通警察局,2015.04.14,2015.04.21,"交通警察局。你好，我想咨询下，我在光明公长路（楼村转盘路口）下班骑电动车带着老婆，被交警扣车了，但去取车要求罚款2000，一个打工的，电动车代代步，一下就罚2000，机动车罚款也很少那么多啊！一个电动车也才2000左右，为什么一下罚那么多啊，
		","您好，按照《管理条例》第36第4款、第112条第5款，在城市道路上驾驶电动自行车载人行驶的罚款2000元。
		
		"
20819,解决路边停车,深圳市公安局交通警察局,2015.04.09,2015.04.16,"我是罗湖莲塘仙台路1号东方凤雅台住户，由于小区建设缺陷，停车位严重不足，（小区车位126个，但是汽车保有量600辆左右）导致大部分住户无法将小汽车停入小区停车场，迫于无奈只能停在仙台路边，但是交警经常抄牌，周末车主实在没有地方停车，望交警周末能否理解住户苦衷不要进行违章处罚！
		","您好，驾驶员必须遵守道路交通标志标线指示通行，对于您所提出问题我们将与交委联系看是否能规划停车泊位。
		
		"
20825,电动自行车上牌备案,深圳市公安局交通警察局,2015.04.08,2015.04.16,"你好，我是深圳长城宽带网络服务有限公司，我们是电信行业的，每天要骑电动车在外面跑，天天都在抓电动车，从而导致我们的电动车经常被抓，一抓就被罚几千块，所以我想问一下电动车可不可以备案，我们之前也有去交警大队，交警支队，宝安交通局，宝安公安局等等，他们推来推去，能不能告诉哪里可以办理，需要哪些相关资料，谢谢！
		","您好，请到相关的行业协会先行备案，电信行业是在通信协会备案。需要的资料可上深圳交警官方网站进行查询。
		
		"
20960,南山区海文花园附近停车太难了,深圳市公安局交通警察局,2015.03.30,2015.04.08,"由于小区停车难，深圳南山学海路、勤学路、书山路等多条路段边从晚上7点半到次日早上7点半可免费停车。但是国家法定假日是不上班了，那基本就不上班，请问我们业主的车能挪到哪里去啦？小区内部又没车位，只有违法停车，希望有关部门能解决问题而不只是罚款，罚款不能解决根本问题，况且这几条道理都是几个小区内部的道路，基本没有外来车辆行驶，为什么就不能合理停车啦？
		","您好，交警局领导近期已到上述路段走访调研，因涉及交委等多个部门，目前正在积极协调，寻求解决办法。感谢您对深圳交通管理的支持！
"
21278,我的车就这样被没收了吗？,深圳市公安局交通警察局,2015.03.12,2015.03.17,"我在外省快一年了，我的车留在朋友处，他又把车借给了一个我不认识的人使用，结果在去年12月14日在深圳因三次以上违章被扣车，同时那个人的驾照过期，我回来过年才知道，两个月了也没接到过任何通知，现在我带齐车辆行驶证、登记证到深圳口岸交警大队接受处理，可是被告知要当时开车的人去才办理。可是当时开车的人不愿去，怕被拘留，我也没法抓他去接受处理。我本人愿接受应当的任何处罚。我想弄清楚是否象处理的警察所说，他不去接受处理，就不放车，够三个月，我的车就被没收拍卖了。我是车主，就因为借用车子的人不去接受处理，我的车就被没收了吗？
		","感谢您反映的问题，我局高度重视，对于此种情况车主有责任提供驾驶员的资料信息协助调查。为尽快解决该事，也让车主请其丈夫哥哥到口岸交警大队协助调查。
		
		"
21354,深圳市停车场机动车辆管理检查证（三检查）是否重新启用？,深圳市公安局交通警察局,2015.03.04,2015.03.11,"你好！
  近期我司停车场常有顾客持《停车场管理检查证》证件要求免费的现象，想咨询一下，现“三检证”是否重新开始启用？有关于证件真假辨别方法，及持证免费停车要求，请用邮件方式给予回复！
                                                 感谢对工作的支持！

		","您好！现在已经没有合法有效的《停车场管理检查证》，如发现有人使用可拨打110报警电话。
		
		"
21474,小汽车上牌,深圳市公安局交通警察局,2015.01.30,2015.03.02,"我与1月27日就拿到公证书了，但上牌消息就迟迟没有得到，年前能不能完成上牌，过一个安心年？？
		","您好，拿到公证书后，就可以到车管所或者分所服务站办理上牌业务。
		
		"
21475,如何从驾校约考转为散学?,深圳市公安局交通警察局,2015.01.26,2015.03.02,"本人自2013年始于深圳安顺康驾校报名学习C1驾照，该学校一直以没有指标为由不予预约科目三考试，就此问题已与该驾校交涉了11个月有余，仍未有结果，现本人想通过散学的形式自行约考科目三，所以在此咨询相关业务该如果办理，谢谢！
		","您好，系统内不能修改驾校转散学信息。建议：本人携带身份证前往考试科业务受理大厅先注销学籍，再从外网进行散学报名后再网上预约考试。
		
		"
21482,有关限行,深圳市公安局交通警察局,2015.01.31,2015.03.02,"非深牌小客车在早晚高峰时间段内能否走107国道经南头关上月亮湾大道转入东滨路直达深圳湾口岸
		","您好，非深牌小客车在早晚高峰时间段不能走107国道经南头关上月亮湾大道转入东滨路直达深圳湾口岸。
		
		"
21489,深圳市2014年人均可支配收入是多少,深圳市公安局交通警察局,2015.01.26,2015.03.02,"我姐夫于2015年1月12日在光明新区遇车祸死亡，现在涉及到赔偿标准问题，请问2014年深圳市人均可支配收入是多少？谢谢！
		","2014年5月30日0时至2015年5月29日24时发生的道路交通事故，赔偿可参照《广东省道路交通事故人身损害赔偿标准》（2014年度），链接地址：http://www.szjtpc.com/Show.aspx?id=1416
"
21706,c1驾驶证,深圳市公安局交通警察局,2015.01.21,2015.01.29,"您好，警察同志。请问C1驾驶证可以开9座以下的商务车吗？我的是瑞风8座商务车，谢谢您的回复》
		","您好，<<机动车驾驶证申领和使用规定>>: 小型汽车C1证可以开手动档,自动档的9座(含9座)以下的 小型、微型载客汽车以及轻型、微型载货汽车(所有蓝色车牌的小货车)、轻、小、微型专项作业车 和小型自动挡汽车C2、低速载货汽车C3、三轮汽车C4.持c1准加车型驾驶证的，所有的蓝牌客、货汽车都属其准驾范围。
		
		"
22455,机动车占用人行道违章停车，人行道成停车场,深圳市公安局交通警察局,2014.12.11,2014.12.15,"宝安区西乡街道新湖路与共乐路交汇处，两边的机动车都停在了人行道上，行人只能走在马路上，请问这属于交警部门管吗？
		","您好，感谢您的来信。关于车辆违停，我们将加大整治力度。
		
		"
23045,停车场许可证到期怎么续期,深圳市公安局交通警察局,2014.11.05,2014.11.13,"我们单位停车场许可证8月份到期了，我想问下我们应该去那里办理续期，需要那些材料？
		","您好，办理停车场许可证延期请到市民中心政务大厅（西厅）7号窗口，所需材料可前往市民中心窗口领取或登录深圳交警信息网中的表格下载板块打印，咨询电话83341611。谢谢。
		
		"
23201,有关道路龙门架的建设和管理部门,深圳市公安局交通警察局,2014.10.24,2014.10.28,"您好，我想咨询下，深圳坪山新区与惠州大亚湾区相交接处的道路上设有“深圳人民欢迎您”和“欢迎再次光临深圳”字样的龙门架，请问是贵局建设和管理的吗？希望能了解到负责部门和联系电话！谢谢，盼复

		","您好，您的诉求已知悉，“深圳欢迎您”的龙门架由新区交委所管理，具体业务咨询请与新区交委联系。
		
		"
23212,政府何时落实中央可以外地考驾照政策,深圳市公安局交通警察局,2014.10.27,2014.10.28,"请政府帮忙解决驾照考试资源不足问题，解决一下老百性考试难处，以下问题请关注：
1：中央早己提出由于本市考试资源不够，可以安排学员同省异地考试，但到现在还没有听到具体可以外地考时间。请问何时可以外地考试？
2：政府有没有其他措施解决考试积压问题？
		","你好。1、目前深圳暂未开通省内异地驾考的业务；2、现在深圳科目三考场已经增加了每天的考试量。
		
		"
23249,玉龙学校十字路口没安装红绿灯,深圳市公安局交通警察局,2014.08.19,2014.10.24,"各位领导好，现向您们反映件事：还有十来天玉龙学校就开学了，学校门口致远路与双龙路十字路口的红绿灯还没安装，希望引起相关重视。谢谢！
		","你好，感谢你的来信。关于市民提出的致远路与双龙路十字路口安装交通信号灯的建议，目前此处信号灯已启用。
"
23269,深圳驾考速度，考能低，盼路考借用市政道路尽快实施！,深圳市公安局交通警察局,2014.10.07,2014.10.23,"现在据网上报道，已经启用了五条市政道路准备考科目三了！请相关领导让此尽快实施，以满足人民群众的学车需求！谢谢各级领导了！
		","你好。深圳目前暂未开通省内异地驾考业务。
		
		"
23608,汽车灯光问题,深圳市公安局交通警察局,2014.08.25,2014.09.17,"您好！本人想把汽车的大灯灯泡换成LED的，不知道这个是否属于非法改装灯光？（只是换灯泡，不是加装增压器的氙气灯）
		","你好。不能把汽车的大灯灯泡换成LED的，这个属于非法改装。
		
		"
32974,请教问题,深圳市公安局交通警察局,2007.05.30,2007.09.13,"你好，我想请问下Ｃ１驾驶正准驾９坐以下的客车是否包含９坐在内？还有载货货车在几吨以下含几吨在内？请回复到我的邮箱，谢谢了pengjianting225.163.com
		","包括9座,2吨以下
		
		"
32975,请教问题,深圳市公安局交通警察局,2007.05.30,2007.09.13,"你好，我想请问下Ｃ１驾驶正准驾９坐以下的客车是否包含９坐在内？还有载货货车在几吨以下含几吨在内？请回复到我的邮箱，谢谢了pengjianting225.163.com
		","包括9座,2吨以下
		
		"
32976,"异地的第二代身份证可否在深圳申请, 需要什么申请资料",深圳市公安局交通警察局,2007.05.24,2007.09.13,"因工作原因近期没有时间回户口所在地去办理第二代身份证,请问我是否可以在深圳这边办理?我户口所在地为:黑龙江省鸡西市,昨天家人帮我问到可以带着相关资料到深圳的公安局办理,如在这可以申请,请问我需要准备什么材料
		","请咨询市公安局户籍部门
		
		"
32977,"异地的第二代身份证可否在深圳申请, 需要什么申请资料",深圳市公安局交通警察局,2007.05.24,2007.09.13,"因工作原因近期没有时间回户口所在地去办理第二代身份证,请问我是否可以在深圳这边办理?我户口所在地为:黑龙江省鸡西市,昨天家人帮我问到可以带着相关资料到深圳的公安局办理,如在这可以申请,请问我需要准备什么材料
		","请咨询市公安局户籍部门
		
		"
32978,帝景大厦要拆迁吗？,深圳市公安局交通警察局,2007.05.30,2007.09.13,"请问：龙岗区的路网畅通计划--新开工建设东平大道（丹平快速路），涉及到的丹沙路边的沙岭小区的2巷1、2号（经典大厦、帝景大厦）要拆迁吗？请有关部门给予答复。谢谢！
		","请咨询管理部门
		
		"
32979,帝景大厦要拆迁吗？,深圳市公安局交通警察局,2007.05.30,2007.09.13,"请问：龙岗区的路网畅通计划--新开工建设东平大道（丹平快速路），涉及到的丹沙路边的沙岭小区的2巷1、2号（经典大厦、帝景大厦）要拆迁吗？请有关部门给予答复。谢谢！
		","请咨询管理部门
		
		"
32980,异地驾驶证转入,深圳市公安局交通警察局,2007.06.04,2007.09.13,"申请异地驾驶证转入深圳,还需要办理暂住证才能办吗
		","必须有一年以上的暂住证,或是居住证
		
		"
32981,异地驾驶证转入,深圳市公安局交通警察局,2007.06.04,2007.09.13,"申请异地驾驶证转入深圳,还需要办理暂住证才能办吗
		","必须有一年以上的暂住证,或是居住证
		
		"
32982,停车下人能否算违章停车,深圳市公安局交通警察局,2007.06.14,2007.09.13,"尊敬的领导，你们好！我于2007年3月16日，驾驶车牌号粤B/MH155小车，路过华发南路深南路以南路段，我朋友在此办事，就临时停下车给他下去，前后就几秒钟时间。被我们的交警给拍了违章。我是从南山过来的，附近路段也没有停车的地方。请问这样也算违章吗？
		","违章
		
		"
32983,停车下人能否算违章停车,深圳市公安局交通警察局,2007.06.14,2007.09.13,"尊敬的领导，你们好！我于2007年3月16日，驾驶车牌号粤B/MH155小车，路过华发南路深南路以南路段，我朋友在此办事，就临时停下车给他下去，前后就几秒钟时间。被我们的交警给拍了违章。我是从南山过来的，附近路段也没有停车的地方。请问这样也算违章吗？
		","违章
		
		"
32984,Driver License,深圳市公安局交通警察局,2007.06.19,2007.09.13,"I come from the United States. I have the California State driver license and the international driver license.how can i get the Chinese driver license to be legal drive in China??Thanks!!
		","持境外机动车驾驶证申请临时机动车驾驶许可 一、所需资料 1、《临时机动车驾驶许可申请表》； 2、申请人身份证明原件及复印件； 3、年龄及身体条件符合中国驾驶许可条件的的证明文件； 4、境外机动车驾驶证(属于非中文表述的，还应提供经我市区级以上公证处公证的中文翻译文本)，任何国家或组织签发的国际驾驶证皆不予受理； 5、参加有组织的旅游、比赛及其他交往活动的，还应出具中国相关主管部门的证明； 6、深圳市机动车驾驶证数码照相回执，3张驾驶证专用相片； 7、此项业务不可代办。 ◆复印件要求为A4规格 二．办事流程 到车管处或大队窗口领取表格---填表\照相---到西丽车管所驾驶证办理大厅递交表格申请---学习法律并考试----通过后----交办证费----领证
		
		"
32985,Driver License,深圳市公安局交通警察局,2007.06.19,2007.09.13,"I come from the United States. I have the California State driver license and the international driver license.how can i get the Chinese driver license to be legal drive in China??Thanks!!
		","持境外机动车驾驶证申请临时机动车驾驶许可 一、所需资料 1、《临时机动车驾驶许可申请表》； 2、申请人身份证明原件及复印件； 3、年龄及身体条件符合中国驾驶许可条件的的证明文件； 4、境外机动车驾驶证(属于非中文表述的，还应提供经我市区级以上公证处公证的中文翻译文本)，任何国家或组织签发的国际驾驶证皆不予受理； 5、参加有组织的旅游、比赛及其他交往活动的，还应出具中国相关主管部门的证明； 6、深圳市机动车驾驶证数码照相回执，3张驾驶证专用相片； 7、此项业务不可代办。 ◆复印件要求为A4规格 二．办事流程 到车管处或大队窗口领取表格---填表\照相---到西丽车管所驾驶证办理大厅递交表格申请---学习法律并考试----通过后----交办证费----领证
		
		"
33480,红绿灯,深圳市公安局交通警察局,2007.03.29,2007.04.03,"请问当红灯亮起时,前轮已过停车线,后轮未过,如果继续前行是否算闯红灯.另通过十字路口的专用调头车道时,是否要看前方的红绿灯.谢谢!
		","一、红灯亮起时,继续前行是闯红灯了. 二、深圳道路的调头车道一般是在路口前，如果是在路口处，并且注明是专用调头车道，你可以调头，不必看信号灯，但是必须让行直行车辆。
		
		"
33481,红绿灯,深圳市公安局交通警察局,2007.03.29,2007.04.03,"请问当红灯亮起时,前轮已过停车线,后轮未过,如果继续前行是否算闯红灯.另通过十字路口的专用调头车道时,是否要看前方的红绿灯.谢谢!
		","一、红灯亮起时,继续前行是闯红灯了. 二、深圳道路的调头车道一般是在路口前，如果是在路口处，并且注明是专用调头车道，你可以调头，不必看信号灯，但是必须让行直行车辆。
		
		"
33536,我的个体户执照到期注销了，但执照名下的一台11坐面包车怎么办？,深圳市公安局交通警察局,2007.03.07,2007.03.21,"我的个体户执照到期注销了，但执照名下的一台11坐面包车怎么办？能转换为个人名下的吗？谢谢！
		","可以,车管处申请过户
		
		"
33537,我的个体户执照到期注销了，但执照名下的一台11坐面包车怎么办？,深圳市公安局交通警察局,2007.03.07,2007.03.21,"我的个体户执照到期注销了，但执照名下的一台11坐面包车怎么办？能转换为个人名下的吗？谢谢！
		","可以,车管处申请过户
		
		"
33598,四川大厦露天停车场收费合理吗？,深圳市公安局交通警察局,2007.01.18,2007.02.05,"从晚上7：26分停到11：30，收35元！！那里的收费是：第一小时15元，然后每1小时加5元。都怎么订的收费标准。 还不分高峰非高峰期！晚上那里都没几部车停，还收那么高！！当有车的人的钱都不是钱了吗？
		","资费问题请向物价部门投诉.
		
		"
33599,四川大厦露天停车场收费合理吗？,深圳市公安局交通警察局,2007.01.18,2007.02.05,"从晚上7：26分停到11：30，收35元！！那里的收费是：第一小时15元，然后每1小时加5元。都怎么订的收费标准。 还不分高峰非高峰期！晚上那里都没几部车停，还收那么高！！当有车的人的钱都不是钱了吗？
		","资费问题请向物价部门投诉.
		
		"
33665,车辆套牌事宜,深圳市公安局交通警察局,2007.01.16,2007.01.17,"我公司有一中港两地车牌的丰田小车，牌号为粤ZB656港。最近在网上查询违章事宜时发现该车于2004年9月25日，1时8分在深南竹子林处违章，但是在我去交警局打单时却发现该车并不是我公司的车，而是一辆黑色奔驰汽车，该黑色奔驰的中港两地牌也是粤ZB656港，我公司怀凝该奔驰是套用了我公司的车牌，请问我公司该怎么处理？望能尽快答复！多谢！
		","请携带相关车辆资料到交警局监控中心举报(景田北路交通监控中心)。中心核实后，如能确认车辆属套牌，一是将取消车辆违法记录；二是将套牌车纳入全省电子布控系统，进行查控。
		
		"
33666,车辆套牌事宜,深圳市公安局交通警察局,2007.01.16,2007.01.17,"我公司有一中港两地车牌的丰田小车，牌号为粤ZB656港。最近在网上查询违章事宜时发现该车于2004年9月25日，1时8分在深南竹子林处违章，但是在我去交警局打单时却发现该车并不是我公司的车，而是一辆黑色奔驰汽车，该黑色奔驰的中港两地牌也是粤ZB656港，我公司怀凝该奔驰是套用了我公司的车牌，请问我公司该怎么处理？望能尽快答复！多谢！
		","请携带相关车辆资料到交警局监控中心举报(景田北路交通监控中心)。中心核实后，如能确认车辆属套牌，一是将取消车辆违法记录；二是将套牌车纳入全省电子布控系统，进行查控。
		
		"
33795,在深圳是不是每个公安民警都有摩托车驾驶证,深圳市公安局交通警察局,2006.11.26,2006.12.13,"请问我在我们自己居民小组生活小区内骑摩托车，没有到市政道路上跑，辖区派出所能否以我只有机动车驾驶证而没有摩托车驾驶证把我定罪？同时我想问在深圳是不是每个交警、巡警及各个派出所的巡防队员都有摩托车驾驶证？如果没有，那么为什么那些没有摩托车驾驶证的人就没有罪啊？正也叫法律面前人人平等吗？请深圳市公安局、深圳市公安交警局给我一个明确的答复。谢谢
		","居民生活小区道路也属公共道路,你的行为违反了交通法无证驾驶的规定,应当受到处罚.公安民警\巡防员都必须持有摩托车驾驶证才允许驾驶摩托车辆.
		
		"
33796,在深圳是不是每个公安民警都有摩托车驾驶证,深圳市公安局交通警察局,2006.11.26,2006.12.13,"请问我在我们自己居民小组生活小区内骑摩托车，没有到市政道路上跑，辖区派出所能否以我只有机动车驾驶证而没有摩托车驾驶证把我定罪？同时我想问在深圳是不是每个交警、巡警及各个派出所的巡防队员都有摩托车驾驶证？如果没有，那么为什么那些没有摩托车驾驶证的人就没有罪啊？正也叫法律面前人人平等吗？请深圳市公安局、深圳市公安交警局给我一个明确的答复。谢谢
		","居民生活小区道路也属公共道路,你的行为违反了交通法无证驾驶的规定,应当受到处罚.公安民警\巡防员都必须持有摩托车驾驶证才允许驾驶摩托车辆.
		
		"
33797,"持有台湾小型汽车驾驶证的人员,如何申领深圳市小型自动挡汽车驾驶证?",深圳市公安局交通警察局,2006.11.24,2006.12.12,"您好, 请问持有台湾小型汽车驾驶证的人员如何申领中华人民共和国深圳市小型自动挡汽车驾驶证? 请n教. 谢谢.
","持境外驾驶证申领机动车驾驶证 一、办事条件： 1、申请人到驾驶证办证大厅2号窗口或市区交警大队车管组和关外车管所领取或在深圳市公安局交警信息网下载《机动车驾驶证申请表》和《机动车驾驶人身体条件证明》。 2、持境外驾驶证的中国公民需要提供《居民身份证》原件及复印件，暂住人员还需提供有效的《暂住证》；持境外驾驶证的外国人还需提供本市公安机关开具的反映其住址的居留证或暂住证明的原件及复印件。 3、有效境外驾驶证或国际驾驶证原件及复印件（非中文表述的外文驾驶证，还需提供区一级以上公证部门出具的翻译文本）。 4、护照原件及复印件。 5、提供本人在深圳市任何一间可照第二代居民身份证相片的照相馆的照相回执或深圳市第二代身份证，四张身份证专用照片（两张分别贴申请表用及体检表格，二张用于制做驾驶证）。未提供以上身份证专用照片的也可在业务受理后在车管所西丽办公点照相（非制服），贴表格的相片自备。（注：二代身份证无法查到联网相片的需在车管所照像。） 二、办事程序： 1、持《机动车驾驶人身体条件证明》到深圳市县级以上医院体检（南山区人民医院在车管所西丽办公点3号楼103设有便民体检点）。 2、持所需资料和相片到车管所驾驶证办证大厅5、6、7、8、9、10、11号窗口受理，领取流水号。 3、持所需资料和流水号到1号楼1楼考试科预约考试。未提供身份证专用照片的还须到1栋301室照相。 4、考试合格后将所有资料交回驾驶证办证大厅4号窗口，领取受理回执。 5、持受理回执到3号楼101室缴纳工本费10元。 6、一周后领取驾驶证（凭身份证或护照、受理回执及驾驶证工本费收据到驾驶证办证大厅3号窗口领取）。 三、办事结果：核发机动车驾驶证 四、服务承诺：所需考试科目考试合格资料审核无误后，在5个工作日内核发机动车驾驶证。 五、收费依据：车管业务行政性收费标准 六、监督投诉渠道：监督投诉渠道：市公安局：110、市交警支队：112、车管：26795666 七、询问及查询方式：电话咨询26785767或网上查询。
		
		"
33798,"持有台湾小型汽车驾驶证的人员,如何申领深圳市小型自动挡汽车驾驶证?",深圳市公安局交通警察局,2006.11.24,2006.12.12,"您好, 请问持有台湾小型汽车驾驶证的人员如何申领中华人民共和国深圳市小型自动挡汽车驾驶证? 请n教. 谢谢.
","持境外驾驶证申领机动车驾驶证 一、办事条件： 1、申请人到驾驶证办证大厅2号窗口或市区交警大队车管组和关外车管所领取或在深圳市公安局交警信息网下载《机动车驾驶证申请表》和《机动车驾驶人身体条件证明》。 2、持境外驾驶证的中国公民需要提供《居民身份证》原件及复印件，暂住人员还需提供有效的《暂住证》；持境外驾驶证的外国人还需提供本市公安机关开具的反映其住址的居留证或暂住证明的原件及复印件。 3、有效境外驾驶证或国际驾驶证原件及复印件（非中文表述的外文驾驶证，还需提供区一级以上公证部门出具的翻译文本）。 4、护照原件及复印件。 5、提供本人在深圳市任何一间可照第二代居民身份证相片的照相馆的照相回执或深圳市第二代身份证，四张身份证专用照片（两张分别贴申请表用及体检表格，二张用于制做驾驶证）。未提供以上身份证专用照片的也可在业务受理后在车管所西丽办公点照相（非制服），贴表格的相片自备。（注：二代身份证无法查到联网相片的需在车管所照像。） 二、办事程序： 1、持《机动车驾驶人身体条件证明》到深圳市县级以上医院体检（南山区人民医院在车管所西丽办公点3号楼103设有便民体检点）。 2、持所需资料和相片到车管所驾驶证办证大厅5、6、7、8、9、10、11号窗口受理，领取流水号。 3、持所需资料和流水号到1号楼1楼考试科预约考试。未提供身份证专用照片的还须到1栋301室照相。 4、考试合格后将所有资料交回驾驶证办证大厅4号窗口，领取受理回执。 5、持受理回执到3号楼101室缴纳工本费10元。 6、一周后领取驾驶证（凭身份证或护照、受理回执及驾驶证工本费收据到驾驶证办证大厅3号窗口领取）。 三、办事结果：核发机动车驾驶证 四、服务承诺：所需考试科目考试合格资料审核无误后，在5个工作日内核发机动车驾驶证。 五、收费依据：车管业务行政性收费标准 六、监督投诉渠道：监督投诉渠道：市公安局：110、市交警支队：112、车管：26795666 七、询问及查询方式：电话咨询26785767或网上查询。
		
		"
33799,车改,深圳市公安局交通警察局,2006.11.20,2006.12.12,"说了那么久的公车改革何时能有个说法？
		","不属我局业务范围.
		
		"
33800,车改,深圳市公安局交通警察局,2006.11.20,2006.12.12,"说了那么久的公车改革何时能有个说法？
		","不属我局业务范围.
		
		"
33801,深圳交通违章网显示的内容从哪儿来?,深圳市公安局交通警察局,2006.11.24,2006.12.12,"本人粤B/HK436小车,在深圳网上有本人于2005年7月在东莞厚街违章记录,本人从未收到东莞任何文字通知,也不知道有该违章记录,本人每周都会登陆,也没有该记录.本月20号突然有违章记录,本人于今日<10月23日>下午到位于厚街博览大道的厚街交警大队查寻,却被告知;我没有任何违章! 请教:该违章记录怎么来的? 望给予答复. 谢谢!
","违章内容均为全省联网记录,请你仔细咨询东莞相关部门,以免影响车辆违章的处理.
		
		"
33802,道路何时还于民呢????,深圳市公安局交通警察局,2006.12.08,2006.12.12,"107国道三期施工一年了，福永桥底有个人行隧道被封闭了好久，行人走在大路上，要转好远的路，而且十分多车，经常造成交通事故，我每天上班真是好危险啊。准确什么时候才能重开人行隧道呢？？？急盼回复！！！！！！！！！
		","工路施工，不属我局业务,请咨询交通部门。
		
		"
33803,道路何时还于民呢????,深圳市公安局交通警察局,2006.12.08,2006.12.12,"107国道三期施工一年了，福永桥底有个人行隧道被封闭了好久，行人走在大路上，要转好远的路，而且十分多车，经常造成交通事故，我每天上班真是好危险啊。准确什么时候才能重开人行隧道呢？？？急盼回复！！！！！！！！！
		","工路施工，不属我局业务,请咨询交通部门。
		
		"
33804,深圳交通违章网显示的内容从哪儿来?,深圳市公安局交通警察局,2006.11.24,2006.12.12,"本人粤B/HK436小车,在深圳网上有本人于2005年7月在东莞厚街违章记录,本人从未收到东莞任何文字通知,也不知道有该违章记录,本人每周都会登陆,也没有该记录.本月20号突然有违章记录,本人于今日<10月23日>下午到位于厚街博览大道的厚街交警大队查寻,却被告知;我没有任何违章! 请教:该违章记录怎么来的? 望给予答复. 谢谢!
","违章内容均为全省联网记录,请你仔细咨询东莞相关部门,以免影响车辆违章的处理.
		
		"
